school,year,asset_count,parsed_asset_count,target_asset_count,explicit_admission_asset_count,reference_n,reference_min,reference_median,reference_max,extracted_n,extracted_min,extracted_median,extracted_max,model_n,model_min,model_median,model_max,q10_exact,validation_pass,validation_status,validation_tier,selected_asset_count,match_penalty,model_label_eligible
上海交通大学,2022,1,1,1,1,44.0,,414.5,437.0,44,401.0,414.5,437.0,44,401.0,414.5,437.0,404.3,True,count_available_summary_and_structure_reconciled,count_available_summary_and_structure_reconciled,1,0.0,True
上海交通大学,2023,1,1,1,1,49.0,365.0,,,49,342.0,392.0,423.0,48,365.0,393.0,423.0,374.0,True,count_available_summary_and_structure_reconciled,count_available_summary_and_structure_reconciled,1,23.0,True
上海交通大学,2024,1,1,1,1,52.0,384.0,406.5,434.0,52,384.0,406.5,434.0,51,384.0,407.0,434.0,389.0,True,four_summary_reconciled,four_summary_reconciled,1,0.0,True
上海交通大学,2025,1,1,1,1,61.0,375.0,399.0,436.0,61,375.0,399.0,436.0,60,375.0,398.5,436.0,381.8,True,four_summary_reconciled,four_summary_reconciled,1,0.0,True
上海交通大学,2026,1,1,1,1,52.0,390.0,416.0,435.0,51,390.0,417.0,435.0,50,390.0,417.0,435.0,,False,summary_mismatch,not_reconciled,0,21.0,False
上海大学,2023,2,1,1,0,10.0,357.0,,,0,,,,0,,,,,False,independent_summary_incomplete,not_reconciled,0,,False
上海大学,2024,2,1,1,1,20.0,359.0,,,14,306.0,325.5,339.0,13,306.0,325.0,339.0,,False,independent_summary_incomplete,not_reconciled,0,173.0,False
上海大学,2025,2,2,2,1,16.0,331.0,,,5,236.0,254.0,256.0,5,236.0,254.0,256.0,,False,independent_summary_incomplete,not_reconciled,0,315.0,False
上海大学,2026,2,1,1,1,13.0,341.0,359.0,399.0,10,341.0,358.5,397.0,10,341.0,358.5,397.0,,False,summary_mismatch,not_reconciled,0,62.5,False
上海财经大学,2022,2,2,2,0,190.0,,,,0,,,,0,,,,,False,independent_summary_incomplete,not_reconciled,0,,False
上海财经大学,2023,3,3,3,2,188.0,364.0,,,94,364.0,391.0,437.0,94,364.0,391.0,437.0,,False,independent_summary_incomplete,not_reconciled,0,1880.0,False
上海财经大学,2024,3,3,3,3,95.0,339.0,394.0,437.0,89,339.0,392.0,437.0,89,339.0,392.0,437.0,,False,summary_mismatch,not_reconciled,0,122.0,False
上海财经大学,2025,3,3,3,3,131.0,324.0,,,132,324.0,363.5,410.0,132,324.0,363.5,410.0,,False,independent_summary_incomplete,not_reconciled,0,20.0,False
上海财经大学,2026,3,2,2,2,97.0,336.0,390.0,443.0,93,355.0,390.0,443.0,93,355.0,390.0,443.0,,False,summary_mismatch,not_reconciled,0,99.0,False
东北农业大学,2025,1,0,0,0,3.0,326.0,,,0,,,,0,,,,,False,independent_summary_incomplete,not_reconciled,0,,False
东北农业大学,2026,1,0,0,0,4.0,345.0,353.0,356.0,0,,,,0,,,,,False,no_explicit_admitted_rows,not_reconciled,0,,False
东北大学,2022,2,2,2,2,30.0,,,,37,390.0,411.0,443.0,37,390.0,411.0,443.0,,False,independent_summary_incomplete,not_reconciled,0,140.0,False
东北大学,2023,2,2,2,2,27.0,377.0,,,27,377.0,400.0,440.0,27,377.0,400.0,440.0,386.8,True,count_available_summary_and_structure_reconciled,count_available_summary_and_structure_reconciled,2,0.0,True
东北大学,2024,3,1,1,1,23.0,359.0,399.0,417.0,17,371.0,387.0,417.0,17,371.0,387.0,417.0,,False,summary_mismatch,not_reconciled,0,144.0,False
东北大学,2025,3,1,1,1,15.0,377.0,392.0,431.0,16,372.0,392.0,431.0,16,372.0,392.0,431.0,,False,summary_mismatch,not_reconciled,0,25.0,False
东北大学,2026,3,2,2,1,20.0,363.0,,,21,362.0,385.0,428.0,21,362.0,385.0,428.0,,False,independent_summary_incomplete,not_reconciled,0,21.0,False
东北师范大学,2022,1,1,1,1,51.0,,,,51,376.0,418.0,449.0,51,376.0,418.0,449.0,,False,independent_summary_incomplete,not_reconciled,0,0.0,False
东北师范大学,2023,1,1,1,1,44.0,363.0,,,44,360.0,389.0,442.0,43,363.0,389.0,442.0,,False,independent_summary_incomplete,not_reconciled,0,3.0,False
东北师范大学,2024,1,1,1,1,36.0,381.0,,,35,381.0,410.0,455.0,34,381.0,410.0,455.0,,False,independent_summary_incomplete,not_reconciled,0,20.0,False
东北师范大学,2025,1,1,1,1,24.0,373.0,390.0,427.0,23,373.0,389.0,427.0,23,373.0,389.0,427.0,,False,summary_mismatch,not_reconciled,0,21.0,False
东北师范大学,2026,1,1,1,1,10.0,364.0,386.0,428.0,12,276.0,382.0,428.0,11,350.0,385.0,428.0,,False,summary_mismatch,not_reconciled,0,132.0,False
东北林业大学,2024,1,0,0,0,4.0,340.0,366.5,394.0,0,,,,0,,,,,False,no_explicit_admitted_rows,not_reconciled,0,,False
东北林业大学,2025,1,1,1,0,10.0,327.0,352.0,412.0,0,,,,0,,,,,False,no_explicit_admitted_rows,not_reconciled,0,,False
东北林业大学,2026,1,1,1,1,21.0,326.0,356.0,402.0,21,326.0,356.0,402.0,21,326.0,356.0,402.0,331.0,True,four_summary_reconciled,four_summary_reconciled,1,0.0,True
东华大学,2022,1,1,1,0,35.0,,,,0,,,,0,,,,,False,independent_summary_incomplete,not_reconciled,0,,False
东华大学,2023,1,1,1,1,40.0,354.0,,,0,,,,0,,,,,False,independent_summary_incomplete,not_reconciled,0,,False
东华大学,2024,1,1,1,1,39.0,371.0,,,0,,,,0,,,,,False,independent_summary_incomplete,not_reconciled,0,,False
东华大学,2025,1,1,1,1,42.0,338.0,,,0,,,,0,,,,,False,independent_summary_incomplete,not_reconciled,0,,False
东华大学,2026,1,1,1,1,25.0,389.0,407.0,442.0,0,,,,0,,,,,False,no_explicit_admitted_rows,not_reconciled,0,,False
东南大学,2022,1,1,1,1,5.0,,415.0,432.0,5,412.0,415.0,432.0,5,412.0,415.0,432.0,,False,independent_summary_incomplete,not_reconciled,0,0.0,False
东南大学,2023,1,1,1,1,11.0,386.0,400.0,437.0,11,386.0,400.0,437.0,11,386.0,400.0,437.0,386.0,True,four_summary_reconciled,four_summary_reconciled,1,0.0,True
东南大学,2024,1,1,1,1,12.0,387.0,412.0,434.0,12,387.0,412.0,434.0,12,387.0,412.0,434.0,392.9,True,four_summary_reconciled,four_summary_reconciled,1,0.0,True
东南大学,2025,1,1,1,1,15.0,352.0,,,15,351.0,362.0,394.0,15,351.0,362.0,394.0,,False,independent_summary_incomplete,not_reconciled,0,1.0,False
东南大学,2026,1,1,1,1,19.0,397.0,413.0,442.0,19,397.0,413.0,442.0,19,397.0,413.0,442.0,401.8,True,four_summary_reconciled,four_summary_reconciled,1,0.0,True
中南大学,2022,1,1,1,1,15.0,,409.0,434.0,0,,,,0,,,,,False,independent_summary_incomplete,not_reconciled,0,,False
中南大学,2023,1,1,1,1,21.0,,,,0,,,,0,,,,,False,independent_summary_incomplete,not_reconciled,0,,False
中南大学,2024,1,1,1,1,28.0,391.0,,,27,391.0,411.0,439.0,27,391.0,411.0,439.0,,False,independent_summary_incomplete,not_reconciled,0,20.0,False
中南大学,2025,1,1,1,1,27.0,370.0,383.0,421.0,27,370.0,383.0,421.0,26,370.0,383.5,421.0,374.5,True,four_summary_reconciled,four_summary_reconciled,1,0.0,True
中南大学,2026,1,1,1,1,27.0,402.0,415.0,435.0,28,402.0,414.5,435.0,28,402.0,414.5,435.0,,False,summary_mismatch,not_reconciled,0,20.5,False
中南财经政法大学,2022,1,1,1,1,112.0,,,,112,345.0,404.0,444.0,112,345.0,404.0,444.0,,False,independent_summary_incomplete,not_reconciled,0,0.0,False
中南财经政法大学,2023,1,1,1,1,123.0,382.0,,,123,349.0,403.0,435.0,123,349.0,403.0,435.0,,False,independent_summary_incomplete,not_reconciled,0,33.0,False
中南财经政法大学,2024,1,1,1,1,119.0,365.0,,,113,357.0,384.0,423.0,112,364.0,384.5,423.0,,False,independent_summary_incomplete,not_reconciled,0,128.0,False
中南财经政法大学,2025,1,1,1,1,178.0,323.0,346.0,437.0,179,323.0,346.0,437.0,179,323.0,346.0,437.0,,False,summary_mismatch,not_reconciled,0,20.0,False
中南财经政法大学,2026,1,1,1,1,154.0,358.0,381.0,426.0,153,354.0,380.0,426.0,152,358.0,380.5,426.0,,False,summary_mismatch,not_reconciled,0,25.0,False
中国人民大学,2022,2,2,2,0,62.0,,,,0,,,,0,,,,,False,independent_summary_incomplete,not_reconciled,0,,False
中国人民大学,2023,2,2,2,0,25.0,383.0,,,0,,,,0,,,,,False,independent_summary_incomplete,not_reconciled,0,,False
中国人民大学,2024,2,2,2,2,29.0,405.0,419.0,450.0,29,405.0,419.0,450.0,29,405.0,419.0,450.0,407.6,True,four_summary_reconciled,four_summary_reconciled,2,0.0,True
中国人民大学,2025,2,2,2,0,28.0,358.0,,,0,,,,0,,,,,False,independent_summary_incomplete,not_reconciled,0,,False
中国人民大学,2026,2,2,2,2,46.0,344.0,400.5,434.0,45,344.0,401.0,434.0,45,344.0,401.0,434.0,,False,summary_mismatch,not_reconciled,0,20.5,False
中国地质大学（北京）,2022,1,1,1,1,20.0,,,,26,345.0,402.5,436.0,26,345.0,402.5,436.0,,False,independent_summary_incomplete,not_reconciled,0,120.0,False
中国地质大学（北京）,2023,1,1,1,1,12.0,346.0,,,12,351.0,373.5,402.0,11,351.0,372.0,402.0,,False,independent_summary_incomplete,not_reconciled,0,5.0,False
中国地质大学（北京）,2024,1,1,1,1,19.0,361.0,,,19,283.0,388.0,412.0,18,283.0,389.5,412.0,,False,independent_summary_incomplete,not_reconciled,0,78.0,False
中国地质大学（北京）,2025,1,1,1,1,15.0,361.0,380.0,409.0,15,361.0,380.0,409.0,15,361.0,380.0,409.0,364.0,True,four_summary_reconciled,four_summary_reconciled,1,0.0,True
中国地质大学（北京）,2026,1,1,1,1,12.0,380.0,400.0,430.0,10,329.0,395.5,430.0,10,329.0,395.5,430.0,,False,summary_mismatch,not_reconciled,0,95.5,False
中国地质大学（武汉）,2022,2,2,2,1,56.0,,,,39,370.0,397.0,417.0,39,370.0,397.0,417.0,,False,independent_summary_incomplete,not_reconciled,0,340.0,False
中国地质大学（武汉）,2023,2,2,2,1,45.0,346.0,,,32,376.0,395.5,416.0,31,376.0,396.0,416.0,,False,independent_summary_incomplete,not_reconciled,0,290.0,False
中国地质大学（武汉）,2024,2,2,2,2,46.0,358.0,393.0,421.0,43,358.0,393.0,421.0,43,358.0,393.0,421.0,,False,summary_mismatch,not_reconciled,0,60.0,False
中国地质大学（武汉）,2025,2,2,2,2,40.0,349.0,379.0,415.0,40,349.0,379.0,415.0,40,349.0,379.0,415.0,364.9,True,four_summary_reconciled,four_summary_reconciled,2,0.0,True
中国地质大学（武汉）,2026,2,2,2,2,28.0,326.0,373.5,420.0,27,326.0,373.0,420.0,27,326.0,373.0,420.0,,False,summary_mismatch,not_reconciled,0,20.5,False
中国海洋大学,2022,1,1,1,1,17.0,,,,17,369.0,383.0,415.0,17,369.0,383.0,415.0,,False,independent_summary_incomplete,not_reconciled,0,0.0,False
中国海洋大学,2023,1,1,1,0,19.0,390.0,,,0,,,,0,,,,,False,independent_summary_incomplete,not_reconciled,0,,False
中国海洋大学,2024,1,1,1,1,11.0,397.0,,,11,389.0,411.0,439.0,11,389.0,411.0,439.0,,False,independent_summary_incomplete,not_reconciled,0,8.0,False
中国海洋大学,2025,1,1,1,0,15.0,370.0,,,0,,,,0,,,,,False,independent_summary_incomplete,not_reconciled,0,,False
中国海洋大学,2026,1,1,1,1,11.0,398.0,409.0,427.0,11,398.0,409.0,427.0,11,398.0,409.0,427.0,399.0,True,four_summary_reconciled,four_summary_reconciled,1,0.0,True
中国石油大学（北京）,2022,1,1,1,1,17.0,,,,6,363.0,382.0,396.0,6,363.0,382.0,396.0,,False,independent_summary_incomplete,not_reconciled,0,220.0,False
中国石油大学（北京）,2023,1,1,1,1,9.0,385.0,,,9,385.0,412.0,434.0,9,385.0,412.0,434.0,394.6,True,count_available_summary_and_structure_reconciled,count_available_summary_and_structure_reconciled,1,0.0,False
中国石油大学（北京）,2024,2,0,0,0,9.0,354.0,365.0,417.0,0,,,,0,,,,,False,no_explicit_admitted_rows,not_reconciled,0,,False
中国石油大学（北京）,2025,2,1,1,0,14.0,342.0,355.5,399.0,0,,,,0,,,,,False,no_explicit_admitted_rows,not_reconciled,0,,False
中国石油大学（北京）,2026,2,1,1,1,11.0,370.0,386.0,436.0,10,377.0,392.5,436.0,10,377.0,392.5,436.0,,False,summary_mismatch,not_reconciled,0,33.5,False
中国石油大学（华东）,2022,1,1,1,0,21.0,,,,0,,,,0,,,,,False,independent_summary_incomplete,not_reconciled,0,,False
中国石油大学（华东）,2023,1,1,1,1,28.0,369.0,,,28,369.0,394.5,431.0,27,369.0,395.0,431.0,,False,independent_summary_incomplete,not_reconciled,0,0.0,False
中国石油大学（华东）,2024,1,1,1,1,23.0,349.0,373.0,415.0,25,349.0,372.0,415.0,25,349.0,372.0,415.0,,False,summary_mismatch,not_reconciled,0,41.0,False
中国石油大学（华东）,2025,1,1,1,0,24.0,359.0,,,0,,,,0,,,,,False,independent_summary_incomplete,not_reconciled,0,,False
中国石油大学（华东）,2026,1,1,1,0,21.0,367.0,386.0,414.0,0,,,,0,,,,,False,no_explicit_admitted_rows,not_reconciled,0,,False
中国科学技术大学,2022,1,1,1,0,6.0,394.0,,,0,,,,0,,,,,False,independent_summary_incomplete,not_reconciled,0,,False
中国科学技术大学,2023,1,1,1,1,10.0,,394.5,434.0,10,382.0,394.5,434.0,10,382.0,394.5,434.0,384.7,True,count_available_summary_and_structure_reconciled,count_available_summary_and_structure_reconciled,1,0.0,True
中国科学技术大学,2024,1,1,1,1,11.0,380.0,404.0,437.0,9,380.0,414.0,437.0,9,380.0,414.0,437.0,,False,summary_mismatch,not_reconciled,0,50.0,False
中国科学技术大学,2025,1,1,1,0,12.0,343.0,377.5,437.0,0,,,,0,,,,,False,no_explicit_admitted_rows,not_reconciled,0,,False
中国科学技术大学,2026,1,1,1,1,12.0,392.0,403.5,432.0,11,392.0,403.0,432.0,11,392.0,403.0,432.0,,False,summary_mismatch,not_reconciled,0,20.5,False
中国药科大学,2022,1,1,1,1,14.0,388.0,,,14,388.0,400.0,436.0,14,388.0,400.0,436.0,391.6,True,count_available_summary_and_structure_reconciled,count_available_summary_and_structure_reconciled,1,0.0,True
中国药科大学,2023,1,1,1,1,11.0,349.0,358.0,412.0,11,349.0,364.0,412.0,11,349.0,364.0,412.0,,False,summary_mismatch,not_reconciled,0,6.0,False
中国药科大学,2024,1,1,1,1,8.0,338.0,363.5,403.0,8,338.0,363.5,403.0,8,338.0,363.5,403.0,345.7,True,four_summary_reconciled,four_summary_reconciled,1,0.0,False
中国药科大学,2025,1,1,1,1,12.0,334.0,362.0,388.0,12,334.0,362.0,388.0,12,334.0,362.0,388.0,341.0,True,four_summary_reconciled,four_summary_reconciled,1,0.0,True
中国药科大学,2026,1,1,1,1,10.0,341.0,367.5,422.0,10,341.0,367.5,422.0,10,341.0,367.5,422.0,346.4,True,four_summary_reconciled,four_summary_reconciled,1,0.0,True
中央民族大学,2022,1,1,1,1,55.0,,,,70,368.0,393.0,428.0,70,368.0,393.0,428.0,,False,independent_summary_incomplete,not_reconciled,0,300.0,False
中央民族大学,2023,1,1,1,1,69.0,386.0,,,69,346.0,402.0,435.0,69,346.0,402.0,435.0,,False,independent_summary_incomplete,not_reconciled,0,40.0,False
中央民族大学,2024,1,1,1,1,58.0,372.0,392.5,434.0,58,372.0,392.5,434.0,58,372.0,392.5,434.0,378.4,True,four_summary_reconciled,four_summary_reconciled,1,0.0,True
中央民族大学,2025,1,1,1,1,82.0,370.0,,,82,326.0,392.5,424.0,82,326.0,392.5,424.0,,False,independent_summary_incomplete,not_reconciled,0,44.0,False
中央民族大学,2026,1,1,1,1,71.0,382.0,400.0,438.0,71,382.0,400.0,438.0,71,382.0,400.0,438.0,386.0,True,four_summary_reconciled,four_summary_reconciled,1,0.0,True
中央财经大学,2022,1,1,1,1,45.0,,,,0,,,,0,,,,,False,independent_summary_incomplete,not_reconciled,0,,False
中央财经大学,2023,1,1,1,1,50.0,371.0,,,41,445.0,488.0,499.0,41,445.0,488.0,499.0,,False,independent_summary_incomplete,not_reconciled,0,254.0,False
中央财经大学,2024,1,1,1,1,53.0,385.0,,,51,374.0,403.0,449.0,50,374.0,403.0,449.0,,False,independent_summary_incomplete,not_reconciled,0,51.0,False
中央财经大学,2025,1,1,1,1,59.0,343.0,,,59,339.0,364.0,418.0,58,343.0,364.0,418.0,345.7,True,count_available_summary_and_structure_reconciled,count_available_summary_and_structure_reconciled,1,4.0,True
中央财经大学,2026,1,1,1,1,62.0,369.0,393.0,432.0,63,348.0,393.0,432.0,62,369.0,393.0,432.0,375.0,True,count_available_summary_and_structure_reconciled,count_available_summary_and_structure_reconciled,1,41.0,True
中山大学,2022,1,1,1,1,51.0,,,,49,366.0,415.0,451.0,49,366.0,415.0,451.0,,False,independent_summary_incomplete,not_reconciled,0,40.0,False
中山大学,2023,2,2,2,1,44.0,380.0,,,35,397.0,408.0,438.0,34,397.0,408.0,438.0,,False,independent_summary_incomplete,not_reconciled,0,197.0,False
中山大学,2024,2,2,2,2,48.0,396.0,,,47,396.0,432.0,459.0,47,396.0,432.0,459.0,,False,independent_summary_incomplete,not_reconciled,0,20.0,False
中山大学,2025,2,2,2,2,46.0,331.0,375.5,426.0,50,331.0,368.5,426.0,48,331.0,368.5,426.0,,False,summary_mismatch,not_reconciled,0,87.0,False
中山大学,2026,2,2,2,2,44.0,367.0,406.0,450.0,39,379.0,409.0,450.0,39,379.0,409.0,450.0,,False,summary_mismatch,not_reconciled,0,115.0,False
云南大学,2022,1,1,1,0,95.0,,,,0,,,,0,,,,,False,independent_summary_incomplete,not_reconciled,0,,False
云南大学,2023,1,1,1,0,100.0,341.0,,,0,,,,0,,,,,False,independent_summary_incomplete,not_reconciled,0,,False
云南大学,2024,1,1,1,1,115.0,331.0,,,114,331.0,367.0,415.0,113,331.0,367.0,415.0,,False,independent_summary_incomplete,not_reconciled,0,20.0,False
云南大学,2025,1,1,1,0,122.0,318.0,,,0,,,,0,,,,,False,independent_summary_incomplete,not_reconciled,0,,False
云南大学,2026,1,1,1,1,145.0,339.0,364.0,419.0,144,339.0,364.0,419.0,144,339.0,364.0,419.0,,False,summary_mismatch,not_reconciled,0,20.0,False
兰州大学,2022,1,1,1,1,52.0,,,,52,376.0,402.5,445.0,52,376.0,402.5,445.0,,False,independent_summary_incomplete,not_reconciled,0,0.0,False
兰州大学,2023,1,1,1,1,60.0,,,,0,,,,0,,,,,False,independent_summary_incomplete,not_reconciled,0,,False
兰州大学,2024,1,1,1,1,56.0,366.0,397.5,439.0,53,366.0,403.0,448.0,53,366.0,403.0,448.0,,False,summary_mismatch,not_reconciled,0,74.5,False
兰州大学,2025,1,1,1,1,77.0,356.0,,,77,350.0,394.0,439.0,76,356.0,394.5,439.0,364.5,True,count_available_summary_and_structure_reconciled,count_available_summary_and_structure_reconciled,1,6.0,True
兰州大学,2026,1,1,1,1,68.0,370.0,412.0,463.0,66,370.0,411.0,463.0,66,370.0,411.0,463.0,,False,summary_mismatch,not_reconciled,0,41.0,False
内蒙古大学,2022,1,1,1,0,50.0,,,,0,,,,0,,,,,False,independent_summary_incomplete,not_reconciled,0,,False
内蒙古大学,2023,1,1,1,1,50.0,339.0,,,50,339.0,368.5,424.0,50,339.0,368.5,424.0,344.9,True,count_available_summary_and_structure_reconciled,count_available_summary_and_structure_reconciled,1,0.0,True
内蒙古大学,2024,1,1,1,0,42.0,328.0,,,0,,,,0,,,,,False,independent_summary_incomplete,not_reconciled,0,,False
内蒙古大学,2025,1,1,1,0,36.0,314.0,,,0,,,,0,,,,,False,independent_summary_incomplete,not_reconciled,0,,False
内蒙古大学,2026,1,1,1,1,44.0,315.0,365.5,415.0,44,315.0,365.5,415.0,44,315.0,365.5,415.0,324.6,True,four_summary_reconciled,four_summary_reconciled,1,0.0,True
北京交通大学,2022,1,1,1,1,13.0,406.0,,,0,,,,0,,,,,False,independent_summary_incomplete,not_reconciled,0,,False
北京交通大学,2023,1,1,1,1,11.0,388.0,399.0,429.0,11,392.0,404.0,429.0,11,392.0,404.0,429.0,,False,summary_mismatch,not_reconciled,0,9.0,False
北京交通大学,2024,1,1,1,1,12.0,370.0,399.0,425.0,11,370.0,398.0,425.0,11,370.0,398.0,425.0,,False,summary_mismatch,not_reconciled,0,21.0,False
北京交通大学,2025,1,1,1,1,21.0,363.0,382.0,401.0,21,363.0,382.0,401.0,21,363.0,382.0,401.0,369.0,True,four_summary_reconciled,four_summary_reconciled,1,0.0,True
北京交通大学,2026,2,2,2,1,17.0,341.0,402.0,428.0,10,392.0,408.5,428.0,10,392.0,408.5,428.0,,False,summary_mismatch,not_reconciled,0,197.5,False
北京工业大学,2022,1,1,1,1,16.0,,,,16,415.0,428.5,444.0,16,415.0,428.5,444.0,,False,independent_summary_incomplete,not_reconciled,0,0.0,False
北京工业大学,2023,1,1,1,1,23.0,352.0,,,23,352.0,393.0,422.0,23,352.0,393.0,422.0,357.6,True,count_available_summary_and_structure_reconciled,count_available_summary_and_structure_reconciled,1,0.0,True
北京工业大学,2024,1,1,1,1,21.0,353.0,379.0,404.0,20,353.0,378.5,402.0,20,353.0,378.5,402.0,,False,summary_mismatch,not_reconciled,0,22.5,False
北京工业大学,2025,1,1,1,1,19.0,376.0,390.0,410.0,19,376.0,390.0,410.0,19,376.0,390.0,410.0,376.8,True,four_summary_reconciled,four_summary_reconciled,1,0.0,True
北京工业大学,2026,1,1,1,1,13.0,398.0,401.0,417.0,10,398.0,405.0,417.0,10,398.0,405.0,417.0,,False,summary_mismatch,not_reconciled,0,64.0,False
北京师范大学,2023,3,3,3,1,212.0,390.0,,,76,390.0,404.0,440.0,76,390.0,404.0,440.0,,False,independent_summary_incomplete,not_reconciled,0,2720.0,False
北京师范大学,2024,3,3,3,3,216.0,375.0,397.0,435.0,206,375.0,396.5,435.0,206,375.0,396.5,435.0,,False,summary_mismatch,not_reconciled,0,200.5,False
北京师范大学,2025,3,3,3,2,247.0,345.0,369.0,415.0,215,347.0,369.0,415.0,215,347.0,369.0,415.0,,False,summary_mismatch,not_reconciled,0,642.0,False
北京师范大学,2026,3,3,3,3,264.0,375.0,405.0,443.0,252,375.0,406.0,443.0,252,375.0,406.0,443.0,,False,summary_mismatch,not_reconciled,0,241.0,False
北京林业大学,2022,1,1,1,1,42.0,,,,0,,,,0,,,,,False,independent_summary_incomplete,not_reconciled,0,,False
北京林业大学,2023,1,1,1,0,35.0,375.0,,,0,,,,0,,,,,False,independent_summary_incomplete,not_reconciled,0,,False
北京林业大学,2024,1,1,1,1,32.0,365.0,,,31,312.0,385.0,422.0,30,365.0,385.0,422.0,,False,independent_summary_incomplete,not_reconciled,0,73.0,False
北京林业大学,2025,1,1,1,0,34.0,338.0,,,0,,,,0,,,,,False,independent_summary_incomplete,not_reconciled,0,,False
北京林业大学,2026,1,1,1,0,33.0,353.0,374.0,424.0,0,,,,0,,,,,False,no_explicit_admitted_rows,not_reconciled,0,,False
华东师范大学,2022,1,1,1,1,45.0,,,,40,378.0,397.5,421.0,40,378.0,397.5,421.0,,False,independent_summary_incomplete,not_reconciled,0,100.0,False
华东师范大学,2023,1,1,1,1,40.0,395.0,,,40,395.0,408.0,435.0,40,395.0,408.0,435.0,399.9,True,count_available_summary_and_structure_reconciled,count_available_summary_and_structure_reconciled,1,0.0,True
华东师范大学,2024,1,1,1,1,68.0,353.0,382.0,422.0,64,353.0,379.5,422.0,64,353.0,379.5,422.0,,False,summary_mismatch,not_reconciled,0,82.5,False
华东师范大学,2025,1,1,1,0,65.0,360.0,,,0,,,,0,,,,,False,independent_summary_incomplete,not_reconciled,0,,False
华东师范大学,2026,1,1,1,1,62.0,392.0,407.0,439.0,58,392.0,407.5,439.0,58,392.0,407.5,439.0,,False,summary_mismatch,not_reconciled,0,80.5,False
华东理工大学,2025,1,1,1,0,21.0,328.0,366.0,404.0,0,,,,0,,,,,False,no_explicit_admitted_rows,not_reconciled,0,,False
华东理工大学,2026,1,1,1,1,28.0,361.0,386.5,433.0,25,361.0,382.0,433.0,25,361.0,382.0,433.0,,False,summary_mismatch,not_reconciled,0,64.5,False
华中农业大学,2022,1,1,1,1,37.0,,,,38,320.0,395.0,432.0,38,320.0,395.0,432.0,,False,independent_summary_incomplete,not_reconciled,0,20.0,False
华中农业大学,2023,1,1,1,1,27.0,346.0,,,27,346.0,367.0,439.0,27,346.0,367.0,439.0,354.2,True,count_available_summary_and_structure_reconciled,count_available_summary_and_structure_reconciled,1,0.0,True
华中农业大学,2024,1,1,1,1,16.0,371.0,393.5,417.0,15,371.0,393.0,417.0,15,371.0,393.0,417.0,,False,summary_mismatch,not_reconciled,0,20.5,False
华中农业大学,2025,1,1,1,1,12.0,367.0,372.0,403.0,12,367.0,372.0,403.0,12,367.0,372.0,403.0,368.1,True,four_summary_reconciled,four_summary_reconciled,1,0.0,True
华中农业大学,2026,1,0,0,0,6.0,326.0,341.0,396.0,0,,,,0,,,,,False,no_explicit_admitted_rows,not_reconciled,0,,False
华中师范大学,2022,1,1,1,1,26.0,,394.5,431.0,26,367.0,394.5,431.0,26,367.0,394.5,431.0,373.0,True,count_available_summary_and_structure_reconciled,count_available_summary_and_structure_reconciled,1,0.0,True
华中师范大学,2023,1,1,1,1,30.0,362.0,,,7,212.0,318.0,378.0,7,212.0,318.0,378.0,,False,independent_summary_incomplete,not_reconciled,0,610.0,False
华中师范大学,2024,1,1,1,1,32.0,372.0,388.0,428.0,32,372.0,388.0,428.0,32,372.0,388.0,428.0,375.1,True,four_summary_reconciled,four_summary_reconciled,1,0.0,True
华中师范大学,2025,1,1,1,1,40.0,361.0,387.5,426.0,40,361.0,387.5,426.0,40,361.0,387.5,426.0,375.0,True,four_summary_reconciled,four_summary_reconciled,1,0.0,True
华中师范大学,2026,1,1,1,1,35.0,357.0,381.0,432.0,34,357.0,380.0,432.0,34,357.0,380.0,432.0,,False,summary_mismatch,not_reconciled,0,21.0,False
华中科技大学,2022,1,1,1,1,14.0,,,,19,339.0,396.0,436.0,19,339.0,396.0,436.0,,False,independent_summary_incomplete,not_reconciled,0,100.0,False
华中科技大学,2023,1,1,1,0,10.0,377.0,,,0,,,,0,,,,,False,independent_summary_incomplete,not_reconciled,0,,False
华中科技大学,2024,1,1,1,1,25.0,370.0,389.0,414.0,25,370.0,389.0,414.0,25,370.0,389.0,414.0,376.6,True,four_summary_reconciled,four_summary_reconciled,1,0.0,True
华中科技大学,2025,1,1,1,1,31.0,366.0,383.0,419.0,31,366.0,383.0,419.0,30,366.0,383.0,419.0,367.9,True,four_summary_reconciled,four_summary_reconciled,1,0.0,True
华中科技大学,2026,1,1,1,1,29.0,376.0,392.0,427.0,28,376.0,391.0,427.0,28,376.0,391.0,427.0,,False,summary_mismatch,not_reconciled,0,21.0,False
华北电力大学,2022,2,2,2,1,86.0,360.0,,,0,,,,0,,,,,False,independent_summary_incomplete,not_reconciled,0,,False
华北电力大学,2023,2,2,2,0,67.0,346.0,381.0,441.0,0,,,,0,,,,,False,no_explicit_admitted_rows,not_reconciled,0,,False
华北电力大学,2024,2,2,2,2,83.0,338.0,376.0,426.0,81,338.0,376.0,426.0,81,338.0,376.0,426.0,,False,summary_mismatch,not_reconciled,0,40.0,False
华北电力大学,2025,2,2,2,1,67.0,326.0,,,19,340.0,370.0,391.0,19,340.0,370.0,391.0,,False,independent_summary_incomplete,not_reconciled,0,974.0,False
华北电力大学,2026,2,2,2,2,54.0,372.0,394.5,438.0,51,372.0,392.0,438.0,51,372.0,392.0,438.0,,False,summary_mismatch,not_reconciled,0,62.5,False
华南师范大学,2023,2,2,2,1,16.0,347.0,,,10,347.0,390.0,423.0,10,347.0,390.0,423.0,,False,independent_summary_incomplete,not_reconciled,0,120.0,False
华南师范大学,2024,2,2,2,0,34.0,340.0,393.0,437.0,0,,,,0,,,,,False,no_explicit_admitted_rows,not_reconciled,0,,False
华南师范大学,2025,2,2,2,1,49.0,330.0,,,13,330.0,359.0,432.0,13,330.0,359.0,432.0,,False,independent_summary_incomplete,not_reconciled,0,720.0,False
华南师范大学,2026,2,2,2,2,37.0,343.0,400.0,436.0,35,343.0,401.0,436.0,35,343.0,401.0,436.0,,False,summary_mismatch,not_reconciled,0,41.0,False
南京农业大学,2024,1,0,0,0,2.0,404.0,408.5,413.0,0,,,,0,,,,,False,no_explicit_admitted_rows,not_reconciled,0,,False
南京农业大学,2026,1,0,0,0,4.0,372.0,396.0,404.0,0,,,,0,,,,,False,no_explicit_admitted_rows,not_reconciled,0,,False
南京大学,2022,1,0,0,0,8.0,,,,0,,,,0,,,,,False,independent_summary_incomplete,not_reconciled,0,,False
南京大学,2023,1,1,1,0,5.0,370.0,384.0,400.0,0,,,,0,,,,,False,no_explicit_admitted_rows,not_reconciled,0,,False
南京大学,2024,1,1,1,1,7.0,388.0,398.0,420.0,6,388.0,397.5,420.0,6,388.0,397.5,420.0,,False,summary_mismatch,not_reconciled,0,20.5,False
南京大学,2025,1,1,1,1,14.0,359.0,383.5,421.0,14,359.0,383.5,421.0,14,359.0,383.5,421.0,367.6,True,four_summary_reconciled,four_summary_reconciled,1,0.0,True
南京大学,2026,1,1,1,1,11.0,409.0,424.0,449.0,11,409.0,424.0,449.0,11,409.0,424.0,449.0,415.0,True,four_summary_reconciled,four_summary_reconciled,1,0.0,True
南京师范大学,2022,1,0,0,0,10.0,,406.0,427.0,0,,,,0,,,,,False,independent_summary_incomplete,not_reconciled,0,,False
南京师范大学,2023,1,1,1,1,9.0,372.0,,,9,372.0,405.0,429.0,9,372.0,405.0,429.0,388.0,True,count_available_summary_and_structure_reconciled,count_available_summary_and_structure_reconciled,1,0.0,False
南京师范大学,2024,1,1,1,1,9.0,381.0,398.0,412.0,7,381.0,394.0,412.0,7,381.0,394.0,412.0,,False,summary_mismatch,not_reconciled,0,44.0,False
南京师范大学,2025,1,1,1,1,9.0,364.0,391.0,425.0,9,364.0,391.0,425.0,9,364.0,391.0,425.0,367.2,True,four_summary_reconciled,four_summary_reconciled,1,0.0,False
南京师范大学,2026,1,1,1,1,14.0,355.0,407.0,420.0,2,367.0,392.0,417.0,2,367.0,392.0,417.0,,False,summary_mismatch,not_reconciled,0,270.0,False
南京理工大学,2025,1,1,1,0,7.0,344.0,373.0,408.0,0,,,,0,,,,,False,no_explicit_admitted_rows,not_reconciled,0,,False
南京理工大学,2026,1,1,1,1,15.0,375.0,394.0,423.0,15,375.0,394.0,423.0,15,375.0,394.0,423.0,377.8,True,four_summary_reconciled,four_summary_reconciled,1,0.0,True
南京航空航天大学,2025,1,1,1,1,19.0,358.0,,,19,344.0,377.0,410.0,18,358.0,378.0,410.0,362.5,True,count_available_summary_and_structure_reconciled,count_available_summary_and_structure_reconciled,1,14.0,True
南京航空航天大学,2026,1,1,1,1,22.0,395.0,419.0,450.0,22,395.0,419.0,450.0,22,395.0,419.0,450.0,407.2,True,four_summary_reconciled,four_summary_reconciled,1,0.0,True
南昌大学,2023,1,1,1,0,15.0,349.0,367.0,400.0,0,,,,0,,,,,False,no_explicit_admitted_rows,not_reconciled,0,,False
南昌大学,2024,1,1,1,1,24.0,382.0,392.5,419.0,23,382.0,391.0,419.0,23,382.0,391.0,419.0,,False,summary_mismatch,not_reconciled,0,21.5,False
南昌大学,2025,1,1,1,0,35.0,352.0,,,0,,,,0,,,,,False,independent_summary_incomplete,not_reconciled,0,,False
南昌大学,2026,1,1,1,1,29.0,378.0,393.0,420.0,28,378.0,392.0,420.0,28,378.0,392.0,420.0,,False,summary_mismatch,not_reconciled,0,21.0,False
厦门大学,2022,2,2,2,2,23.0,,,,20,405.0,419.5,437.0,20,405.0,419.5,437.0,,False,independent_summary_incomplete,not_reconciled,0,60.0,False
厦门大学,2023,2,2,2,2,36.0,362.0,,,36,362.0,390.0,424.0,36,362.0,390.0,424.0,366.5,True,count_available_summary_and_structure_reconciled,count_available_summary_and_structure_reconciled,2,0.0,True
厦门大学,2024,2,2,2,1,43.0,367.0,,,29,367.0,393.0,418.0,29,367.0,393.0,418.0,,False,independent_summary_incomplete,not_reconciled,0,280.0,False
厦门大学,2025,2,2,2,2,42.0,366.0,,,42,366.0,391.0,409.0,42,366.0,391.0,409.0,,False,independent_summary_incomplete,not_reconciled,0,0.0,False
厦门大学,2026,1,1,1,1,50.0,400.0,419.0,444.0,48,401.0,419.0,434.0,48,401.0,419.0,434.0,,False,summary_mismatch,not_reconciled,0,51.0,False
吉林大学,2022,1,1,1,1,9.0,,422.0,444.0,3,416.0,421.0,421.0,3,416.0,421.0,421.0,,False,independent_summary_incomplete,not_reconciled,0,144.0,False
吉林大学,2023,1,1,1,0,10.0,369.0,,,0,,,,0,,,,,False,independent_summary_incomplete,not_reconciled,0,,False
吉林大学,2024,1,1,1,1,7.0,409.0,422.0,432.0,7,409.0,422.0,432.0,7,409.0,422.0,432.0,410.8,True,four_summary_reconciled,four_summary_reconciled,1,0.0,False
吉林大学,2025,1,1,1,0,8.0,389.0,398.0,420.0,0,,,,0,,,,,False,no_explicit_admitted_rows,not_reconciled,0,,False
吉林大学,2026,1,1,1,1,9.0,390.0,403.0,428.0,9,390.0,403.0,428.0,9,390.0,403.0,428.0,393.2,True,four_summary_reconciled,four_summary_reconciled,1,0.0,False
同济大学,2025,1,1,1,0,33.0,386.0,,,0,,,,0,,,,,False,independent_summary_incomplete,not_reconciled,0,,False
同济大学,2026,1,1,1,1,29.0,404.0,426.0,456.0,29,386.0,426.0,456.0,28,405.0,426.5,456.0,,False,summary_mismatch,not_reconciled,0,18.0,False
哈尔滨工业大学,2022,1,1,1,1,27.0,385.0,,,27,385.0,405.0,447.0,27,385.0,405.0,447.0,388.6,True,count_available_summary_and_structure_reconciled,count_available_summary_and_structure_reconciled,1,0.0,True
哈尔滨工业大学,2023,1,1,1,1,16.0,386.0,,,16,386.0,414.5,429.0,16,386.0,414.5,429.0,389.0,True,count_available_summary_and_structure_reconciled,count_available_summary_and_structure_reconciled,1,0.0,True
哈尔滨工业大学,2024,1,1,1,1,19.0,392.0,401.0,443.0,18,392.0,401.5,443.0,18,392.0,401.5,443.0,,False,summary_mismatch,not_reconciled,0,20.5,False
哈尔滨工业大学,2025,1,1,1,1,21.0,352.0,376.0,430.0,21,352.0,376.0,430.0,21,352.0,376.0,430.0,357.0,True,four_summary_reconciled,four_summary_reconciled,1,0.0,True
哈尔滨工业大学,2026,2,1,1,1,26.0,371.0,403.0,426.0,24,371.0,403.0,426.0,24,371.0,403.0,426.0,,False,summary_mismatch,not_reconciled,0,40.0,False
四川大学,2023,1,1,1,1,13.0,358.0,,,13,358.0,379.0,429.0,13,358.0,379.0,429.0,360.2,True,count_available_summary_and_structure_reconciled,count_available_summary_and_structure_reconciled,1,0.0,True
四川大学,2024,2,2,2,2,28.0,371.0,397.0,426.0,27,371.0,396.0,426.0,27,371.0,396.0,426.0,,False,summary_mismatch,not_reconciled,0,21.0,False
四川大学,2025,2,2,2,2,37.0,366.0,,,12,380.0,399.5,411.0,12,380.0,399.5,411.0,,False,independent_summary_incomplete,not_reconciled,0,514.0,False
四川大学,2026,2,2,2,2,44.0,385.0,409.5,446.0,11,396.0,418.0,443.0,11,396.0,418.0,443.0,,False,summary_mismatch,not_reconciled,0,682.5,False
复旦大学,2022,3,3,3,0,66.0,,,,0,,,,0,,,,,False,independent_summary_incomplete,not_reconciled,0,,False
复旦大学,2023,3,3,3,0,84.0,395.0,,,0,,,,0,,,,,False,independent_summary_incomplete,not_reconciled,0,,False
复旦大学,2024,3,3,3,0,110.0,396.0,,,0,,,,0,,,,,False,independent_summary_incomplete,not_reconciled,0,,False
复旦大学,2025,4,4,4,0,144.0,345.0,,,0,,,,0,,,,,False,independent_summary_incomplete,not_reconciled,0,,False
复旦大学,2026,4,4,4,2,148.0,380.0,412.0,451.0,118,381.0,411.0,451.0,118,381.0,411.0,451.0,,False,summary_mismatch,not_reconciled,0,602.0,False
大连理工大学,2022,1,1,1,1,54.0,,,,54,263.0,419.5,446.0,54,263.0,419.5,446.0,,False,independent_summary_incomplete,not_reconciled,0,0.0,False
大连理工大学,2023,1,1,1,1,52.0,382.0,,,52,382.0,405.0,433.0,52,382.0,405.0,433.0,391.0,True,count_available_summary_and_structure_reconciled,count_available_summary_and_structure_reconciled,1,0.0,True
大连理工大学,2024,1,1,1,1,20.0,398.0,422.5,447.0,19,398.0,421.0,447.0,19,398.0,421.0,447.0,,False,summary_mismatch,not_reconciled,0,21.5,False
大连理工大学,2025,1,1,1,1,15.0,386.0,404.0,430.0,15,386.0,404.0,430.0,15,386.0,404.0,430.0,388.2,True,four_summary_reconciled,four_summary_reconciled,1,0.0,True
大连理工大学,2026,1,1,1,1,9.0,391.0,394.0,434.0,9,391.0,394.0,434.0,9,391.0,394.0,434.0,391.0,True,four_summary_reconciled,four_summary_reconciled,1,0.0,False
太原理工大学,2024,1,0,0,0,1.0,380.0,380.0,380.0,0,,,,0,,,,,False,no_explicit_admitted_rows,not_reconciled,0,,False
太原理工大学,2025,1,0,0,0,4.0,341.0,351.0,376.0,0,,,,0,,,,,False,no_explicit_admitted_rows,not_reconciled,0,,False
太原理工大学,2026,1,1,1,0,11.0,327.0,354.0,377.0,0,,,,0,,,,,False,no_explicit_admitted_rows,not_reconciled,0,,False
宁夏大学,2025,1,1,1,0,6.0,319.0,336.0,381.0,0,,,,0,,,,,False,no_explicit_admitted_rows,not_reconciled,0,,False
宁夏大学,2026,1,1,1,0,22.0,314.0,325.5,362.0,0,,,,0,,,,,False,no_explicit_admitted_rows,not_reconciled,0,,False
安徽大学,2022,1,1,1,1,86.0,,,,0,,,,0,,,,,False,independent_summary_incomplete,not_reconciled,0,,False
安徽大学,2023,1,1,1,0,85.0,364.0,,,0,,,,0,,,,,False,independent_summary_incomplete,not_reconciled,0,,False
安徽大学,2024,1,1,1,1,80.0,377.0,,,77,377.0,391.0,434.0,77,377.0,391.0,434.0,,False,independent_summary_incomplete,not_reconciled,0,60.0,False
安徽大学,2025,1,1,1,0,76.0,366.0,,,0,,,,0,,,,,False,independent_summary_incomplete,not_reconciled,0,,False
安徽大学,2026,1,1,1,1,58.0,383.0,396.5,434.0,57,371.0,396.0,434.0,56,374.0,396.0,434.0,,False,summary_mismatch,not_reconciled,0,32.5,False
对外经济贸易大学,2022,1,1,1,1,60.0,,,,60,336.0,388.5,427.0,60,336.0,388.5,427.0,,False,independent_summary_incomplete,not_reconciled,0,0.0,False
对外经济贸易大学,2023,1,1,1,1,70.0,370.0,,,70,352.0,389.0,423.0,69,365.0,389.0,423.0,,False,independent_summary_incomplete,not_reconciled,0,18.0,False
对外经济贸易大学,2024,1,1,1,1,61.0,381.0,,,56,376.0,403.0,431.0,55,381.0,403.0,431.0,,False,independent_summary_incomplete,not_reconciled,0,105.0,False
对外经济贸易大学,2025,1,1,1,0,69.0,364.0,,,0,,,,0,,,,,False,independent_summary_incomplete,not_reconciled,0,,False
对外经济贸易大学,2026,1,1,1,1,60.0,373.0,390.0,425.0,59,373.0,390.0,425.0,58,373.0,389.5,425.0,,False,summary_mismatch,not_reconciled,0,20.0,False
山东大学,2022,2,2,2,2,32.0,,,,32,366.0,391.0,435.0,32,366.0,391.0,435.0,,False,independent_summary_incomplete,not_reconciled,0,0.0,False
山东大学,2023,2,2,2,1,33.0,382.0,,,26,371.0,409.5,435.0,25,371.0,410.0,435.0,,False,independent_summary_incomplete,not_reconciled,0,151.0,False
山东大学,2024,2,1,1,1,12.0,372.0,401.0,413.0,10,396.0,404.0,413.0,10,396.0,404.0,413.0,,False,summary_mismatch,not_reconciled,0,67.0,False
山东大学,2025,3,2,2,1,22.0,347.0,,,20,335.0,381.5,398.0,20,335.0,381.5,398.0,,False,independent_summary_incomplete,not_reconciled,0,52.0,False
山东大学,2026,4,1,1,1,26.0,331.0,371.0,431.0,21,331.0,366.0,431.0,21,331.0,366.0,431.0,,False,summary_mismatch,not_reconciled,0,105.0,False
延边大学,2023,1,0,0,0,2.0,378.0,381.5,385.0,0,,,,0,,,,,False,no_explicit_admitted_rows,not_reconciled,0,,False
延边大学,2024,1,0,0,0,4.0,339.0,343.0,403.0,0,,,,0,,,,,False,no_explicit_admitted_rows,not_reconciled,0,,False
延边大学,2025,2,2,2,2,7.0,315.0,,,7,315.0,340.0,405.0,7,315.0,340.0,405.0,,False,independent_summary_incomplete,not_reconciled,0,0.0,False
延边大学,2026,1,0,0,0,6.0,316.0,335.5,390.0,0,,,,0,,,,,False,no_explicit_admitted_rows,not_reconciled,0,,False
新疆大学,2022,1,1,1,1,4.0,,267.0,287.0,4,318.0,331.5,366.0,4,318.0,331.5,366.0,,False,independent_summary_incomplete,not_reconciled,0,143.5,False
新疆大学,2023,1,1,1,0,10.0,336.0,,,0,,,,0,,,,,False,independent_summary_incomplete,not_reconciled,0,,False
新疆大学,2024,1,1,1,0,9.0,329.0,,,0,,,,0,,,,,False,independent_summary_incomplete,not_reconciled,0,,False
新疆大学,2025,1,1,1,1,20.0,313.0,,,20,276.0,333.0,383.0,19,313.0,333.0,383.0,314.0,True,count_available_summary_and_structure_reconciled,count_available_summary_and_structure_reconciled,1,37.0,True
新疆大学,2026,1,1,1,1,46.0,,,,0,,,,0,,,,,False,independent_summary_incomplete,not_reconciled,0,,False
暨南大学,2022,2,2,2,2,56.0,,,,56,367.0,400.0,431.0,56,367.0,400.0,431.0,,False,independent_summary_incomplete,not_reconciled,0,0.0,False
暨南大学,2023,2,2,2,2,50.0,389.0,,,50,389.0,410.5,451.0,50,389.0,410.5,451.0,394.8,True,count_available_summary_and_structure_reconciled,count_available_summary_and_structure_reconciled,2,0.0,True
暨南大学,2024,2,2,2,2,58.0,364.0,,,57,359.0,396.0,432.0,55,364.0,396.0,432.0,,False,independent_summary_incomplete,not_reconciled,0,25.0,False
暨南大学,2025,2,2,2,2,46.0,323.0,354.0,397.0,46,323.0,354.0,397.0,45,323.0,355.0,397.0,338.0,True,four_summary_reconciled,four_summary_reconciled,2,0.0,True
暨南大学,2026,2,2,2,2,36.0,379.0,399.5,440.0,37,351.0,398.0,429.0,35,379.0,398.0,429.0,,False,summary_mismatch,not_reconciled,0,60.5,False
武汉大学,2022,1,1,1,1,16.0,,428.0,452.0,16,415.0,428.0,452.0,16,415.0,428.0,452.0,416.0,True,count_available_summary_and_structure_reconciled,count_available_summary_and_structure_reconciled,1,0.0,True
武汉大学,2023,1,1,1,1,15.0,371.0,,,15,371.0,398.0,439.0,14,371.0,399.5,439.0,,False,independent_summary_incomplete,not_reconciled,0,0.0,False
武汉大学,2024,1,1,1,1,11.0,386.0,399.0,430.0,11,386.0,399.0,430.0,11,386.0,399.0,430.0,387.0,True,four_summary_reconciled,four_summary_reconciled,1,0.0,True
武汉大学,2025,1,1,1,1,6.0,382.0,,,6,338.0,402.0,427.0,6,338.0,402.0,427.0,,False,independent_summary_incomplete,not_reconciled,0,44.0,False
武汉大学,2026,1,1,1,0,13.0,346.0,382.0,411.0,0,,,,0,,,,,False,no_explicit_admitted_rows,not_reconciled,0,,False
武汉理工大学,2022,1,1,1,1,43.0,,,,43,369.0,384.0,421.0,43,369.0,384.0,421.0,,False,independent_summary_incomplete,not_reconciled,0,0.0,False
武汉理工大学,2023,1,1,1,1,42.0,379.0,,,42,379.0,395.0,428.0,42,379.0,395.0,428.0,380.0,True,count_available_summary_and_structure_reconciled,count_available_summary_and_structure_reconciled,1,0.0,True
武汉理工大学,2024,2,2,2,1,44.0,346.0,384.5,420.0,32,375.0,385.0,420.0,32,375.0,385.0,420.0,,False,summary_mismatch,not_reconciled,0,269.5,False
武汉理工大学,2025,2,2,2,0,58.0,347.0,,,0,,,,0,,,,,False,independent_summary_incomplete,not_reconciled,0,,False
武汉理工大学,2026,2,2,2,2,54.0,359.0,380.0,416.0,54,359.0,380.0,416.0,54,359.0,380.0,416.0,364.3,True,four_summary_reconciled,four_summary_reconciled,2,0.0,True
河北工业大学,2022,1,0,0,0,13.0,,,,0,,,,0,,,,,False,independent_summary_incomplete,not_reconciled,0,,False
河北工业大学,2023,1,1,1,1,24.0,353.0,,,24,353.0,382.0,414.0,24,353.0,382.0,414.0,360.0,True,count_available_summary_and_structure_reconciled,count_available_summary_and_structure_reconciled,1,0.0,True
河北工业大学,2024,1,1,1,1,24.0,362.0,382.5,425.0,23,362.0,382.0,425.0,23,362.0,382.0,425.0,,False,summary_mismatch,not_reconciled,0,20.5,False
河北工业大学,2025,1,1,1,1,24.0,323.0,347.5,417.0,24,323.0,347.5,417.0,24,323.0,347.5,417.0,323.3,True,four_summary_reconciled,four_summary_reconciled,1,0.0,True
河北工业大学,2026,1,1,1,1,21.0,369.0,384.0,431.0,19,369.0,383.0,431.0,19,369.0,383.0,431.0,,False,summary_mismatch,not_reconciled,0,41.0,False
河海大学,2022,1,1,1,1,17.0,,,,17,367.0,376.0,413.0,17,367.0,376.0,413.0,,False,independent_summary_incomplete,not_reconciled,0,0.0,False
河海大学,2023,1,1,1,1,21.0,352.0,,,21,352.0,375.0,415.0,21,352.0,375.0,415.0,359.0,True,count_available_summary_and_structure_reconciled,count_available_summary_and_structure_reconciled,1,0.0,True
河海大学,2024,1,1,1,1,21.0,369.0,,,22,369.0,388.0,414.0,22,369.0,388.0,414.0,,False,independent_summary_incomplete,not_reconciled,0,20.0,False
河海大学,2025,1,1,1,1,31.0,337.0,357.0,395.0,31,337.0,357.0,395.0,31,337.0,357.0,395.0,341.0,True,four_summary_reconciled,four_summary_reconciled,1,0.0,True
河海大学,2026,2,1,1,1,23.0,357.0,386.0,414.0,21,374.0,386.0,414.0,21,374.0,386.0,414.0,,False,summary_mismatch,not_reconciled,0,57.0,False
清华大学,2022,1,1,1,1,9.0,433.0,439.0,451.0,9,433.0,439.0,451.0,9,433.0,439.0,451.0,437.0,True,four_summary_reconciled,four_summary_reconciled,1,0.0,False
清华大学,2023,1,1,1,1,4.0,406.0,421.0,436.0,8,406.0,427.5,439.0,8,406.0,427.5,439.0,,False,summary_mismatch,not_reconciled,0,89.5,False
清华大学,2024,1,1,1,1,7.0,421.0,425.0,438.0,7,421.0,425.0,438.0,7,421.0,425.0,438.0,421.6,True,four_summary_reconciled,four_summary_reconciled,1,0.0,False
清华大学,2025,1,1,1,0,7.0,381.0,401.0,433.0,0,,,,0,,,,,False,no_explicit_admitted_rows,not_reconciled,0,,False
清华大学,2026,1,0,0,0,4.0,400.0,423.5,426.0,0,,,,0,,,,,False,no_explicit_admitted_rows,not_reconciled,0,,False
湖南大学,2023,1,1,1,1,20.0,387.0,,,20,387.0,405.5,428.0,19,387.0,408.0,428.0,,False,independent_summary_incomplete,not_reconciled,0,0.0,False
湖南大学,2024,1,1,1,1,21.0,371.0,390.0,426.0,21,371.0,390.0,426.0,21,371.0,390.0,426.0,378.0,True,four_summary_reconciled,four_summary_reconciled,1,0.0,True
湖南大学,2025,1,1,1,1,16.0,380.0,,,16,361.0,397.5,421.0,15,380.0,398.0,421.0,388.0,True,count_available_summary_and_structure_reconciled,count_available_summary_and_structure_reconciled,1,19.0,True
湖南师范大学,2022,1,1,1,1,25.0,,,,25,372.0,391.0,421.0,25,372.0,391.0,421.0,,False,independent_summary_incomplete,not_reconciled,0,0.0,False
湖南师范大学,2023,1,1,1,1,23.0,348.0,,,23,348.0,380.0,402.0,23,348.0,380.0,402.0,356.8,True,count_available_summary_and_structure_reconciled,count_available_summary_and_structure_reconciled,1,0.0,True
湖南师范大学,2024,1,1,1,0,21.0,339.0,357.0,411.0,0,,,,0,,,,,False,no_explicit_admitted_rows,not_reconciled,0,,False
湖南师范大学,2025,1,1,1,1,27.0,332.0,355.0,423.0,27,332.0,355.0,423.0,27,332.0,355.0,423.0,334.6,True,four_summary_reconciled,four_summary_reconciled,1,0.0,True
湖南师范大学,2026,1,1,1,1,27.0,339.0,370.0,416.0,26,339.0,369.5,416.0,26,339.0,369.5,416.0,,False,summary_mismatch,not_reconciled,0,20.5,False
石河子大学,2026,1,0,0,0,2.0,355.0,358.5,362.0,0,,,,0,,,,,False,no_explicit_admitted_rows,not_reconciled,0,,False
福州大学,2022,1,1,1,0,20.0,,,,0,,,,0,,,,,False,independent_summary_incomplete,not_reconciled,0,,False
福州大学,2023,1,1,1,0,21.0,385.0,,,0,,,,0,,,,,False,independent_summary_incomplete,not_reconciled,0,,False
福州大学,2024,1,1,1,1,21.0,390.0,404.0,435.0,21,390.0,404.0,435.0,21,390.0,404.0,435.0,392.0,True,four_summary_reconciled,four_summary_reconciled,1,0.0,True
福州大学,2025,1,1,1,0,26.0,348.0,,,0,,,,0,,,,,False,independent_summary_incomplete,not_reconciled,0,,False
福州大学,2026,1,1,1,1,23.0,390.0,410.0,444.0,22,390.0,409.5,431.0,22,390.0,409.5,431.0,,False,summary_mismatch,not_reconciled,0,33.5,False
苏州大学,2022,1,0,0,0,11.0,,399.0,419.0,0,,,,0,,,,,False,independent_summary_incomplete,not_reconciled,0,,False
苏州大学,2023,1,1,1,0,21.0,,,,0,,,,0,,,,,False,independent_summary_incomplete,not_reconciled,0,,False
苏州大学,2024,1,1,1,1,27.0,381.0,403.0,436.0,26,381.0,406.5,436.0,26,381.0,406.5,436.0,,False,summary_mismatch,not_reconciled,0,23.5,False
苏州大学,2025,1,1,1,1,15.0,380.0,396.0,433.0,15,380.0,396.0,433.0,15,380.0,396.0,433.0,382.0,True,four_summary_reconciled,four_summary_reconciled,1,0.0,True
苏州大学,2026,1,1,1,1,19.0,381.0,405.0,424.0,18,381.0,406.0,424.0,18,381.0,406.0,424.0,,False,summary_mismatch,not_reconciled,0,21.0,False
西北大学,2022,1,1,1,1,55.0,,,,0,,,,0,,,,,False,independent_summary_incomplete,not_reconciled,0,,False
西北大学,2023,1,1,1,1,55.0,389.0,,,0,,,,0,,,,,False,independent_summary_incomplete,not_reconciled,0,,False
西北大学,2024,1,1,1,1,47.0,344.0,377.0,427.0,47,344.0,377.0,427.0,46,344.0,377.5,427.0,351.0,True,four_summary_reconciled,four_summary_reconciled,1,0.0,True
西北大学,2025,1,1,1,1,31.0,325.0,356.0,406.0,31,325.0,356.0,406.0,31,325.0,356.0,406.0,328.0,True,four_summary_reconciled,four_summary_reconciled,1,0.0,True
西北大学,2026,1,1,1,1,42.0,341.0,372.5,421.0,42,303.0,371.5,421.0,41,341.0,372.0,421.0,348.0,True,count_available_summary_and_structure_reconciled,count_available_summary_and_structure_reconciled,1,39.0,True
西北工业大学,2023,1,1,1,0,5.0,351.0,,,0,,,,0,,,,,False,independent_summary_incomplete,not_reconciled,0,,False
西北工业大学,2024,1,0,0,0,4.0,371.0,386.5,427.0,0,,,,0,,,,,False,no_explicit_admitted_rows,not_reconciled,0,,False
西北工业大学,2025,1,1,1,0,5.0,350.0,380.0,393.0,0,,,,0,,,,,False,no_explicit_admitted_rows,not_reconciled,0,,False
西北工业大学,2026,1,0,0,0,4.0,357.0,361.0,394.0,0,,,,0,,,,,False,no_explicit_admitted_rows,not_reconciled,0,,False
西南交通大学,2025,1,1,1,1,10.0,331.0,374.5,402.0,10,331.0,374.5,402.0,10,331.0,374.5,402.0,348.1,True,four_summary_reconciled,four_summary_reconciled,1,0.0,True
西南交通大学,2026,1,1,1,1,10.0,360.0,387.0,420.0,10,360.0,387.0,420.0,10,360.0,387.0,420.0,361.8,True,four_summary_reconciled,four_summary_reconciled,1,0.0,True
西南大学,2022,1,1,1,0,33.0,,,,0,,,,0,,,,,False,independent_summary_incomplete,not_reconciled,0,,False
西南大学,2023,1,1,1,0,25.0,,,,0,,,,0,,,,,False,independent_summary_incomplete,not_reconciled,0,,False
西南大学,2024,1,1,1,1,23.0,391.0,406.0,432.0,22,391.0,407.5,432.0,22,391.0,407.5,432.0,,False,summary_mismatch,not_reconciled,0,21.5,False
西南大学,2025,1,1,1,1,34.0,351.0,,,34,329.0,376.5,425.0,34,329.0,376.5,425.0,,False,independent_summary_incomplete,not_reconciled,0,22.0,False
西南大学,2026,1,1,1,1,23.0,400.0,422.0,446.0,22,402.0,422.0,446.0,22,402.0,422.0,446.0,,False,summary_mismatch,not_reconciled,0,22.0,False
西南财经大学,2022,1,1,1,1,85.0,,,,85,349.0,401.0,431.0,85,349.0,401.0,431.0,,False,independent_summary_incomplete,not_reconciled,0,0.0,False
西南财经大学,2023,1,1,1,1,80.0,386.0,,,81,352.0,403.0,445.0,80,358.0,403.5,445.0,,False,independent_summary_incomplete,not_reconciled,0,54.0,False
西南财经大学,2024,1,1,1,1,64.0,406.0,,,64,356.0,417.5,442.0,63,356.0,418.0,442.0,,False,independent_summary_incomplete,not_reconciled,0,50.0,False
西南财经大学,2025,1,1,1,1,55.0,361.0,,,55,358.0,378.0,410.0,53,358.0,378.0,410.0,,False,independent_summary_incomplete,not_reconciled,0,3.0,False
西南财经大学,2026,1,1,1,1,71.0,358.0,390.0,454.0,70,331.0,389.0,454.0,68,347.0,389.0,454.0,,False,summary_mismatch,not_reconciled,0,48.0,False
西安交通大学,2022,1,1,1,1,59.0,,,,29,390.0,407.0,431.0,29,390.0,407.0,431.0,,False,independent_summary_incomplete,not_reconciled,0,600.0,False
西安交通大学,2023,1,1,1,1,59.0,376.0,,,27,376.0,401.0,428.0,27,376.0,401.0,428.0,,False,independent_summary_incomplete,not_reconciled,0,640.0,False
西安交通大学,2024,1,1,1,1,69.0,350.0,,,0,,,,0,,,,,False,independent_summary_incomplete,not_reconciled,0,,False
西安交通大学,2025,1,1,1,0,44.0,362.0,,,0,,,,0,,,,,False,independent_summary_incomplete,not_reconciled,0,,False
西安交通大学,2026,2,2,2,2,66.0,370.0,398.0,429.0,65,370.0,398.0,429.0,65,370.0,398.0,429.0,,False,summary_mismatch,not_reconciled,0,20.0,False
西安电子科技大学,2022,1,0,0,0,12.0,,,,0,,,,0,,,,,False,independent_summary_incomplete,not_reconciled,0,,False
西安电子科技大学,2023,1,1,1,1,13.0,351.0,385.0,405.0,13,351.0,382.0,406.0,13,351.0,382.0,406.0,,False,summary_mismatch,not_reconciled,0,4.0,False
西安电子科技大学,2024,1,1,1,1,9.0,347.0,357.0,403.0,9,347.0,357.0,403.0,9,347.0,357.0,403.0,347.0,True,four_summary_reconciled,four_summary_reconciled,1,0.0,False
西安电子科技大学,2025,1,1,1,1,10.0,375.0,380.0,397.0,10,375.0,380.0,397.0,10,375.0,380.0,397.0,375.9,True,four_summary_reconciled,four_summary_reconciled,1,0.0,True
西安电子科技大学,2026,1,1,1,1,14.0,355.0,395.5,412.0,14,355.0,395.5,412.0,14,355.0,395.5,412.0,357.8,True,four_summary_reconciled,four_summary_reconciled,1,0.0,True
贵州大学,2022,1,1,1,1,33.0,,,,0,,,,0,,,,,False,independent_summary_incomplete,not_reconciled,0,,False
贵州大学,2023,1,1,1,0,29.0,336.0,,,0,,,,0,,,,,False,independent_summary_incomplete,not_reconciled,0,,False
贵州大学,2024,1,1,1,1,37.0,333.0,361.0,425.0,36,333.0,360.5,425.0,36,333.0,360.5,425.0,,False,summary_mismatch,not_reconciled,0,20.5,False
贵州大学,2025,1,1,1,1,46.0,314.0,357.0,411.0,46,314.0,357.0,411.0,46,314.0,357.0,411.0,329.5,True,four_summary_reconciled,four_summary_reconciled,1,0.0,True
贵州大学,2026,1,1,1,1,48.0,323.0,359.5,430.0,48,323.0,359.5,430.0,48,323.0,359.5,430.0,330.7,True,four_summary_reconciled,four_summary_reconciled,1,0.0,True
辽宁大学,2022,1,1,1,1,44.0,,,,58,369.0,385.0,424.0,58,369.0,385.0,424.0,,False,independent_summary_incomplete,not_reconciled,0,280.0,False
辽宁大学,2023,2,2,2,2,69.0,348.0,,,69,348.0,378.0,420.0,69,348.0,378.0,420.0,363.6,True,count_available_summary_and_structure_reconciled,count_available_summary_and_structure_reconciled,2,0.0,True
辽宁大学,2024,2,2,2,2,82.0,343.0,369.5,417.0,81,343.0,369.0,417.0,81,343.0,369.0,417.0,,False,summary_mismatch,not_reconciled,0,20.5,False
辽宁大学,2025,2,2,2,0,62.0,349.0,,,0,,,,0,,,,,False,independent_summary_incomplete,not_reconciled,0,,False
辽宁大学,2026,2,2,2,2,64.0,340.0,368.0,408.0,64,340.0,368.0,408.0,64,340.0,368.0,408.0,348.3,True,four_summary_reconciled,four_summary_reconciled,2,0.0,True
郑州大学,2022,1,1,1,1,70.0,,,,12,201.0,351.5,462.0,12,201.0,351.5,462.0,,False,independent_summary_incomplete,not_reconciled,0,1160.0,False
郑州大学,2023,1,1,1,0,71.0,,,,0,,,,0,,,,,False,independent_summary_incomplete,not_reconciled,0,,False
郑州大学,2024,1,1,1,1,75.0,347.0,373.0,422.0,74,347.0,372.5,422.0,74,347.0,372.5,422.0,,False,summary_mismatch,not_reconciled,0,20.5,False
郑州大学,2025,1,1,1,0,45.0,363.0,,,0,,,,0,,,,,False,independent_summary_incomplete,not_reconciled,0,,False
郑州大学,2026,1,1,1,1,44.0,366.0,387.0,439.0,41,366.0,386.0,439.0,41,366.0,386.0,439.0,,False,summary_mismatch,not_reconciled,0,61.0,False
重庆大学,2022,1,1,1,1,45.0,390.0,,,0,,,,0,,,,,False,independent_summary_incomplete,not_reconciled,0,,False
重庆大学,2023,1,1,1,1,39.0,377.0,,,0,,,,0,,,,,False,independent_summary_incomplete,not_reconciled,0,,False
重庆大学,2024,1,1,1,1,46.0,363.0,394.5,427.0,0,,,,0,,,,,False,no_explicit_admitted_rows,not_reconciled,0,,False
重庆大学,2025,1,1,1,1,52.0,362.0,391.0,422.0,0,,,,0,,,,,False,no_explicit_admitted_rows,not_reconciled,0,,False
重庆大学,2026,1,1,1,1,51.0,390.0,415.0,440.0,0,,,,0,,,,,False,no_explicit_admitted_rows,not_reconciled,0,,False
陕西师范大学,2023,1,1,1,0,7.0,350.0,388.0,426.0,0,,,,0,,,,,False,no_explicit_admitted_rows,not_reconciled,0,,False
陕西师范大学,2024,1,1,1,1,10.0,359.0,384.5,411.0,0,,,,0,,,,,False,no_explicit_admitted_rows,not_reconciled,0,,False
陕西师范大学,2025,1,1,1,0,32.0,323.0,,,0,,,,0,,,,,False,independent_summary_incomplete,not_reconciled,0,,False
陕西师范大学,2026,1,1,1,1,30.0,340.0,364.5,414.0,30,340.0,364.5,414.0,30,340.0,364.5,414.0,348.5,True,four_summary_reconciled,four_summary_reconciled,1,0.0,True
