school,missing_cutoff_years,weak_cutoff_years,missing_admission_years,latest_retest_ratio,official_books_status,tuition_status,exam_evidence_status,priority,next_official_channel,audit_note
清华大学,无数值缺口,2022、2024、2025,无,2026：1.75,官方目录未指定；不以机构书单冒充官方,2023机构基线；报考前须核最新,无可读卷证据,中,研究生院/学院历年复试细则与分数线附件；2026招生目录/自命题大纲附件；学校往年试题库/学院试题附件/可核回忆卷,最低录取线/复录比已优先用官网与小程序院校模块补齐；中位数仅在名单图与录取人数、最低分闭合时写入；本科背景仍不作推断。
复旦大学,无数值缺口,2022、2024、2025,2022、2023（缺中位）、2024（缺中位）、2025（缺中位）,2026：1.07,2027官方考试大纲指定,2023机构基线；报考前须核最新,A：2027官方大纲；C：2022非官方公开重构,高,研究生院/学院历年复试细则与分数线附件；学院拟录取公示附件、研究生院录取公示,最低录取线/复录比已优先用官网与小程序院校模块补齐；中位数仅在名单图与录取人数、最低分闭合时写入；本科背景仍不作推断。
上海交通大学,无数值缺口,2022、2024、2025,2022（缺最低）、2023（缺中位）,2026：1.23,官方目录未指定；不以机构书单冒充官方,2026机构公开页，待官网复核,C：非官方回忆版/片段,高,研究生院/学院历年复试细则与分数线附件；学院拟录取公示附件、研究生院录取公示；同年复试名单+最终拟录取名单闭合；2026招生目录/自命题大纲附件,最低录取线/复录比已优先用官网与小程序院校模块补齐；中位数仅在名单图与录取人数、最低分闭合时写入；本科背景仍不作推断。
南京大学,无数值缺口,2022、2024、2025,2022,2026：1.27,2025官方参考书；2026目录未见新版，须考前复核,2023机构基线；报考前须核最新,无可读卷证据,高,研究生院/学院历年复试细则与分数线附件；学院拟录取公示附件、研究生院录取公示；2026招生目录/自命题大纲附件；学校往年试题库/学院试题附件/可核回忆卷,最低录取线/复录比已优先用官网与小程序院校模块补齐；中位数仅在名单图与录取人数、最低分闭合时写入；本科背景仍不作推断。
中国科学技术大学,无数值缺口,2022、2024、2025,2022（缺中位）、2023（缺最低）,2026：1.42,2026官方考试大纲指定,2023机构基线；报考前须核最新,A：2026官方大纲；未核到可读原卷,高,研究生院/学院历年复试细则与分数线附件；学院拟录取公示附件、研究生院录取公示；学校往年试题库/学院试题附件/可核回忆卷,最低录取线/复录比已优先用官网与小程序院校模块补齐；中位数仅在名单图与录取人数、最低分闭合时写入；本科背景仍不作推断。
中国人民大学,无数值缺口,2022、2024、2026,2022、2023（缺中位）、2025（缺中位）,2026：1.15,官方目录未指定；不以机构书单冒充官方,最新官方已核,无可读卷证据,高,研究生院/学院历年复试细则与分数线附件；学院拟录取公示附件、研究生院录取公示；2026招生目录/自命题大纲附件；学校往年试题库/学院试题附件/可核回忆卷,最低录取线/复录比已优先用官网与小程序院校模块补齐；中位数仅在名单图与录取人数、最低分闭合时写入；本科背景仍不作推断。
上海财经大学,2023,2022、2024、2025、2026,2022、2023（缺中位）、2025（缺中位）,2026：1.28,官方目录未指定；不以机构书单冒充官方,2023机构基线；报考前须核最新,无可读卷证据,高,研究生院/学院历年复试细则与分数线附件；学院拟录取公示附件、研究生院录取公示；2026招生目录/自命题大纲附件；学校往年试题库/学院试题附件/可核回忆卷,最低录取线/复录比已优先用官网与小程序院校模块补齐；中位数仅在名单图与录取人数、最低分闭合时写入；本科背景仍不作推断。
武汉大学,无数值缺口,2022、2024、2025、2026,2022（缺最低）、2023（缺中位）、2025（缺中位）,2026：1.00,官方目录未指定；不以机构书单冒充官方,2023机构基线；报考前须核最新,无可读卷证据,高,研究生院/学院历年复试细则与分数线附件；学院拟录取公示附件、研究生院录取公示；同年复试名单+最终拟录取名单闭合；2026招生目录/自命题大纲附件；学校往年试题库/学院试题附件/可核回忆卷,最低录取线/复录比已优先用官网与小程序院校模块补齐；中位数仅在名单图与录取人数、最低分闭合时写入；本科背景仍不作推断。；2026正文/名单图已在微信内置浏览器逐页下滑复核；中位数按可闭合的普通计划口径写入
西安交通大学,无数值缺口,2022、2024、2025、2026,2022、2023（缺中位）、2024（缺中位）、2025（缺中位）,2026：0.58,官方目录未指定；不以机构书单冒充官方,2023机构基线；报考前须核最新,无可读卷证据,高,研究生院/学院历年复试细则与分数线附件；学院拟录取公示附件、研究生院录取公示；同年复试名单+最终拟录取名单闭合；2026招生目录/自命题大纲附件；学校往年试题库/学院试题附件/可核回忆卷,最低录取线/复录比已优先用官网与小程序院校模块补齐；中位数仅在名单图与录取人数、最低分闭合时写入；本科背景仍不作推断。
华中科技大学,无数值缺口,2022、2024、2025、2026,2022、2023（缺中位）,2026：1.17,官方目录未指定；不以机构书单冒充官方,2026招生文件公开镜像，待官网复核,无可读卷证据,高,研究生院/学院历年复试细则与分数线附件；学院拟录取公示附件、研究生院录取公示；2026招生目录/自命题大纲附件；学校往年试题库/学院试题附件/可核回忆卷,最低录取线/复录比已优先用官网与小程序院校模块补齐；中位数仅在名单图与录取人数、最低分闭合时写入；本科背景仍不作推断。
中山大学,无数值缺口,2022、2024、2025、2026,2022、2023（缺中位）、2024（缺中位）,2026：1.41,官方目录未指定；不以机构书单冒充官方,2023机构基线；报考前须核最新,无可读卷证据,高,研究生院/学院历年复试细则与分数线附件；学院拟录取公示附件、研究生院录取公示；同年复试名单+最终拟录取名单闭合；2026招生目录/自命题大纲附件；学校往年试题库/学院试题附件/可核回忆卷,最低录取线/复录比已优先用官网与小程序院校模块补齐；中位数仅在名单图与录取人数、最低分闭合时写入；本科背景仍不作推断。
哈尔滨工业大学,无数值缺口,2022、2024、2025、2026,2022（缺中位）、2023（缺中位）,2026：1.27,官方目录未指定；不以机构书单冒充官方,2023机构基线；报考前须核最新,无可读卷证据,高,研究生院/学院历年复试细则与分数线附件；学院拟录取公示附件、研究生院录取公示；同年复试名单+最终拟录取名单闭合；2026招生目录/自命题大纲附件；学校往年试题库/学院试题附件/可核回忆卷,最低录取线/复录比已优先用官网与小程序院校模块补齐；中位数仅在名单图与录取人数、最低分闭合时写入；本科背景仍不作推断。
西南财经大学,无数值缺口,2022、2024、2025、2026,2022、2023（缺中位）、2024（缺中位）、2025（缺中位）,2026：1.24,官方目录未指定；不以机构书单冒充官方,2023机构基线；报考前须核最新,无可读卷证据,高,研究生院/学院历年复试细则与分数线附件；学院拟录取公示附件、研究生院录取公示；同年复试名单+最终拟录取名单闭合；2026招生目录/自命题大纲附件；学校往年试题库/学院试题附件/可核回忆卷,最低录取线/复录比已优先用官网与小程序院校模块补齐；中位数仅在名单图与录取人数、最低分闭合时写入；本科背景仍不作推断。；2026名单图已人工下滑复核，中位数按普通计划口径写入。
华东师范大学,无数值缺口,2022、2024、2025,2022、2023（缺中位）、2025（缺中位）,2026：1.16,2027官方学院预公告指定；最终以招生简章/目录为准,2023机构基线；报考前须核最新,无可读卷证据,高,研究生院/学院历年复试细则与分数线附件；学院拟录取公示附件、研究生院录取公示；同年复试名单+最终拟录取名单闭合；2026招生目录/自命题大纲附件；学校往年试题库/学院试题附件/可核回忆卷,最低录取线/复录比已优先用官网与小程序院校模块补齐；中位数仅在名单图与录取人数、最低分闭合时写入；本科背景仍不作推断。
厦门大学,无数值缺口,2022、2024、2025、2026,2022、2023（缺中位）、2024（缺中位）、2025（缺中位）,2026：1.24,官方目录未指定；不以机构书单冒充官方,2023机构基线；报考前须核最新,无可读卷证据,高,研究生院/学院历年复试细则与分数线附件；学院拟录取公示附件、研究生院录取公示；2026招生目录/自命题大纲附件；学校往年试题库/学院试题附件/可核回忆卷,最低录取线/复录比已优先用官网与小程序院校模块补齐；中位数仅在名单图与录取人数、最低分闭合时写入；本科背景仍不作推断。
中央财经大学,无数值缺口,2022、2023、2024、2025、2026,2022、2023（缺中位）、2024（缺中位）、2025（缺中位）,2026：1.37,官方目录未指定；不以机构书单冒充官方,2023机构基线；报考前须核最新,无可读卷证据,高,研究生院/学院历年复试细则与分数线附件；学院拟录取公示附件、研究生院录取公示；同年复试名单+最终拟录取名单闭合；2026招生目录/自命题大纲附件；学校往年试题库/学院试题附件/可核回忆卷,最低录取线/复录比已优先用官网与小程序院校模块补齐；中位数仅在名单图与录取人数、最低分闭合时写入；本科背景仍不作推断。；2026名单图已人工下滑复核，中位数按普通计划口径写入。
东南大学,无数值缺口,2022、2024、2025、2026,2022（缺最低）、2025（缺中位）,2026：1.16,官方目录未指定；不以机构书单冒充官方,2023机构基线；报考前须核最新,无可读卷证据,高,研究生院/学院历年复试细则与分数线附件；学院拟录取公示附件、研究生院录取公示；同年复试名单+最终拟录取名单闭合；2026招生目录/自命题大纲附件；学校往年试题库/学院试题附件/可核回忆卷,最低录取线/复录比已优先用官网与小程序院校模块补齐；中位数仅在名单图与录取人数、最低分闭合时写入；本科背景仍不作推断。
西北工业大学,2022,2024、2025、2026,2022、2023（缺中位）,2025：1.00,官方目录未指定；不以机构书单冒充官方,2023机构基线；报考前须核最新,无可读卷证据,高,研究生院/学院历年复试细则与分数线附件；学院拟录取公示附件、研究生院录取公示；同年复试名单+最终拟录取名单闭合；2026招生目录/自命题大纲附件；学校往年试题库/学院试题附件/可核回忆卷,最低录取线/复录比已优先用官网与小程序院校模块补齐；中位数仅在名单图与录取人数、最低分闭合时写入；本科背景仍不作推断。
对外经济贸易大学,2023,2022、2024、2025、2026,2022、2023（缺中位）、2024（缺中位）、2025（缺中位）,2026：1.20,官方目录未指定；不以机构书单冒充官方,2023机构基线；报考前须核最新,无可读卷证据,高,研究生院/学院历年复试细则与分数线附件；学院拟录取公示附件、研究生院录取公示；同年复试名单+最终拟录取名单闭合；2026招生目录/自命题大纲附件；学校往年试题库/学院试题附件/可核回忆卷,最低录取线/复录比已优先用官网与小程序院校模块补齐；中位数仅在名单图与录取人数、最低分闭合时写入；本科背景仍不作推断。
同济大学,2024,2022、2025、2026,2022、2023、2024、2025（缺中位）,2026：1.90,官方目录未指定；不以机构书单冒充官方,2023机构基线；报考前须核最新,无可读卷证据,高,研究生院/学院历年复试细则与分数线附件；学院拟录取公示附件、研究生院录取公示；同年复试名单+最终拟录取名单闭合；2026招生目录/自命题大纲附件；学校往年试题库/学院试题附件/可核回忆卷,最低录取线/复录比已优先用官网与小程序院校模块补齐；中位数仅在名单图与录取人数、最低分闭合时写入；本科背景仍不作推断。；2026名单图已人工下滑复核，中位数按普通计划口径写入。
中南财经政法大学,2023,2022、2024、2025、2026,2022、2023（缺中位）、2024（缺中位）,2026：1.29,官方目录未指定；不以机构书单冒充官方,2023机构基线；报考前须核最新,无可读卷证据,高,研究生院/学院历年复试细则与分数线附件；学院拟录取公示附件、研究生院录取公示；同年复试名单+最终拟录取名单闭合；2026招生目录/自命题大纲附件；学校往年试题库/学院试题附件/可核回忆卷,最低录取线/复录比已优先用官网与小程序院校模块补齐；中位数仅在名单图与录取人数、最低分闭合时写入；本科背景仍不作推断。；2026正文/名单图已在微信内置浏览器逐页下滑复核；中位数按可闭合的普通计划口径写入
国防科技大学,2022、2023,2024、2025、2026,2022、2023、2024、2025、2026,缺失/未闭合,官方目录未指定；不以机构书单冒充官方,缺失/待官网,无可读卷证据,高,研究生院/学院历年复试细则与分数线附件；学院拟录取公示附件、研究生院录取公示；同年复试名单+最终拟录取名单闭合；2026招生目录/自命题大纲附件；学校往年试题库/学院试题附件/可核回忆卷,最低录取线/复录比已优先用官网与小程序院校模块补齐；中位数仅在名单图与录取人数、最低分闭合时写入；本科背景仍不作推断。
四川大学,2022,2024、2025、2026,2022、2023（缺中位）、2025（缺中位）,2026：0.41,官方目录未指定；不以机构书单冒充官方,2023机构基线；报考前须核最新,无可读卷证据,高,研究生院/学院历年复试细则与分数线附件；学院拟录取公示附件、研究生院录取公示；同年复试名单+最终拟录取名单闭合；2026招生目录/自命题大纲附件；学校往年试题库/学院试题附件/可核回忆卷,最低录取线/复录比已优先用官网与小程序院校模块补齐；中位数仅在名单图与录取人数、最低分闭合时写入；本科背景仍不作推断。
山东大学,无数值缺口,2022、2024、2025、2026,2022、2023（缺中位）、2025（缺中位）,2026：1.15,官方目录未指定；不以机构书单冒充官方,2023机构基线；报考前须核最新,A：1份官方完整旧卷,高,研究生院/学院历年复试细则与分数线附件；学院拟录取公示附件、研究生院录取公示；同年复试名单+最终拟录取名单闭合；2026招生目录/自命题大纲附件,最低录取线/复录比已优先用官网与小程序院校模块补齐；中位数仅在名单图与录取人数、最低分闭合时写入；本科背景仍不作推断。
中南大学,无数值缺口,2022、2024、2025、2026,2022（缺最低）、2023、2024（缺中位）,2026：1.22,官方目录未指定；不以机构书单冒充官方,2023机构基线；报考前须核最新,无可读卷证据,高,研究生院/学院历年复试细则与分数线附件；学院拟录取公示附件、研究生院录取公示；同年复试名单+最终拟录取名单闭合；2026招生目录/自命题大纲附件；学校往年试题库/学院试题附件/可核回忆卷,最低录取线/复录比已优先用官网与小程序院校模块补齐；中位数仅在名单图与录取人数、最低分闭合时写入；本科背景仍不作推断。；2026正文/名单图已在微信内置浏览器逐页下滑复核；中位数按可闭合的普通计划口径写入
北京师范大学,无数值缺口,2022、2024,2022、2023（缺中位）,2026：1.19,官方目录未指定；不以机构书单冒充官方,2023机构基线；报考前须核最新,无可读卷证据,高,研究生院/学院历年复试细则与分数线附件；学院拟录取公示附件、研究生院录取公示；同年复试名单+最终拟录取名单闭合；2026招生目录/自命题大纲附件；学校往年试题库/学院试题附件/可核回忆卷,最低录取线/复录比已优先用官网与小程序院校模块补齐；中位数仅在名单图与录取人数、最低分闭合时写入；本科背景仍不作推断。；2026正文/名单图已在微信内置浏览器逐页下滑复核；中位数按可闭合的普通计划口径写入
吉林大学,无数值缺口,2022、2024、2025、2026,2022（缺最低）、2023（缺中位）,2026：1.33,官方目录未指定；不以机构书单冒充官方,2023机构基线；报考前须核最新,无可读卷证据,高,研究生院/学院历年复试细则与分数线附件；学院拟录取公示附件、研究生院录取公示；同年复试名单+最终拟录取名单闭合；2026招生目录/自命题大纲附件；学校往年试题库/学院试题附件/可核回忆卷,最低录取线/复录比已优先用官网与小程序院校模块补齐；中位数仅在名单图与录取人数、最低分闭合时写入；本科背景仍不作推断。
重庆大学,无数值缺口,2022、2024、2025、2026,2022（缺中位）、2023（缺中位）,2026：1.65,官方目录未指定；不以机构书单冒充官方,2023机构基线；报考前须核最新,无可读卷证据,高,研究生院/学院历年复试细则与分数线附件；学院拟录取公示附件、研究生院录取公示；同年复试名单+最终拟录取名单闭合；2026招生目录/自命题大纲附件；学校往年试题库/学院试题附件/可核回忆卷,最低录取线/复录比已优先用官网与小程序院校模块补齐；中位数仅在名单图与录取人数、最低分闭合时写入；本科背景仍不作推断。
大连理工大学,无数值缺口,2022、2024、2025、2026,2022、2023（缺中位）,2026：1.56,官方目录未指定；不以机构书单冒充官方,2023机构基线；报考前须核最新,无可读卷证据,高,研究生院/学院历年复试细则与分数线附件；学院拟录取公示附件、研究生院录取公示；同年复试名单+最终拟录取名单闭合；2026招生目录/自命题大纲附件；学校往年试题库/学院试题附件/可核回忆卷,最低录取线/复录比已优先用官网与小程序院校模块补齐；中位数仅在名单图与录取人数、最低分闭合时写入；本科背景仍不作推断。
湖南大学,无数值缺口,2022、2024、2025,2022、2023（缺中位）、2025（缺中位）、2026,2025：1.31,官方目录未指定；不以机构书单冒充官方,最新官方已核,无可读卷证据,高,研究生院/学院历年复试细则与分数线附件；学院拟录取公示附件、研究生院录取公示；同年复试名单+最终拟录取名单闭合；2026招生目录/自命题大纲附件；学校往年试题库/学院试题附件/可核回忆卷,最低录取线/复录比已优先用官网与小程序院校模块补齐；中位数仅在名单图与录取人数、最低分闭合时写入；本科背景仍不作推断。
西安电子科技大学,2023,2022、2024、2025、2026,2022,2026：1.57,官方目录未指定；不以机构书单冒充官方,2023机构基线；报考前须核最新,无可读卷证据,高,研究生院/学院历年复试细则与分数线附件；学院拟录取公示附件、研究生院录取公示；同年复试名单+最终拟录取名单闭合；2026招生目录/自命题大纲附件；学校往年试题库/学院试题附件/可核回忆卷,最低录取线/复录比已优先用官网与小程序院校模块补齐；中位数仅在名单图与录取人数、最低分闭合时写入；本科背景仍不作推断。
兰州大学,无数值缺口,2022、2024、2025、2026,2022、2023、2025（缺中位）,2026：1.25,官方目录未指定；不以机构书单冒充官方,2023机构基线；报考前须核最新,无可读卷证据,高,研究生院/学院历年复试细则与分数线附件；学院拟录取公示附件、研究生院录取公示；同年复试名单+最终拟录取名单闭合；2026招生目录/自命题大纲附件；学校往年试题库/学院试题附件/可核回忆卷,最低录取线/复录比已优先用官网与小程序院校模块补齐；中位数仅在名单图与录取人数、最低分闭合时写入；本科背景仍不作推断。
南京航空航天大学,2022、2023、2024,2025、2026,2022、2023、2024、2025（缺中位）,2026：1.59,官方目录未指定；不以机构书单冒充官方,缺失/待官网,无可读卷证据,高,研究生院/学院历年复试细则与分数线附件；学院拟录取公示附件、研究生院录取公示；同年复试名单+最终拟录取名单闭合；2026招生目录/自命题大纲附件；学校往年试题库/学院试题附件/可核回忆卷,最低录取线/复录比已优先用官网与小程序院校模块补齐；中位数仅在名单图与录取人数、最低分闭合时写入；本科背景仍不作推断。
南京理工大学,2022、2023、2024,2025、2026,2022、2023、2024,2026：1.40,官方目录未指定；不以机构书单冒充官方,缺失/待官网,无可读卷证据,高,研究生院/学院历年复试细则与分数线附件；学院拟录取公示附件、研究生院录取公示；同年复试名单+最终拟录取名单闭合；2026招生目录/自命题大纲附件；学校往年试题库/学院试题附件/可核回忆卷,最低录取线/复录比已优先用官网与小程序院校模块补齐；中位数仅在名单图与录取人数、最低分闭合时写入；本科背景仍不作推断。
中国海洋大学,2023,2022、2024、2025、2026,2022、2023（缺中位）、2024（缺中位）、2025（缺中位）,2026：1.18,官方目录未指定；不以机构书单冒充官方,2023机构基线；报考前须核最新,A：3份官方完整原卷,高,研究生院/学院历年复试细则与分数线附件；学院拟录取公示附件、研究生院录取公示；同年复试名单+最终拟录取名单闭合；2026招生目录/自命题大纲附件,最低录取线/复录比已优先用官网与小程序院校模块补齐；中位数仅在名单图与录取人数、最低分闭合时写入；本科背景仍不作推断。
暨南大学,2023,2022、2024、2025、2026,2022、2023（缺中位）、2024（缺中位）,2026：1.50,2026官方考试大纲列示,2023机构基线；报考前须核最新,A：官方原卷+最新官方大纲,高,研究生院/学院历年复试细则与分数线附件；学院拟录取公示附件、研究生院录取公示；同年复试名单+最终拟录取名单闭合,最低录取线/复录比已优先用官网与小程序院校模块补齐；中位数仅在名单图与录取人数、最低分闭合时写入；本科背景仍不作推断。；2026名单图已人工下滑复核，中位数按普通计划口径写入。
北京交通大学,无数值缺口,2022、2024、2025,2022（缺中位）,2026：1.18,官方目录未指定；不以机构书单冒充官方,2023机构基线；报考前须核最新,无可读卷证据,高,研究生院/学院历年复试细则与分数线附件；学院拟录取公示附件、研究生院录取公示；同年复试名单+最终拟录取名单闭合；2026招生目录/自命题大纲附件；学校往年试题库/学院试题附件/可核回忆卷,最低录取线/复录比已优先用官网与小程序院校模块补齐；中位数仅在名单图与录取人数、最低分闭合时写入；本科背景仍不作推断。
东北大学,无数值缺口,2022、2024、2025、2026,2022、2023（缺中位）、2026（缺中位）,2026：1.30,官方目录未指定；不以机构书单冒充官方,2023机构基线；报考前须核最新,无可读卷证据,高,研究生院/学院历年复试细则与分数线附件；学院拟录取公示附件、研究生院录取公示；同年复试名单+最终拟录取名单闭合；2026招生目录/自命题大纲附件；学校往年试题库/学院试题附件/可核回忆卷,最低录取线/复录比已优先用官网与小程序院校模块补齐；中位数仅在名单图与录取人数、最低分闭合时写入；本科背景仍不作推断。
华东理工大学,2022、2023、2024,2025、2026,2022、2023、2024,2026：1.25,官方目录未指定；不以机构书单冒充官方,缺失/待官网,无可读卷证据,高,研究生院/学院历年复试细则与分数线附件；学院拟录取公示附件、研究生院录取公示；同年复试名单+最终拟录取名单闭合；2026招生目录/自命题大纲附件；学校往年试题库/学院试题附件/可核回忆卷,最低录取线/复录比已优先用官网与小程序院校模块补齐；中位数仅在名单图与录取人数、最低分闭合时写入；本科背景仍不作推断。；2026名单图已人工下滑复核，中位数按普通计划口径写入。
上海大学,2022、2023,2024、2025、2026,2022、2023（缺中位）、2024（缺中位）、2025（缺中位）,缺失/未闭合,官方目录未指定；不以机构书单冒充官方,2023机构基线；报考前须核最新,无可读卷证据,高,研究生院/学院历年复试细则与分数线附件；学院拟录取公示附件、研究生院录取公示；同年复试名单+最终拟录取名单闭合；2026招生目录/自命题大纲附件；学校往年试题库/学院试题附件/可核回忆卷,最低录取线/复录比已优先用官网与小程序院校模块补齐；中位数仅在名单图与录取人数、最低分闭合时写入；本科背景仍不作推断。；2026名单图已人工下滑复核，中位数按普通计划口径写入。
苏州大学,2023,2022、2024、2025、2026,2022（缺最低）、2023,2026：1.05,官方目录未指定；不以机构书单冒充官方,2023机构基线；报考前须核最新,C：非官方不完整片段,高,研究生院/学院历年复试细则与分数线附件；学院拟录取公示附件、研究生院录取公示；同年复试名单+最终拟录取名单闭合；2026招生目录/自命题大纲附件；学校往年试题库/学院试题附件/可核回忆卷,最低录取线/复录比已优先用官网与小程序院校模块补齐；中位数仅在名单图与录取人数、最低分闭合时写入；本科背景仍不作推断。
河海大学,2023,2022、2024、2025、2026,2022、2023（缺中位）、2024（缺中位）,2026：1.35,官方目录未指定；不以机构书单冒充官方,2023机构基线；报考前须核最新,无可读卷证据,高,研究生院/学院历年复试细则与分数线附件；学院拟录取公示附件、研究生院录取公示；同年复试名单+最终拟录取名单闭合；2026招生目录/自命题大纲附件；学校往年试题库/学院试题附件/可核回忆卷,最低录取线/复录比已优先用官网与小程序院校模块补齐；中位数仅在名单图与录取人数、最低分闭合时写入；本科背景仍不作推断。
武汉理工大学,2023,2022、2024、2025、2026,2022、2023（缺中位）、2025（缺中位）,2026：1.33,官方目录未指定；不以机构书单冒充官方,2023机构基线；报考前须核最新,无可读卷证据,高,研究生院/学院历年复试细则与分数线附件；学院拟录取公示附件、研究生院录取公示；同年复试名单+最终拟录取名单闭合；2026招生目录/自命题大纲附件；学校往年试题库/学院试题附件/可核回忆卷,最低录取线/复录比已优先用官网与小程序院校模块补齐；中位数仅在名单图与录取人数、最低分闭合时写入；本科背景仍不作推断。
东北师范大学,2023,2022、2024、2025、2026,2022、2023（缺中位）、2024（缺中位）,2026：1.20,官方目录未指定；不以机构书单冒充官方,2023机构基线；报考前须核最新,无可读卷证据,高,研究生院/学院历年复试细则与分数线附件；学院拟录取公示附件、研究生院录取公示；同年复试名单+最终拟录取名单闭合；2026招生目录/自命题大纲附件；学校往年试题库/学院试题附件/可核回忆卷,最低录取线/复录比已优先用官网与小程序院校模块补齐；中位数仅在名单图与录取人数、最低分闭合时写入；本科背景仍不作推断。；2026名单图已人工下滑复核，中位数按普通计划口径写入。
东华大学,2023,2022、2024、2025、2026,2022、2023（缺中位）、2024（缺中位）、2025（缺中位）,缺失/未闭合,官方目录未指定；不以机构书单冒充官方,2023机构基线；报考前须核最新,无可读卷证据,高,研究生院/学院历年复试细则与分数线附件；学院拟录取公示附件、研究生院录取公示；同年复试名单+最终拟录取名单闭合；2026招生目录/自命题大纲附件；学校往年试题库/学院试题附件/可核回忆卷,最低录取线/复录比已优先用官网与小程序院校模块补齐；中位数仅在名单图与录取人数、最低分闭合时写入；本科背景仍不作推断。
北京工业大学,2023,2022、2024、2026,2022、2023（缺中位）,2026：1.23,官方目录未指定；不以机构书单冒充官方,2023机构基线；报考前须核最新,无可读卷证据,高,研究生院/学院历年复试细则与分数线附件；学院拟录取公示附件、研究生院录取公示；同年复试名单+最终拟录取名单闭合；2026招生目录/自命题大纲附件；学校往年试题库/学院试题附件/可核回忆卷,最低录取线/复录比已优先用官网与小程序院校模块补齐；中位数仅在名单图与录取人数、最低分闭合时写入；本科背景仍不作推断。
合肥工业大学,2022,无/已标注,2022、2023、2024、2025、2026,缺失/未闭合,官方旧（2023）；2026交互目录待复核，不标作最新指定教材,最新官方已核,B：2023官方旧大纲；未核到可读原卷,高,研究生院/学院历年复试细则与分数线附件；学院拟录取公示附件、研究生院录取公示；同年复试名单+最终拟录取名单闭合；2026招生目录/自命题大纲附件；学校往年试题库/学院试题附件/可核回忆卷,最低录取线/复录比已优先用官网与小程序院校模块补齐；中位数仅在名单图与录取人数、最低分闭合时写入；本科背景仍不作推断。
郑州大学,2023,2022、2024、2025、2026,2022、2023、2025（缺中位）,2026：1.20,官方目录未指定；不以机构书单冒充官方,2023机构基线；报考前须核最新,无可读卷证据,高,研究生院/学院历年复试细则与分数线附件；学院拟录取公示附件、研究生院录取公示；同年复试名单+最终拟录取名单闭合；2026招生目录/自命题大纲附件；学校往年试题库/学院试题附件/可核回忆卷,最低录取线/复录比已优先用官网与小程序院校模块补齐；中位数仅在名单图与录取人数、最低分闭合时写入；本科背景仍不作推断。
华南师范大学,2023,2022、2024、2025、2026,2022、2023（缺中位）、2025（缺中位）,2026：1.30,官方目录未指定；不以机构书单冒充官方,2023机构基线；报考前须核最新,无可读卷证据,高,研究生院/学院历年复试细则与分数线附件；学院拟录取公示附件、研究生院录取公示；同年复试名单+最终拟录取名单闭合；2026招生目录/自命题大纲附件；学校往年试题库/学院试题附件/可核回忆卷,最低录取线/复录比已优先用官网与小程序院校模块补齐；中位数仅在名单图与录取人数、最低分闭合时写入；本科背景仍不作推断。
华中师范大学,2023,2022、2024、2025、2026,2022（缺最低）、2023（缺中位）,2026：1.20,官方目录未指定；不以机构书单冒充官方,2023机构基线；报考前须核最新,无可读卷证据,高,研究生院/学院历年复试细则与分数线附件；学院拟录取公示附件、研究生院录取公示；同年复试名单+最终拟录取名单闭合；2026招生目录/自命题大纲附件；学校往年试题库/学院试题附件/可核回忆卷,最低录取线/复录比已优先用官网与小程序院校模块补齐；中位数仅在名单图与录取人数、最低分闭合时写入；本科背景仍不作推断。
西南交通大学,2022、2023、2024,2025、2026,2022、2023、2024,2026：1.80,官方目录未指定；不以机构书单冒充官方,缺失/待官网,无可读卷证据,高,研究生院/学院历年复试细则与分数线附件；学院拟录取公示附件、研究生院录取公示；同年复试名单+最终拟录取名单闭合；2026招生目录/自命题大纲附件；学校往年试题库/学院试题附件/可核回忆卷,最低录取线/复录比已优先用官网与小程序院校模块补齐；中位数仅在名单图与录取人数、最低分闭合时写入；本科背景仍不作推断。
西北大学,2023,2022、2024、2025、2026,2022、2023（缺中位）,2026：1.24,官方目录未指定；不以机构书单冒充官方,2023机构基线；报考前须核最新,无可读卷证据,高,研究生院/学院历年复试细则与分数线附件；学院拟录取公示附件、研究生院录取公示；同年复试名单+最终拟录取名单闭合；2026招生目录/自命题大纲附件；学校往年试题库/学院试题附件/可核回忆卷,最低录取线/复录比已优先用官网与小程序院校模块补齐；中位数仅在名单图与录取人数、最低分闭合时写入；本科背景仍不作推断。；2026名单图已人工下滑复核，中位数按普通计划口径写入。
中国石油大学（北京）,2023,2022、2024、2025、2026,2022、2023（缺中位）,2026：1.18,官方目录未指定；不以机构书单冒充官方,2023机构基线；报考前须核最新,无可读卷证据,高,研究生院/学院历年复试细则与分数线附件；学院拟录取公示附件、研究生院录取公示；同年复试名单+最终拟录取名单闭合；2026招生目录/自命题大纲附件；学校往年试题库/学院试题附件/可核回忆卷,最低录取线/复录比已优先用官网与小程序院校模块补齐；中位数仅在名单图与录取人数、最低分闭合时写入；本科背景仍不作推断。
华北电力大学,2023,2022、2024、2025、2026,2022（缺中位）、2025（缺中位）,2026：1.35,官方目录未指定；不以机构书单冒充官方,2023机构基线；报考前须核最新,无可读卷证据,高,研究生院/学院历年复试细则与分数线附件；学院拟录取公示附件、研究生院录取公示；同年复试名单+最终拟录取名单闭合；2026招生目录/自命题大纲附件；学校往年试题库/学院试题附件/可核回忆卷,最低录取线/复录比已优先用官网与小程序院校模块补齐；中位数仅在名单图与录取人数、最低分闭合时写入；本科背景仍不作推断。
南京师范大学,2023,2022、2024、2025、2026,2022（缺最低）、2023（缺中位）,2026：1.57,官方目录未指定；不以机构书单冒充官方,2023机构基线；报考前须核最新,无可读卷证据,高,研究生院/学院历年复试细则与分数线附件；学院拟录取公示附件、研究生院录取公示；同年复试名单+最终拟录取名单闭合；2026招生目录/自命题大纲附件；学校往年试题库/学院试题附件/可核回忆卷,最低录取线/复录比已优先用官网与小程序院校模块补齐；中位数仅在名单图与录取人数、最低分闭合时写入；本科背景仍不作推断。
中国石油大学（华东）,2023,2022、2024、2025、2026,2022、2023（缺中位）、2025（缺中位）,2026：1.38,官方目录未指定；不以机构书单冒充官方,2023机构基线；报考前须核最新,无可读卷证据,高,研究生院/学院历年复试细则与分数线附件；学院拟录取公示附件、研究生院录取公示；同年复试名单+最终拟录取名单闭合；2026招生目录/自命题大纲附件；学校往年试题库/学院试题附件/可核回忆卷,最低录取线/复录比已优先用官网与小程序院校模块补齐；中位数仅在名单图与录取人数、最低分闭合时写入；本科背景仍不作推断。
中国地质大学（武汉）,2023,2022、2024、2025、2026,2022、2023（缺中位）,2026：1.32,官方目录未指定；不以机构书单冒充官方,2023机构基线；报考前须核最新,无可读卷证据,高,研究生院/学院历年复试细则与分数线附件；学院拟录取公示附件、研究生院录取公示；同年复试名单+最终拟录取名单闭合；2026招生目录/自命题大纲附件；学校往年试题库/学院试题附件/可核回忆卷,最低录取线/复录比已优先用官网与小程序院校模块补齐；中位数仅在名单图与录取人数、最低分闭合时写入；本科背景仍不作推断。
中国地质大学（北京）,2023,2022、2024、2025、2026,2022、2023（缺中位）、2024（缺中位）,2026：3.17,官方目录未指定；不以机构书单冒充官方,2023机构基线；报考前须核最新,无可读卷证据,高,研究生院/学院历年复试细则与分数线附件；学院拟录取公示附件、研究生院录取公示；同年复试名单+最终拟录取名单闭合；2026招生目录/自命题大纲附件；学校往年试题库/学院试题附件/可核回忆卷,最低录取线/复录比已优先用官网与小程序院校模块补齐；中位数仅在名单图与录取人数、最低分闭合时写入；本科背景仍不作推断。
福州大学,2023,2022、2024、2025、2026,2022、2023（缺中位）、2025（缺中位）,2026：1.35,官方目录未指定；不以机构书单冒充官方,2023机构基线；报考前须核最新,无可读卷证据,高,研究生院/学院历年复试细则与分数线附件；学院拟录取公示附件、研究生院录取公示；同年复试名单+最终拟录取名单闭合；2026招生目录/自命题大纲附件；学校往年试题库/学院试题附件/可核回忆卷,最低录取线/复录比已优先用官网与小程序院校模块补齐；中位数仅在名单图与录取人数、最低分闭合时写入；本科背景仍不作推断。
西南大学,2023,2022、2024、2025、2026,2022、2023、2025（缺中位）,2026：1.22,官方目录未指定；不以机构书单冒充官方,最新官方已核,无可读卷证据,高,研究生院/学院历年复试细则与分数线附件；学院拟录取公示附件、研究生院录取公示；同年复试名单+最终拟录取名单闭合；2026招生目录/自命题大纲附件；学校往年试题库/学院试题附件/可核回忆卷,最低录取线/复录比已优先用官网与小程序院校模块补齐；中位数仅在名单图与录取人数、最低分闭合时写入；本科背景仍不作推断。
云南大学,2023,2022、2024、2025、2026,2022、2023（缺中位）、2024（缺中位）、2025（缺中位）,2026：1.14,官方目录未指定；不以机构书单冒充官方,2023机构基线；报考前须核最新,无可读卷证据,高,研究生院/学院历年复试细则与分数线附件；学院拟录取公示附件、研究生院录取公示；同年复试名单+最终拟录取名单闭合；2026招生目录/自命题大纲附件；学校往年试题库/学院试题附件/可核回忆卷,最低录取线/复录比已优先用官网与小程序院校模块补齐；中位数仅在名单图与录取人数、最低分闭合时写入；本科背景仍不作推断。；2026正文/名单图已在微信内置浏览器逐页下滑复核；中位数按可闭合的普通计划口径写入
陕西师范大学,2022、2023,2024、2026,2022、2025（缺中位）,2026：1.27,官方目录未指定；不以机构书单冒充官方,2023机构基线；报考前须核最新,无可读卷证据,高,研究生院/学院历年复试细则与分数线附件；学院拟录取公示附件、研究生院录取公示；同年复试名单+最终拟录取名单闭合；2026招生目录/自命题大纲附件；学校往年试题库/学院试题附件/可核回忆卷,最低录取线/复录比已优先用官网与小程序院校模块补齐；中位数仅在名单图与录取人数、最低分闭合时写入；本科背景仍不作推断。
中央民族大学,2023,2022、2024、2025、2026,2022、2023（缺中位）、2025（缺中位）,2026：1.21,官方目录未指定；不以机构书单冒充官方,2026学校研究生院,无可读卷证据,高,研究生院/学院历年复试细则与分数线附件；学院拟录取公示附件、研究生院录取公示；同年复试名单+最终拟录取名单闭合；2026招生目录/自命题大纲附件；学校往年试题库/学院试题附件/可核回忆卷,最低录取线/复录比已优先用官网与小程序院校模块补齐；中位数仅在名单图与录取人数、最低分闭合时写入；本科背景仍不作推断。
辽宁大学,2023,2022、2024、2025、2026,2022、2023（缺中位）、2025（缺中位）,2026：1.27,官方目录未指定；不以机构书单冒充官方,2023机构基线；报考前须核最新,无可读卷证据,高,研究生院/学院历年复试细则与分数线附件；学院拟录取公示附件、研究生院录取公示；同年复试名单+最终拟录取名单闭合；2026招生目录/自命题大纲附件；学校往年试题库/学院试题附件/可核回忆卷,最低录取线/复录比已优先用官网与小程序院校模块补齐；中位数仅在名单图与录取人数、最低分闭合时写入；本科背景仍不作推断。
湖南师范大学,2023,2022、2024、2025、2026,2022、2023（缺中位）,2026：1.59,官方目录未指定；不以机构书单冒充官方,2023机构基线；报考前须核最新,无可读卷证据,高,研究生院/学院历年复试细则与分数线附件；学院拟录取公示附件、研究生院录取公示；同年复试名单+最终拟录取名单闭合；2026招生目录/自命题大纲附件；学校往年试题库/学院试题附件/可核回忆卷,最低录取线/复录比已优先用官网与小程序院校模块补齐；中位数仅在名单图与录取人数、最低分闭合时写入；本科背景仍不作推断。
北京林业大学,2023,2022、2024、2025、2026,2022、2023（缺中位）、2024（缺中位）、2025（缺中位）,2026：1.24,官方目录未指定；不以机构书单冒充官方,2023机构基线；报考前须核最新,无可读卷证据,高,研究生院/学院历年复试细则与分数线附件；学院拟录取公示附件、研究生院录取公示；同年复试名单+最终拟录取名单闭合；2026招生目录/自命题大纲附件；学校往年试题库/学院试题附件/可核回忆卷,最低录取线/复录比已优先用官网与小程序院校模块补齐；中位数仅在名单图与录取人数、最低分闭合时写入；本科背景仍不作推断。
河北工业大学,2023,2022、2024、2025、2026,2022、2023（缺中位）,2026：1.33,2026官方考试大纲指定,2023机构基线；报考前须核最新,A：2026官方大纲；未核到可读原卷,高,研究生院/学院历年复试细则与分数线附件；学院拟录取公示附件、研究生院录取公示；同年复试名单+最终拟录取名单闭合；学校往年试题库/学院试题附件/可核回忆卷,最低录取线/复录比已优先用官网与小程序院校模块补齐；中位数仅在名单图与录取人数、最低分闭合时写入；本科背景仍不作推断。
中国药科大学,2023,2022、2024、2025、2026,2022（缺中位）,2026：1.10,官方目录未指定；不以机构书单冒充官方,2023机构基线；报考前须核最新,无可读卷证据,高,研究生院/学院历年复试细则与分数线附件；学院拟录取公示附件、研究生院录取公示；同年复试名单+最终拟录取名单闭合；2026招生目录/自命题大纲附件；学校往年试题库/学院试题附件/可核回忆卷,最低录取线/复录比已优先用官网与小程序院校模块补齐；中位数仅在名单图与录取人数、最低分闭合时写入；本科背景仍不作推断。
南昌大学,2022、2023,2024、2025、2026,2022、2025（缺中位）,2026：1.17,官方目录未指定；不以机构书单冒充官方,2023机构基线；报考前须核最新,无可读卷证据,高,研究生院/学院历年复试细则与分数线附件；学院拟录取公示附件、研究生院录取公示；同年复试名单+最终拟录取名单闭合；2026招生目录/自命题大纲附件；学校往年试题库/学院试题附件/可核回忆卷,最低录取线/复录比已优先用官网与小程序院校模块补齐；中位数仅在名单图与录取人数、最低分闭合时写入；本科背景仍不作推断。
华中农业大学,2023,2022、2024、2025、2026,2022、2023（缺中位）,2026：1.17,官方目录未指定；不以机构书单冒充官方,2023机构基线；报考前须核最新,无可读卷证据,高,研究生院/学院历年复试细则与分数线附件；学院拟录取公示附件、研究生院录取公示；同年复试名单+最终拟录取名单闭合；2026招生目录/自命题大纲附件；学校往年试题库/学院试题附件/可核回忆卷,最低录取线/复录比已优先用官网与小程序院校模块补齐；中位数仅在名单图与录取人数、最低分闭合时写入；本科背景仍不作推断。
安徽大学,2023,2022、2024、2025、2026,2022、2023（缺中位）、2024（缺中位）、2025（缺中位）,2026：1.22,官方目录未指定；不以机构书单冒充官方,2023机构基线；报考前须核最新,无可读卷证据,高,研究生院/学院历年复试细则与分数线附件；学院拟录取公示附件、研究生院录取公示；同年复试名单+最终拟录取名单闭合；2026招生目录/自命题大纲附件；学校往年试题库/学院试题附件/可核回忆卷,最低录取线/复录比已优先用官网与小程序院校模块补齐；中位数仅在名单图与录取人数、最低分闭合时写入；本科背景仍不作推断。；2026名单图已人工下滑复核，中位数按普通计划口径写入。
南京农业大学,2022、2023,2024、2025、2026,2022、2023、2025,2026：1.00,官方目录未指定；不以机构书单冒充官方,缺失/待官网,无可读卷证据,高,研究生院/学院历年复试细则与分数线附件；学院拟录取公示附件、研究生院录取公示；同年复试名单+最终拟录取名单闭合；2026招生目录/自命题大纲附件；学校往年试题库/学院试题附件/可核回忆卷,最低录取线/复录比已优先用官网与小程序院校模块补齐；中位数仅在名单图与录取人数、最低分闭合时写入；本科背景仍不作推断。
太原理工大学,2022、2023,2024、2025,2022、2023,2026：1.00,官方目录未指定；不以机构书单冒充官方,2023机构基线；报考前须核最新,无可读卷证据,高,研究生院/学院历年复试细则与分数线附件；学院拟录取公示附件、研究生院录取公示；同年复试名单+最终拟录取名单闭合；2026招生目录/自命题大纲附件；学校往年试题库/学院试题附件/可核回忆卷,最低录取线/复录比已优先用官网与小程序院校模块补齐；中位数仅在名单图与录取人数、最低分闭合时写入；本科背景仍不作推断。
贵州大学,2023,2022、2024、2025、2026,2022、2023（缺中位）,2026：1.52,官方目录未指定；不以机构书单冒充官方,2023机构基线；报考前须核最新,无可读卷证据,高,研究生院/学院历年复试细则与分数线附件；学院拟录取公示附件、研究生院录取公示；同年复试名单+最终拟录取名单闭合；2026招生目录/自命题大纲附件；学校往年试题库/学院试题附件/可核回忆卷,最低录取线/复录比已优先用官网与小程序院校模块补齐；中位数仅在名单图与录取人数、最低分闭合时写入；本科背景仍不作推断。
内蒙古大学,2023,2022、2024、2025、2026,2022、2023（缺中位）、2024（缺中位）、2025（缺中位）,2026：1.05,官方目录未指定；不以机构书单冒充官方,2023机构基线；报考前须核最新,无可读卷证据,高,研究生院/学院历年复试细则与分数线附件；学院拟录取公示附件、研究生院录取公示；同年复试名单+最终拟录取名单闭合；2026招生目录/自命题大纲附件；学校往年试题库/学院试题附件/可核回忆卷,最低录取线/复录比已优先用官网与小程序院校模块补齐；中位数仅在名单图与录取人数、最低分闭合时写入；本科背景仍不作推断。
东北农业大学,2022、2023、2024,2025、2026,2022、2023、2024、2025（缺中位）,2026：1.00,官方目录未指定；不以机构书单冒充官方,缺失/待官网,无可读卷证据,高,研究生院/学院历年复试细则与分数线附件；学院拟录取公示附件、研究生院录取公示；同年复试名单+最终拟录取名单闭合；2026招生目录/自命题大纲附件；学校往年试题库/学院试题附件/可核回忆卷,最低录取线/复录比已优先用官网与小程序院校模块补齐；中位数仅在名单图与录取人数、最低分闭合时写入；本科背景仍不作推断。
东北林业大学,2022、2023,2024、2025、2026,2022、2023,2026：1.33,官方目录未指定；不以机构书单冒充官方,缺失/待官网,无可读卷证据,高,研究生院/学院历年复试细则与分数线附件；学院拟录取公示附件、研究生院录取公示；同年复试名单+最终拟录取名单闭合；2026招生目录/自命题大纲附件；学校往年试题库/学院试题附件/可核回忆卷,最低录取线/复录比已优先用官网与小程序院校模块补齐；中位数仅在名单图与录取人数、最低分闭合时写入；本科背景仍不作推断。
新疆大学,2023,2022、2024、2025、2026,2022（缺最低）、2023（缺中位）、2024（缺中位）、2025（缺中位）、2026,2026：1.00,官方目录未指定；不以机构书单冒充官方,2023机构基线；报考前须核最新,无可读卷证据,高,研究生院/学院历年复试细则与分数线附件；学院拟录取公示附件、研究生院录取公示；同年复试名单+最终拟录取名单闭合；2026招生目录/自命题大纲附件；学校往年试题库/学院试题附件/可核回忆卷,最低录取线/复录比已优先用官网与小程序院校模块补齐；中位数仅在名单图与录取人数、最低分闭合时写入；本科背景仍不作推断。
延边大学,2023,2022、2024、2025、2026,2022、2025（缺中位）,2026：1.17,官方目录未指定；不以机构书单冒充官方,2023机构基线；报考前须核最新,无可读卷证据,高,研究生院/学院历年复试细则与分数线附件；学院拟录取公示附件、研究生院录取公示；同年复试名单+最终拟录取名单闭合；2026招生目录/自命题大纲附件；学校往年试题库/学院试题附件/可核回忆卷,最低录取线/复录比已优先用官网与小程序院校模块补齐；中位数仅在名单图与录取人数、最低分闭合时写入；本科背景仍不作推断。
宁夏大学,2022、2023、2024,2025、2026,2022、2023、2024,2026：1.00,官方目录未指定；不以机构书单冒充官方,缺失/待官网,无可读卷证据,高,研究生院/学院历年复试细则与分数线附件；学院拟录取公示附件、研究生院录取公示；同年复试名单+最终拟录取名单闭合；2026招生目录/自命题大纲附件；学校往年试题库/学院试题附件/可核回忆卷,最低录取线/复录比已优先用官网与小程序院校模块补齐；中位数仅在名单图与录取人数、最低分闭合时写入；本科背景仍不作推断。
石河子大学,2023,2022、2024、2025、2026,2022、2023、2024、2025（缺中位）,2026：1.00,官方目录未指定；不以机构书单冒充官方,2023机构基线；报考前须核最新,无可读卷证据,高,研究生院/学院历年复试细则与分数线附件；学院拟录取公示附件、研究生院录取公示；同年复试名单+最终拟录取名单闭合；2026招生目录/自命题大纲附件；学校往年试题库/学院试题附件/可核回忆卷,最低录取线/复录比已优先用官网与小程序院校模块补齐；中位数仅在名单图与录取人数、最低分闭合时写入；本科背景仍不作推断。
