school,is985,zone,unit,english,math,location,latestCutoff,latestQ10Proxy,historyCount,confidence,confidenceScore,q05,q10,q20,q50,q80,q90,q95,nationalLineMedian,nationalLineQ90,lagSurpriseZ,peerPressure,events,eventCoverage,selectedModel,decomposition,sourceRow
新疆大学,False,B,数学与系统科学学院,英语二,数学三,新疆乌鲁木齐水磨沟区博达校区,314.0,,5,中等,56,295.8,301.3,307.7,319.9,337.2,346.0,351.8,320.34,335.95,0.0,3.11,[],尚未发现事件；不等于确认无事件,历史边际分中位数锚定（滚动回测胜出）,"{'national_line': 320.4, 'school_and_static': 2.4, 'dynamic_baseline': 30.9, 'market_reversal': 2.7, 'peer_spillover': -11.5, 'event_expected': 0.0, 'ensemble_delta': -25.1}",394
内蒙古大学,False,B,数学科学学院,英语二,数学三,内蒙古呼和浩特赛罕区,314.0,323.22,5,中等,70,299.0,303.4,309.4,321.3,338.6,347.3,353.1,320.28,336.2,2.18,3.02,[],尚未发现事件；不等于确认无事件,历史边际分中位数锚定（滚动回测胜出）,"{'national_line': 320.4, 'school_and_static': -4.6, 'dynamic_baseline': 32.7, 'market_reversal': -0.1, 'peer_spillover': -11.1, 'event_expected': 0.0, 'ensemble_delta': -16.0}",379
宁夏大学,False,B,数学统计学院,英语二,数学三,宁夏银川西夏区贺兰山校区,314.0,315.42,2,较低,42,301.4,306.5,312.6,324.1,341.4,350.2,355.9,320.42,336.16,-0.38,3.08,[],尚未发现事件；不等于确认无事件,历史边际分中位数锚定（滚动回测胜出）,"{'national_line': 320.4, 'school_and_static': -11.4, 'dynamic_baseline': 27.5, 'market_reversal': 3.3, 'peer_spillover': -11.3, 'event_expected': 0.0, 'ensemble_delta': -4.3}",404
云南大学,False,B,数学与统计学院,英语二,数学三,云南昆明呈贡区呈贡校区,314.0,343.72,5,中等,70,302.6,307.7,314.0,325.5,342.8,351.6,357.4,320.54,335.87,6.43,2.79,[],尚未发现事件；不等于确认无事件,历史边际分中位数锚定（滚动回测胜出）,"{'national_line': 320.4, 'school_and_static': 1.7, 'dynamic_baseline': 40.0, 'market_reversal': -5.7, 'peer_spillover': -10.2, 'event_expected': 0.0, 'ensemble_delta': -20.7}",309
贵州大学,False,B,数学与统计学院,英语二,数学三,贵州贵阳花溪区西校区,314.0,329.06,5,中等,70,305.9,311.0,316.8,328.4,345.7,354.5,360.2,320.46,336.2,1.84,3.08,[],尚未发现事件；不等于确认无事件,历史边际分中位数锚定（滚动回测胜出）,"{'national_line': 320.4, 'school_and_static': 0.0, 'dynamic_baseline': 31.6, 'market_reversal': 0.3, 'peer_spillover': -11.3, 'event_expected': 0.0, 'ensemble_delta': -12.6}",374
国防科技大学,True,A,理学院,英语二,数学三,湖南长沙开福区三号院,324.0,,3,较低,15,303.8,309.7,316.2,329.0,346.3,355.1,360.9,330.33,346.2,0.0,2.64,[],尚未发现事件；不等于确认无事件,历史边际分中位数锚定（滚动回测胜出）,"{'national_line': 330.4, 'school_and_static': 44.6, 'dynamic_baseline': 29.3, 'market_reversal': 2.7, 'peer_spillover': -9.6, 'event_expected': 0.0, 'ensemble_delta': -66.2}",114
合肥工业大学,False,A,数学学院,英语二,数学三,安徽合肥包河区屯溪路校区,332.0,,4,较低,15,303.1,309.0,316.3,329.3,346.6,355.4,361.2,330.25,345.75,2.0,3.03,[],尚未发现事件；不等于确认无事件,历史边际分中位数锚定（滚动回测胜出）,"{'national_line': 330.4, 'school_and_static': 21.5, 'dynamic_baseline': 31.3, 'market_reversal': 1.3, 'peer_spillover': -11.1, 'event_expected': 0.0, 'ensemble_delta': -41.8}",239
延边大学,False,A,理学院,英语二,数学三,吉林延边州延吉市,324.0,316.0,5,中等,63,306.0,311.7,318.0,329.9,347.2,356.0,361.8,330.31,345.73,-1.27,3.16,[],尚未发现事件；不等于确认无事件,历史边际分中位数锚定（滚动回测胜出）,"{'national_line': 330.4, 'school_and_static': 13.3, 'dynamic_baseline': 22.8, 'market_reversal': 4.3, 'peer_spillover': -11.7, 'event_expected': 0.0, 'ensemble_delta': -29.2}",399
湖南师范大学,False,A,数学与统计学院,英语二,数学三,湖南长沙岳麓区二里半校区,324.0,343.29,5,中等,70,311.0,315.7,321.9,333.5,350.8,359.5,365.3,330.23,345.92,4.18,2.91,[],尚未发现事件；不等于确认无事件,历史边际分中位数锚定（滚动回测胜出）,"{'national_line': 330.4, 'school_and_static': 4.8, 'dynamic_baseline': 32.8, 'market_reversal': -2.6, 'peer_spillover': -10.6, 'event_expected': 0.0, 'ensemble_delta': -21.4}",329
东北林业大学,False,A,理学院,英语二,数学三,黑龙江哈尔滨香坊区,324.0,329.6,3,中等,56,311.9,316.6,322.8,334.6,351.9,360.7,366.4,330.34,345.97,0.58,3.0,[],尚未发现事件；不等于确认无事件,历史边际分中位数锚定（滚动回测胜出）,"{'national_line': 330.4, 'school_and_static': -2.9, 'dynamic_baseline': 28.1, 'market_reversal': 2.0, 'peer_spillover': -11.0, 'event_expected': 0.0, 'ensemble_delta': -11.9}",389
华中农业大学,False,A,信息学院,英语二,数学三,湖北武汉洪山区狮子山校区,324.0,326.0,5,中等,70,310.8,316.3,322.6,334.9,352.2,361.0,366.8,330.37,346.29,-0.69,3.04,[],尚未发现事件；不等于确认无事件,历史边际分中位数锚定（滚动回测胜出）,"{'national_line': 330.4, 'school_and_static': 19.7, 'dynamic_baseline': 23.3, 'market_reversal': 4.5, 'peer_spillover': -11.2, 'event_expected': 0.0, 'ensemble_delta': -31.8}",354
华北电力大学,False,A,北京数理学院；保定数理系,英语二,数学三,北京昌平区回龙观；河北保定莲池区,324.0,375.82,5,中等,70,313.3,318.4,324.9,336.6,353.9,362.7,368.4,330.39,345.96,11.81,2.58,[],尚未发现事件；不等于确认无事件,历史边际分中位数锚定（滚动回测胜出）,"{'national_line': 330.4, 'school_and_static': 12.1, 'dynamic_baseline': 42.0, 'market_reversal': -12.8, 'peer_spillover': -9.3, 'event_expected': 0.0, 'ensemble_delta': -25.7}",274
石河子大学,False,B,经济与管理学院,英语二,数学三,新疆石河子市北四路校区,314.0,355.0,4,较低,42,313.8,318.7,325.3,337.1,354.4,363.2,369.0,320.14,336.03,10.25,2.57,[],尚未发现事件；不等于确认无事件,历史边际分中位数锚定（滚动回测胜出）,"{'national_line': 320.4, 'school_and_static': 26.5, 'dynamic_baseline': 25.5, 'market_reversal': -10.0, 'peer_spillover': -9.3, 'event_expected': 0.0, 'ensemble_delta': -15.9}",409
华南师范大学,False,A,数学科学学院；心理学院,英语二,数学三,广东广州天河区石牌校区,324.0,351.87,5,中等,70,314.8,319.9,325.9,337.2,354.5,363.3,369.1,330.4,346.2,4.6,2.71,[],尚未发现事件；不等于确认无事件,历史边际分中位数锚定（滚动回测胜出）,"{'national_line': 330.4, 'school_and_static': 8.2, 'dynamic_baseline': 34.4, 'market_reversal': -3.4, 'peer_spillover': -9.9, 'event_expected': 0.0, 'ensemble_delta': -22.5}",249
河北工业大学,False,A,理学院,英语一,数学三,天津北辰区北辰校区,324.0,370.8,5,中等,70,315.1,319.9,326.0,337.7,355.0,363.7,369.5,330.59,345.67,8.04,2.61,[],尚未发现事件；不等于确认无事件,历史边际分中位数锚定（滚动回测胜出）,"{'national_line': 330.4, 'school_and_static': 17.9, 'dynamic_baseline': 37.4, 'market_reversal': -8.1, 'peer_spillover': -9.4, 'event_expected': 0.0, 'ensemble_delta': -30.6}",339
辽宁大学,False,A,经济学院；数学与统计学院,英语二,数学三,辽宁沈阳皇姑区崇山校区；沈北新区蒲河校区,324.0,344.89,5,中等,70,318.0,323.0,329.3,340.5,357.8,366.6,372.3,330.68,346.51,2.07,3.07,[],尚未发现事件；不等于确认无事件,历史边际分中位数锚定（滚动回测胜出）,"{'national_line': 330.4, 'school_and_static': 6.7, 'dynamic_baseline': 33.3, 'market_reversal': 0.3, 'peer_spillover': -11.3, 'event_expected': 0.0, 'ensemble_delta': -18.9}",324
中国地质大学（武汉）,False,A,经济管理学院；数学与物理学院,英语二,数学三,湖北武汉洪山区南望山校区,324.0,332.69,5,中等,70,318.2,323.2,329.3,341.3,358.6,367.3,373.1,330.26,345.85,-0.66,3.12,[],尚未发现事件；不等于确认无事件,历史边际分中位数锚定（滚动回测胜出）,"{'national_line': 330.4, 'school_and_static': 11.2, 'dynamic_baseline': 27.1, 'market_reversal': 4.0, 'peer_spillover': -11.5, 'event_expected': 0.0, 'ensemble_delta': -19.9}",289
上海财经大学,False,A,数学学院；统计与数据科学学院,英语二,数学三,上海杨浦区国定路校区,324.0,345.9,5,中等,70,319.1,324.4,330.1,341.3,358.6,367.4,373.1,330.34,345.84,1.73,3.05,[],尚未发现事件；不等于确认无事件,历史边际分中位数锚定（滚动回测胜出）,"{'national_line': 330.4, 'school_and_static': 3.5, 'dynamic_baseline': 34.3, 'market_reversal': 0.1, 'peer_spillover': -11.2, 'event_expected': 0.0, 'ensemble_delta': -15.9}",39
东北农业大学,False,A,文理学院,英语二,数学三,黑龙江哈尔滨香坊区,324.0,345.0,2,较低,42,318.7,323.6,330.2,342.0,359.3,368.1,373.9,330.3,345.97,1.5,3.05,[],尚未发现事件；不等于确认无事件,历史边际分中位数锚定（滚动回测胜出）,"{'national_line': 330.4, 'school_and_static': 3.4, 'dynamic_baseline': 24.2, 'market_reversal': 0.5, 'peer_spillover': -11.2, 'event_expected': 0.0, 'ensemble_delta': -5.2}",384
陕西师范大学,False,A,数学与统计学院,英语二,数学三,陕西西安长安区长安校区,324.0,343.55,4,中等,70,319.5,324.5,330.5,342.1,359.4,368.2,373.9,330.49,346.11,2.62,3.02,[],尚未发现事件；不等于确认无事件,历史边际分中位数锚定（滚动回测胜出）,"{'national_line': 330.4, 'school_and_static': 9.1, 'dynamic_baseline': 29.7, 'market_reversal': -0.9, 'peer_spillover': -11.1, 'event_expected': 0.0, 'ensemble_delta': -15.1}",314
中国药科大学,False,A,理学院,英语一,数学三,江苏南京江宁区江宁校区,324.0,341.59,5,中等,70,320.4,325.5,331.3,342.8,360.1,368.9,374.7,330.4,346.16,1.04,3.07,[],尚未发现事件；不等于确认无事件,历史边际分中位数锚定（滚动回测胜出）,"{'national_line': 330.4, 'school_and_static': 13.4, 'dynamic_baseline': 25.6, 'market_reversal': 1.3, 'peer_spillover': -11.3, 'event_expected': 0.0, 'ensemble_delta': -16.6}",344
上海大学,False,A,经济学院；理学院,英语二,数学三,上海宝山区宝山校区,324.0,342.2,4,中等,70,322.3,327.2,333.0,344.5,361.8,370.6,376.4,330.16,346.0,1.62,2.97,[],尚未发现事件；不等于确认无事件,历史边际分中位数锚定（滚动回测胜出）,"{'national_line': 330.4, 'school_and_static': 7.2, 'dynamic_baseline': 25.7, 'market_reversal': 0.5, 'peer_spillover': -10.9, 'event_expected': 0.0, 'ensemble_delta': -8.4}",204
东华大学,False,A,数学与统计学院；应用统计专业学位教育中心,英语二,数学三,上海松江区松江校区,324.0,391.4,5,中等,70,322.9,328.1,333.9,345.6,362.9,371.7,377.5,330.58,346.24,10.19,2.63,[],尚未发现事件；不等于确认无事件,历史边际分中位数锚定（滚动回测胜出）,"{'national_line': 330.4, 'school_and_static': 27.5, 'dynamic_baseline': 39.9, 'market_reversal': -10.9, 'peer_spillover': -9.5, 'event_expected': 0.0, 'ensemble_delta': -31.7}",229
河海大学,False,A,数学学院；前沿交叉科学研究院,英语一,数学三,江苏南京江宁区江宁校区,324.0,360.69,5,中等,70,324.5,329.4,335.3,346.8,364.1,372.9,378.6,330.3,346.01,2.85,2.76,[],尚未发现事件；不等于确认无事件,历史边际分中位数锚定（滚动回测胜出）,"{'national_line': 330.4, 'school_and_static': 17.0, 'dynamic_baseline': 31.1, 'market_reversal': -1.2, 'peer_spillover': -10.1, 'event_expected': 0.0, 'ensemble_delta': -20.5}",214
太原理工大学,False,A,数学学院,英语二,数学三,山西太原万柏林区迎西校区,325.0,328.08,3,中等,56,326.1,330.8,337.0,348.7,366.0,374.7,380.5,330.23,345.73,-1.46,2.83,[],尚未发现事件；不等于确认无事件,历史边际分中位数锚定（滚动回测胜出）,"{'national_line': 330.4, 'school_and_static': 13.3, 'dynamic_baseline': 20.3, 'market_reversal': 4.9, 'peer_spillover': -10.3, 'event_expected': 0.0, 'ensemble_delta': -9.9}",369
郑州大学,False,A,数学与统计学院,英语二,数学三,河南郑州中原区主校区,324.0,369.42,5,中等,56,327.3,332.2,338.3,350.0,367.3,376.0,381.8,330.1,345.8,6.03,2.49,[],尚未发现事件；不等于确认无事件,历史边际分中位数锚定（滚动回测胜出）,"{'national_line': 330.4, 'school_and_static': 20.7, 'dynamic_baseline': 34.1, 'market_reversal': -4.8, 'peer_spillover': -9.0, 'event_expected': 0.0, 'ensemble_delta': -21.5}",244
西北大学,False,A,数学学院,英语一,数学三,陕西西安长安区长安校区,324.0,346.07,5,中等,63,327.7,332.9,338.8,350.2,367.5,376.3,382.1,330.47,346.04,0.64,2.61,[],尚未发现事件；不等于确认无事件,历史边际分中位数锚定（滚动回测胜出）,"{'national_line': 330.4, 'school_and_static': 13.8, 'dynamic_baseline': 28.1, 'market_reversal': 1.6, 'peer_spillover': -9.5, 'event_expected': 0.0, 'ensemble_delta': -14.2}",264
中国石油大学（北京）,False,B,理学院；克拉玛依校区,英语二,数学三,北京昌平区；新疆克拉玛依市克拉玛依区,324.0,370.64,5,中等,70,326.8,332.1,338.3,350.4,367.7,376.5,382.2,320.47,336.0,1.93,2.03,[],尚未发现事件；不等于确认无事件,历史边际分中位数锚定（滚动回测胜出）,"{'national_line': 320.4, 'school_and_static': 36.1, 'dynamic_baseline': 28.6, 'market_reversal': -0.2, 'peer_spillover': -7.1, 'event_expected': 0.0, 'ensemble_delta': -27.5}",269
西南交通大学,False,A,数学学院,英语二,数学三,四川成都郫都区犀浦校区,324.0,360.6,2,较低,42,330.1,335.1,341.0,352.6,369.9,378.7,384.5,330.27,345.67,2.3,2.5,[],尚未发现事件；不等于确认无事件,历史边际分中位数锚定（滚动回测胜出）,"{'national_line': 330.4, 'school_and_static': 9.2, 'dynamic_baseline': 26.3, 'market_reversal': -0.7, 'peer_spillover': -9.0, 'event_expected': 0.0, 'ensemble_delta': -3.5}",259
山东大学,True,A,经济研究院；金融研究院；数据科学研究院；数学与统计学院,英语二,396经综,山东济南历城区；山东威海环翠区（部分方向）,325.0,336.44,5,中等,70,330.2,334.9,340.9,352.7,370.0,378.8,384.5,330.38,346.09,-1.95,3.6,[],尚未发现事件；不等于确认无事件,历史边际分中位数锚定（滚动回测胜出）,"{'national_line': 330.4, 'school_and_static': 25.0, 'dynamic_baseline': 22.6, 'market_reversal': 3.7, 'peer_spillover': -13.4, 'event_expected': 0.0, 'ensemble_delta': -15.6}",124
中国地质大学（北京）,False,A,数理学院,英语二（统考）,数学三（统考）,北京海淀区学院路校区,324.0,381.09,5,较高,78,330.7,335.4,341.4,353.2,370.5,379.3,385.0,330.52,346.23,2.67,2.49,[],尚未发现事件；不等于确认无事件,历史边际分中位数锚定（滚动回测胜出）,"{'national_line': 330.4, 'school_and_static': 29.0, 'dynamic_baseline': 31.8, 'market_reversal': -0.9, 'peer_spillover': -9.0, 'event_expected': 0.0, 'ensemble_delta': -28.2}",294
武汉理工大学,False,A,数学与统计学院,英语二,数学三,湖北武汉洪山区马房山校区；襄阳专项,324.0,362.57,5,中等,70,332.1,336.9,342.9,354.1,371.4,380.2,386.0,330.28,346.36,1.75,2.54,[],尚未发现事件；不等于确认无事件,历史边际分中位数锚定（滚动回测胜出）,"{'national_line': 330.4, 'school_and_static': 19.4, 'dynamic_baseline': 31.4, 'market_reversal': 0.3, 'peer_spillover': -9.2, 'event_expected': 0.0, 'ensemble_delta': -18.2}",219
华东理工大学,False,A,数学学院,英语二,数学三,上海徐汇区梅陇校区；奉贤区海湾校区,324.0,364.59,2,较低,42,332.9,337.7,343.6,355.3,372.6,381.4,387.2,330.33,345.87,2.59,2.55,[],尚未发现事件；不等于确认无事件,历史边际分中位数锚定（滚动回测胜出）,"{'national_line': 330.4, 'school_and_static': 10.2, 'dynamic_baseline': 29.4, 'market_reversal': -1.1, 'peer_spillover': -9.2, 'event_expected': 0.0, 'ensemble_delta': -4.4}",199
暨南大学,False,A,经济学院；信息科学技术学院,英语二,数学三,广东广州天河区石牌校区,324.0,382.16,5,中等,63,333.1,338.4,344.1,355.9,373.2,382.0,387.8,330.11,346.45,2.24,2.56,[],尚未发现事件；不等于确认无事件,历史边际分中位数锚定（滚动回测胜出）,"{'national_line': 330.4, 'school_and_static': 24.2, 'dynamic_baseline': 34.3, 'market_reversal': -1.2, 'peer_spillover': -9.2, 'event_expected': 0.0, 'ensemble_delta': -22.5}",184
中南财经政法大学,False,A,统计与数学学院,英语二,数学三,湖北武汉江夏区南湖校区,324.0,362.36,5,中等,70,335.2,340.1,345.8,357.5,374.8,383.5,389.3,330.61,346.15,1.13,2.31,[],尚未发现事件；不等于确认无事件,历史边际分中位数锚定（滚动回测胜出）,"{'national_line': 330.4, 'school_and_static': 13.6, 'dynamic_baseline': 33.5, 'market_reversal': 0.6, 'peer_spillover': -8.2, 'event_expected': 0.0, 'ensemble_delta': -12.4}",109
北京林业大学,False,A,经济管理学院,英语二,数学三,北京海淀区清华东路校区,324.0,356.15,5,中等,70,335.3,340.1,345.9,357.4,374.7,383.5,389.2,330.33,346.42,1.07,2.31,[],尚未发现事件；不等于确认无事件,历史边际分中位数锚定（滚动回测胜出）,"{'national_line': 330.4, 'school_and_static': 19.8, 'dynamic_baseline': 27.1, 'market_reversal': 1.0, 'peer_spillover': -8.2, 'event_expected': 0.0, 'ensemble_delta': -12.6}",334
西南大学,False,A,数学与统计学院,英语二,数学三,重庆北碚区北碚校区,324.0,402.8,5,中等,56,334.2,339.2,345.6,358.1,375.4,384.2,389.9,330.48,346.14,11.87,1.77,[],尚未发现事件；不等于确认无事件,历史边际分中位数锚定（滚动回测胜出）,"{'national_line': 330.4, 'school_and_static': 49.3, 'dynamic_baseline': 37.2, 'market_reversal': -12.9, 'peer_spillover': -6.0, 'event_expected': 0.0, 'ensemble_delta': -39.9}",304
西北工业大学,True,A,数学与统计学院,英语一,数学三,陕西西安长安区长安校区,350.0,357.0,4,中等,70,337.3,342.0,347.9,359.4,376.7,385.5,391.3,330.23,346.02,0.67,2.95,[],尚未发现事件；不等于确认无事件,历史边际分中位数锚定（滚动回测胜出）,"{'national_line': 330.4, 'school_and_static': 24.7, 'dynamic_baseline': 19.9, 'market_reversal': 1.6, 'peer_spillover': -10.8, 'event_expected': 0.0, 'ensemble_delta': -6.3}",94
西安交通大学,True,A,数学与统计学院；经济与金融学院,英语二,数学三,陕西西安碑林区兴庆校区；雁塔区财经校区,360.0,374.91,5,中等,70,338.5,343.4,349.2,360.4,377.7,386.5,392.2,330.33,345.79,1.49,2.92,[],尚未发现事件；不等于确认无事件,历史边际分中位数锚定（滚动回测胜出）,"{'national_line': 330.4, 'school_and_static': 30.5, 'dynamic_baseline': 32.7, 'market_reversal': 2.7, 'peer_spillover': -10.7, 'event_expected': 0.0, 'ensemble_delta': -25.2}",49
厦门大学,True,A,统计学与数据科学系；王亚南经济研究院,英语一；英语二,数学三；396经综,福建厦门思明区思明校区,330.0,403.18,5,中等,70,338.4,343.0,349.0,360.7,378.0,386.8,392.6,330.49,346.28,4.79,2.78,[],尚未发现事件；不等于确认无事件,历史边际分中位数锚定（滚动回测胜出）,"{'national_line': 330.4, 'school_and_static': 42.2, 'dynamic_baseline': 39.0, 'market_reversal': -7.0, 'peer_spillover': -10.1, 'event_expected': 0.0, 'ensemble_delta': -33.6}",79
东北大学,True,A,理学院（含秦皇岛、佛山方向）,英语二,数学三,辽宁沈阳和平区；河北秦皇岛海港区；广东佛山南海区,345.0,363.0,5,中等,70,339.2,344.0,349.9,360.9,378.2,387.0,392.7,330.18,345.79,0.67,2.95,[],尚未发现事件；不等于确认无事件,历史边际分中位数锚定（滚动回测胜出）,"{'national_line': 330.4, 'school_and_static': 38.3, 'dynamic_baseline': 25.6, 'market_reversal': 2.1, 'peer_spillover': -10.8, 'event_expected': 0.0, 'ensemble_delta': -24.7}",194
重庆大学,True,A,数学与统计学院,英语二,数学三,重庆沙坪坝区A校区,355.0,394.2,5,较高,76,338.5,343.6,349.8,361.3,378.6,387.3,393.1,330.3,346.3,9.9,2.57,[],尚未发现事件；不等于确认无事件,历史边际分中位数锚定（滚动回测胜出）,"{'national_line': 330.4, 'school_and_static': 41.5, 'dynamic_baseline': 36.4, 'market_reversal': -8.7, 'peer_spillover': -9.3, 'event_expected': 0.0, 'ensemble_delta': -29.1}",144
同济大学,True,A,数学科学学院,英语二,数学三,上海杨浦区四平路校区,324.0,407.14,4,较低,36,337.7,342.8,349.4,361.9,379.2,388.0,393.7,330.2,345.91,20.78,2.12,[],尚未发现事件；不等于确认无事件,历史边际分中位数锚定（滚动回测胜出）,"{'national_line': 330.4, 'school_and_static': 54.2, 'dynamic_baseline': 37.6, 'market_reversal': -23.2, 'peer_spillover': -7.4, 'event_expected': 0.0, 'ensemble_delta': -29.7}",104
兰州大学,True,B,数学与统计学院,英语二,数学三,甘肃兰州城关区一分部,370.0,377.4,5,中等,56,341.4,346.1,352.0,363.4,380.7,389.5,395.2,320.36,335.88,2.08,2.81,[],尚未发现事件；不等于确认无事件,历史边际分中位数锚定（滚动回测胜出）,"{'national_line': 320.4, 'school_and_static': 41.9, 'dynamic_baseline': 30.7, 'market_reversal': 1.8, 'peer_spillover': -10.3, 'event_expected': 0.0, 'ensemble_delta': -21.2}",164
中国科学技术大学,True,A,管理学院,英语一,数学三,安徽合肥包河区东校区,390.0,392.63,5,较高,78,341.3,346.0,352.2,363.7,381.0,389.8,395.5,330.34,346.16,5.21,2.76,[],尚未发现事件；不等于确认无事件,历史边际分中位数锚定（滚动回测胜出）,"{'national_line': 330.4, 'school_and_static': 48.5, 'dynamic_baseline': 30.3, 'market_reversal': 3.6, 'peer_spillover': -10.1, 'event_expected': 0.0, 'ensemble_delta': -39.0}",29
中山大学,True,A,广州数学学院；数学学院（珠海）,英语二,数学三,广东广州海珠区；广东珠海香洲区,330.0,373.35,5,中等,70,342.1,347.2,353.1,364.5,381.8,390.6,396.3,330.59,346.04,1.39,2.92,[],尚未发现事件；不等于确认无事件,历史边际分中位数锚定（滚动回测胜出）,"{'national_line': 330.4, 'school_and_static': 34.5, 'dynamic_baseline': 29.4, 'market_reversal': 0.1, 'peer_spillover': -10.7, 'event_expected': 0.0, 'ensemble_delta': -19.2}",59
华中科技大学,True,A,数学与统计学院,英语二,数学三,湖北武汉洪山区主校区,375.0,378.29,5,中等,70,342.3,347.1,353.3,364.6,381.9,390.7,396.4,330.41,346.19,2.0,2.9,[],尚未发现事件；不等于确认无事件,历史边际分中位数锚定（滚动回测胜出）,"{'national_line': 330.4, 'school_and_static': 40.2, 'dynamic_baseline': 29.2, 'market_reversal': 1.4, 'peer_spillover': -10.6, 'event_expected': 0.0, 'ensemble_delta': -26.0}",54
西安电子科技大学,False,A,数学与统计学院,英语一,数学三,陕西西安长安区南校区,324.0,358.12,5,中等,70,341.9,346.8,353.1,364.9,382.2,391.0,396.7,330.65,346.07,0.4,2.21,[],尚未发现事件；不等于确认无事件,历史边际分中位数锚定（滚动回测胜出）,"{'national_line': 330.4, 'school_and_static': 25.0, 'dynamic_baseline': 22.0, 'market_reversal': 2.6, 'peer_spillover': -7.8, 'event_expected': 0.0, 'ensemble_delta': -7.3}",159
南京师范大学,False,A,数学科学学院,英语二,数学三,江苏南京栖霞区仙林校区,324.0,359.0,5,中等,70,341.9,347.1,353.4,365.0,382.3,391.1,396.8,330.35,346.54,0.12,2.27,[],尚未发现事件；不等于确认无事件,历史边际分中位数锚定（滚动回测胜出）,"{'national_line': 330.4, 'school_and_static': 32.9, 'dynamic_baseline': 21.9, 'market_reversal': 2.7, 'peer_spillover': -8.1, 'event_expected': 0.0, 'ensemble_delta': -14.8}",279
湖南大学,True,A,金融与统计学院,英语二,396经济类综合能力,湖南长沙岳麓区财院校区,340.0,,5,中等,56,342.2,347.6,353.4,365.2,382.5,391.3,397.1,330.24,345.82,-1.38,3.04,[],尚未发现事件；不等于确认无事件,历史边际分中位数锚定（滚动回测胜出）,"{'national_line': 330.4, 'school_and_static': 46.5, 'dynamic_baseline': 19.1, 'market_reversal': 4.4, 'peer_spillover': -11.2, 'event_expected': 0.0, 'ensemble_delta': -21.7}",154
中国人民大学,True,A,统计学院；统计与大数据研究院,英语一,数学三,北京海淀区（明德主楼）；两院均在中关村校区,340.0,353.29,5,较高,78,342.9,348.0,353.9,365.5,382.8,391.6,397.3,330.37,346.0,-0.53,3.0,[],尚未发现事件；不等于确认无事件,历史边际分中位数锚定（滚动回测胜出）,"{'national_line': 330.4, 'school_and_static': 42.4, 'dynamic_baseline': 24.1, 'market_reversal': 1.1, 'peer_spillover': -11.0, 'event_expected': 0.0, 'ensemble_delta': -21.5}",34
中国石油大学（华东）,False,A,理学院,英语二,数学三,山东青岛黄岛区唐岛湾校区,324.0,369.28,5,中等,70,343.0,348.1,353.8,365.5,382.8,391.6,397.4,330.58,345.82,1.69,2.22,[],尚未发现事件；不等于确认无事件,历史边际分中位数锚定（滚动回测胜出）,"{'national_line': 330.4, 'school_and_static': 24.0, 'dynamic_baseline': 25.7, 'market_reversal': 0.4, 'peer_spillover': -7.9, 'event_expected': 0.0, 'ensemble_delta': -7.2}",284
华中师范大学,False,A,数学与统计学学院,英语二,数学三,湖北武汉洪山区桂子山校区,324.0,360.67,5,中等,70,342.9,348.3,354.4,366.3,383.6,392.4,398.1,330.37,345.87,0.54,1.99,[],尚未发现事件；不等于确认无事件,历史边际分中位数锚定（滚动回测胜出）,"{'national_line': 330.4, 'school_and_static': 27.9, 'dynamic_baseline': 24.6, 'market_reversal': 2.2, 'peer_spillover': -6.9, 'event_expected': 0.0, 'ensemble_delta': -11.8}",254
南昌大学,False,A,经济管理学院,英语二,数学三,江西南昌红谷滩区前湖校区,324.0,380.14,4,中等,70,344.0,349.0,355.2,367.0,384.3,393.0,398.8,330.17,345.88,1.12,1.64,[],尚未发现事件；不等于确认无事件,历史边际分中位数锚定（滚动回测胜出）,"{'national_line': 330.4, 'school_and_static': 27.0, 'dynamic_baseline': 28.6, 'market_reversal': 0.8, 'peer_spillover': -5.5, 'event_expected': 0.0, 'ensemble_delta': -14.2}",349
华东师范大学,True,A,统计学院,英语二,数学三,上海闵行区闵行校区,392.0,394.61,5,较高,78,343.2,348.6,354.9,367.3,384.6,393.4,399.2,330.45,346.22,2.99,2.86,"[{'type': 'syllabus_change', 'name': '432范围不变但考试内容与参考教材调整', 'severity': 'moderate', 'source': 'https://stat.ecnu.edu.cn/c2/dd/c9708a770781/page.htm', 'status': '已机器核验待人工复核', 'scenarios': {'withdrawal': -6.0, 'neutral': 0.0, 'crowd': 7.0}}]",已发现官方事件,历史边际分中位数锚定（滚动回测胜出）,"{'national_line': 330.4, 'school_and_static': 42.5, 'dynamic_baseline': 34.7, 'market_reversal': 8.4, 'peer_spillover': -10.4, 'event_expected': 0.2, 'ensemble_delta': -38.3}",74
南京理工大学,False,A,数学与统计学院,英语二,数学三,江苏南京玄武区孝陵卫校区,324.0,376.63,2,较低,42,344.4,349.6,355.8,367.3,384.6,393.4,399.2,330.56,345.46,2.64,1.92,[],尚未发现事件；不等于确认无事件,历史边际分中位数锚定（滚动回测胜出）,"{'national_line': 330.4, 'school_and_static': 20.5, 'dynamic_baseline': 25.8, 'market_reversal': -1.2, 'peer_spillover': -6.7, 'event_expected': 0.0, 'ensemble_delta': -1.6}",174
中央民族大学,True,A,理学院,英语二,数学三,北京海淀区中关村南大街校区,324.0,385.19,5,中等,70,345.8,350.9,356.4,367.8,385.1,393.8,399.6,330.11,345.89,3.19,2.85,"[{'type': 'persistent_duration_change', 'name': '应用统计自2026级起由2年调整为3年', 'severity': 'minor', 'source': 'https://grs.muc.edu.cn/info/1178/7274.htm', 'status': '已机器核验待人工复核', 'scenarios': {'withdrawal': -5.0, 'neutral': -2.0, 'crowd': 1.0}}]",已发现官方事件,历史边际分中位数锚定（滚动回测胜出）,"{'national_line': 330.4, 'school_and_static': 42.4, 'dynamic_baseline': 31.5, 'market_reversal': -1.5, 'peer_spillover': -10.4, 'event_expected': -2.3, 'ensemble_delta': -22.3}",319
南京大学,True,A,数学学院,英语二,数学三,江苏南京栖霞区仙林校区,406.0,409.6,5,较高,78,343.7,349.1,355.5,367.9,385.2,394.0,399.8,330.35,345.96,3.22,2.85,[],尚未发现事件；不等于确认无事件,历史边际分中位数锚定（滚动回测胜出）,"{'national_line': 330.4, 'school_and_static': 52.5, 'dynamic_baseline': 32.7, 'market_reversal': 5.1, 'peer_spillover': -10.4, 'event_expected': 0.0, 'ensemble_delta': -42.4}",24
福州大学,False,A,数学与统计学院,英语二,数学三,福建福州闽侯县旗山校区,324.0,392.55,5,中等,70,345.0,350.0,356.5,368.6,385.9,394.7,400.4,330.35,346.24,1.72,1.74,[],尚未发现事件；不等于确认无事件,历史边际分中位数锚定（滚动回测胜出）,"{'national_line': 330.4, 'school_and_static': 44.0, 'dynamic_baseline': 30.2, 'market_reversal': -0.3, 'peer_spillover': -5.9, 'event_expected': 0.0, 'ensemble_delta': -29.8}",299
安徽大学,False,A,大数据与统计学院,英语二,数学三,安徽合肥蜀山区磬苑校区,324.0,385.32,5,中等,63,345.5,350.9,357.0,369.0,386.3,395.0,400.8,330.52,346.31,1.77,1.73,[],尚未发现事件；不等于确认无事件,历史边际分中位数锚定（滚动回测胜出）,"{'national_line': 330.4, 'school_and_static': 31.3, 'dynamic_baseline': 31.3, 'market_reversal': 0.1, 'peer_spillover': -5.9, 'event_expected': 0.0, 'ensemble_delta': -18.3}",359
西南财经大学,False,A,统计与数据科学学院,英语二,数学三,四川成都温江区柳林校区,324.0,363.67,5,中等,63,347.0,352.0,358.0,369.6,386.9,395.7,401.4,330.28,346.1,0.03,1.8,[],尚未发现事件；不等于确认无事件,历史边际分中位数锚定（滚动回测胜出）,"{'national_line': 330.4, 'school_and_static': 37.4, 'dynamic_baseline': 26.2, 'market_reversal': 2.6, 'peer_spillover': -6.2, 'event_expected': 0.0, 'ensemble_delta': -20.9}",69
四川大学,True,A,经济学院；数学学院,英语二,数学三,四川成都武侯区望江校区,385.0,388.99,4,中等,70,347.7,352.4,358.4,370.1,387.4,396.1,401.9,330.4,346.0,3.01,2.86,[],尚未发现事件；不等于确认无事件,历史边际分中位数锚定（滚动回测胜出）,"{'national_line': 330.4, 'school_and_static': 35.8, 'dynamic_baseline': 31.0, 'market_reversal': 1.3, 'peer_spillover': -10.4, 'event_expected': 0.0, 'ensemble_delta': -18.0}",119
哈尔滨工业大学,True,A,数学学院（含苏州基地）,英语一,数学三,黑龙江哈尔滨南岗区；江苏苏州吴江区,340.0,375.35,5,中等,70,348.4,353.3,359.4,370.3,387.6,396.4,402.2,330.3,345.95,1.39,2.92,[],尚未发现事件；不等于确认无事件,历史边际分中位数锚定（滚动回测胜出）,"{'national_line': 330.4, 'school_and_static': 42.6, 'dynamic_baseline': 25.9, 'market_reversal': 1.9, 'peer_spillover': -10.7, 'event_expected': 0.0, 'ensemble_delta': -19.7}",64
对外经济贸易大学,False,A,统计学院,英语一,数学三,北京朝阳区惠新东街校区,324.0,375.94,5,中等,70,347.9,352.8,358.8,370.3,387.6,396.4,402.2,329.77,345.65,1.38,1.62,[],尚未发现事件；不等于确认无事件,历史边际分中位数锚定（滚动回测胜出）,"{'national_line': 330.4, 'school_and_static': 32.1, 'dynamic_baseline': 28.2, 'market_reversal': 0.8, 'peer_spillover': -5.5, 'event_expected': 0.0, 'ensemble_delta': -15.8}",99
东北师范大学,False,A,数学与统计学院,英语二（可俄/日）,数学三,吉林长春南关区净月校区,324.0,364.49,5,中等,63,347.5,352.5,358.8,370.3,387.6,396.4,402.2,330.38,345.64,0.4,1.66,[],尚未发现事件；不等于确认无事件,历史边际分中位数锚定（滚动回测胜出）,"{'national_line': 330.4, 'school_and_static': 33.7, 'dynamic_baseline': 20.1, 'market_reversal': 2.5, 'peer_spillover': -5.6, 'event_expected': 0.0, 'ensemble_delta': -10.7}",224
中央财经大学,False,A,统计与数学学院,英语一,数学三,北京海淀区学院南路；北京昌平区沙河校区,324.0,373.17,5,中等,63,347.4,352.4,358.6,370.4,387.7,396.5,402.3,330.69,346.2,1.12,1.76,[],尚未发现事件；不等于确认无事件,历史边际分中位数锚定（滚动回测胜出）,"{'national_line': 330.4, 'school_and_static': 28.6, 'dynamic_baseline': 28.1, 'market_reversal': 0.7, 'peer_spillover': -6.0, 'event_expected': 0.0, 'ensemble_delta': -11.4}",84
北京工业大学,False,A,数学统计学与力学学院,英语二,数学三,北京朝阳区平乐园校区,324.0,398.2,5,中等,70,346.1,351.3,357.6,370.5,387.8,396.6,402.3,330.16,345.78,1.79,1.73,"[{'type': 'syllabus_change', 'name': '432统计学考试大纲内容调整', 'severity': 'moderate', 'source': 'https://yanzhao.bjut.edu.cn/info/1025/18129.htm', 'status': '已机器核验待人工复核', 'scenarios': {'withdrawal': -7.0, 'neutral': 0.0, 'crowd': 8.0}}]",已发现官方事件,历史边际分中位数锚定（滚动回测胜出）,"{'national_line': 330.4, 'school_and_static': 33.0, 'dynamic_baseline': 29.5, 'market_reversal': -7.6, 'peer_spillover': -5.9, 'event_expected': 0.5, 'ensemble_delta': -9.5}",234
东南大学,True,A,统计与数据科学学院,英语一,数学三,江苏南京江宁区九龙湖校区,380.0,398.78,5,中等,70,347.7,352.8,359.1,370.9,388.2,397.0,402.7,330.47,346.14,3.47,2.84,"[{'type': 'books_and_reexam_change', 'name': '初试参考书更新且复试科目调整', 'severity': 'minor', 'source': 'https://stat.seu.edu.cn/2026/0625/c60842a573899/page.htm', 'status': '已机器核验待人工复核', 'scenarios': {'withdrawal': -4.0, 'neutral': 0.0, 'crowd': 5.0}}]",已发现官方事件,历史边际分中位数锚定（滚动回测胜出）,"{'national_line': 330.4, 'school_and_static': 53.3, 'dynamic_baseline': 30.6, 'market_reversal': 4.0, 'peer_spillover': -10.4, 'event_expected': 0.3, 'ensemble_delta': -37.3}",89
北京师范大学,True,A,统计学院,英语二,数学三,广东珠海香洲区（培养地点明确为珠海）,375.0,380.82,5,中等,70,349.5,354.3,360.3,371.5,388.8,397.5,403.3,330.36,346.04,4.05,2.81,[],尚未发现事件；不等于确认无事件,历史边际分中位数锚定（滚动回测胜出）,"{'national_line': 330.4, 'school_and_static': 35.0, 'dynamic_baseline': 34.1, 'market_reversal': 1.4, 'peer_spillover': -10.3, 'event_expected': 0.0, 'ensemble_delta': -19.2}",134
北京交通大学,False,A,经济管理学院；数学与统计学院；在职专业学位中心,英语二,数学三,北京海淀区上园村校区,324.0,347.1,5,中等,70,348.5,353.7,360.4,372.1,389.4,398.1,403.9,330.78,346.58,-4.81,1.87,[],尚未发现事件；不等于确认无事件,历史边际分中位数锚定（滚动回测胜出）,"{'national_line': 330.4, 'school_and_static': 38.2, 'dynamic_baseline': 16.6, 'market_reversal': 9.0, 'peer_spillover': -6.5, 'event_expected': 0.0, 'ensemble_delta': -15.6}",189
苏州大学,False,A,数学科学学院,英语二,数学三,江苏苏州姑苏区天赐庄校区,324.0,383.67,5,中等,56,352.1,357.1,363.7,375.7,393.0,401.8,407.5,330.52,345.85,0.92,1.47,[],尚未发现事件；不等于确认无事件,历史边际分中位数锚定（滚动回测胜出）,"{'national_line': 330.4, 'school_and_static': 46.9, 'dynamic_baseline': 24.6, 'market_reversal': 1.5, 'peer_spillover': -4.9, 'event_expected': 0.0, 'ensemble_delta': -22.8}",209
中国海洋大学,True,A,数学科学学院,英语二,数学三,山东青岛崂山区鱼山/崂山校区,324.0,398.44,5,中等,70,354.6,359.7,365.5,377.0,394.3,403.1,408.9,330.27,346.15,2.6,2.89,[],尚未发现事件；不等于确认无事件,历史边际分中位数锚定（滚动回测胜出）,"{'national_line': 330.4, 'school_and_static': 57.6, 'dynamic_baseline': 26.3, 'market_reversal': -1.1, 'peer_spillover': -10.6, 'event_expected': 0.0, 'ensemble_delta': -25.6}",179
武汉大学,True,A,数学与统计学院,英语二,数学三,湖北武汉武昌区珞珈山校区,325.0,348.4,5,中等,63,354.3,359.7,365.8,377.7,395.0,403.8,409.6,330.28,346.03,-3.52,3.14,[],尚未发现事件；不等于确认无事件,历史边际分中位数锚定（滚动回测胜出）,"{'national_line': 330.4, 'school_and_static': 42.4, 'dynamic_baseline': 13.6, 'market_reversal': -0.5, 'peer_spillover': -11.6, 'event_expected': 0.0, 'ensemble_delta': 3.5}",44
南京农业大学,False,A,理学院,英语二,数学三,江苏南京玄武区卫岗校区,324.0,372.0,3,较低,42,355.8,360.6,366.5,378.0,395.3,404.1,409.8,330.21,345.99,0.31,1.55,[],尚未发现事件；不等于确认无事件,历史边际分中位数锚定（滚动回测胜出）,"{'national_line': 330.4, 'school_and_static': 47.4, 'dynamic_baseline': 16.4, 'market_reversal': 1.3, 'peer_spillover': -5.2, 'event_expected': 0.0, 'ensemble_delta': -12.4}",364
中南大学,True,A,数学与统计学院,英语二,数学三,湖南长沙岳麓区校本部,355.0,403.8,5,中等,56,357.5,362.3,368.3,379.6,396.9,405.7,411.4,330.39,346.44,2.02,2.92,[],尚未发现事件；不等于确认无事件,历史边际分中位数锚定（滚动回测胜出）,"{'national_line': 330.4, 'school_and_static': 54.8, 'dynamic_baseline': 29.6, 'market_reversal': -2.1, 'peer_spillover': -10.7, 'event_expected': 0.0, 'ensemble_delta': -22.5}",129
上海交通大学,True,A,数学科学学院,英语一,数学三,上海闵行区闵行校区,390.0,394.38,5,中等,70,358.0,363.4,369.4,380.2,397.5,406.3,412.1,330.29,345.91,2.13,2.91,[],尚未发现事件；不等于确认无事件,历史边际分中位数锚定（滚动回测胜出）,"{'national_line': 330.4, 'school_and_static': 46.6, 'dynamic_baseline': 28.9, 'market_reversal': 1.9, 'peer_spillover': -10.7, 'event_expected': 0.0, 'ensemble_delta': -16.8}",19
复旦大学,True,A,数学科学学院；上海数学中心；大数据学院；上海数学与交叉学科研究院,英语二,数学三,数学科学学院/大数据学院：邯郸校区（上海市杨浦区邯郸路220号）；上海数学中心：江湾校区（上海市杨浦区淞沪路2005号）；上海数学与交叉学科研究院：上海市杨浦区淞沪路657号,380.0,386.05,5,较高,78,358.9,363.9,369.7,381.3,398.6,407.4,413.1,330.43,346.33,1.88,2.92,[],尚未发现事件；不等于确认无事件,历史边际分中位数锚定（滚动回测胜出）,"{'national_line': 330.4, 'school_and_static': 47.4, 'dynamic_baseline': 30.0, 'market_reversal': 4.6, 'peer_spillover': -10.7, 'event_expected': 0.0, 'ensemble_delta': -20.3}",14
南京航空航天大学,False,A,数学学院,英语二,数学三,江苏南京江宁区将军路校区,324.0,397.97,2,较低,42,362.3,367.1,373.4,384.6,401.9,410.7,416.5,330.27,346.12,3.25,0.72,[],尚未发现事件；不等于确认无事件,历史边际分中位数锚定（滚动回测胜出）,"{'national_line': 330.4, 'school_and_static': 36.5, 'dynamic_baseline': 25.2, 'market_reversal': -2.1, 'peer_spillover': -1.8, 'event_expected': 0.0, 'ensemble_delta': -3.5}",169
大连理工大学,True,A,主校区数学科学学院,英语二,数学三,辽宁大连甘井子区凌水校区,350.0,391.0,5,中等,70,371.5,376.2,382.5,393.7,411.0,419.7,425.5,330.4,346.23,0.83,1.08,[],尚未发现事件；不等于确认无事件,历史边际分中位数锚定（滚动回测胜出）,"{'national_line': 330.4, 'school_and_static': 56.8, 'dynamic_baseline': 17.4, 'market_reversal': 1.5, 'peer_spillover': -3.3, 'event_expected': 0.0, 'ensemble_delta': -9.2}",149
吉林大学,True,A,数学学院,英语一,数学三,吉林长春朝阳区前卫南区,370.0,390.0,5,中等,63,368.4,374.0,381.3,395.0,412.3,421.0,426.8,330.62,345.96,0.6,0.97,"[{'type': 'major_subject_change', 'name': '432统计学改为统计与数据科学基础', 'severity': 'major', 'source': 'https://math.jlu.edu.cn/info/1080/16897.htm', 'status': '已机器核验待人工复核', 'scenarios': {'withdrawal': -14.0, 'neutral': -2.0, 'crowd': 13.0}}]",已发现官方事件,历史边际分中位数锚定（滚动回测胜出）,"{'national_line': 330.4, 'school_and_static': 57.5, 'dynamic_baseline': 15.9, 'market_reversal': 3.3, 'peer_spillover': -2.8, 'event_expected': -1.4, 'ensemble_delta': -7.9}",139
清华大学,True,A,数学科学系；统计与数据科学系,英语二,数学三,北京海淀区清华园,375.0,400.0,5,较高,100,381.4,386.1,392.1,403.9,421.2,429.9,435.7,330.51,345.91,0.85,0.72,[],尚未发现事件；不等于确认无事件,历史边际分中位数锚定（滚动回测胜出）,"{'national_line': 330.4, 'school_and_static': 78.6, 'dynamic_baseline': 13.3, 'market_reversal': 0.4, 'peer_spillover': -1.8, 'event_expected': 0.0, 'ensemble_delta': -17.0}",9
