school,year,source_sheet,source_row,issue_code,severity,review_status
清华大学,2022,年度线与录取,5,retest_ratio_mismatch,high,待人工复核
清华大学,2023,年度线与录取,6,retest_ratio_mismatch,high,待人工复核
清华大学,2025,年度线与录取,8,retest_ratio_mismatch,high,待人工复核
中国人民大学,2025,年度线与录取,33,retest_ratio_mismatch,high,待人工复核
上海财经大学,2023,年度线与录取,36,admitted_min_below_selected_cutoff,medium,待人工复核
上海财经大学,2024,年度线与录取,37,admitted_min_below_selected_cutoff,medium,待人工复核
武汉大学,2026,年度线与录取,44,special_plan_exclusion_unclear,medium,待人工复核
华中科技大学,2025,年度线与录取,53,retest_ratio_mismatch,high,待人工复核
西南财经大学,2026,年度线与录取,69,special_plan_exclusion_unclear,medium,待人工复核
厦门大学,2025,年度线与录取,78,retest_ratio_mismatch,high,待人工复核
中央财经大学,2026,年度线与录取,84,special_plan_exclusion_unclear,medium,待人工复核
同济大学,2026,年度线与录取,104,special_plan_exclusion_unclear,medium,待人工复核
中南财经政法大学,2026,年度线与录取,109,special_plan_exclusion_unclear,medium,待人工复核
吉林大学,2026,年度线与录取,139,special_plan_exclusion_unclear,medium,待人工复核
暨南大学,2026,年度线与录取,184,special_plan_exclusion_unclear,medium,待人工复核
东北师范大学,2026,年度线与录取,224,special_plan_exclusion_unclear,medium,待人工复核
华南师范大学,2023,年度线与录取,246,admitted_min_below_selected_cutoff,medium,待人工复核
西北大学,2026,年度线与录取,264,special_plan_exclusion_unclear,medium,待人工复核
华北电力大学,2023,年度线与录取,271,admitted_min_below_selected_cutoff,medium,待人工复核
中国地质大学（武汉）,2023,年度线与录取,286,admitted_min_below_selected_cutoff,medium,待人工复核
辽宁大学,2023,年度线与录取,321,admitted_min_below_selected_cutoff,medium,待人工复核
安徽大学,2026,年度线与录取,359,special_plan_exclusion_unclear,medium,待人工复核
延边大学,2025,年度线与录取,398,admitted_min_below_selected_cutoff,medium,待人工复核
延边大学,2026,年度线与录取,399,admitted_min_below_selected_cutoff,medium,待人工复核
