school,year,actual,pred_q50,pred_q80,pred_q90,pred_q95,complex_q50,selected_model,weight,baseline,robust_baseline
清华大学,2024,421.0,413.58,468.98,518.35,554.2,393.01,robust_margin_anchor,0.48,407.08,413.58
复旦大学,2024,396.0,396.08,434.01,473.67,504.77,385.54,robust_margin_anchor,0.252,396.08,396.08
上海交通大学,2024,387.79,366.08,449.45,534.65,596.18,375.29,robust_margin_anchor,0.49,366.08,366.08
南京大学,2024,388.0,371.08,379.5,388.45,399.49,384.0,robust_margin_anchor,0.346,371.08,371.08
中国科学技术大学,2024,380.96,381.08,399.25,422.71,442.2,379.08,robust_margin_anchor,0.49,,381.08
中国人民大学,2024,407.0,384.08,389.06,392.06,394.56,369.79,robust_margin_anchor,0.49,384.08,384.08
上海财经大学,2024,349.06,365.08,372.87,376.45,380.29,362.79,robust_margin_anchor,0.27,365.08,365.08
武汉大学,2024,386.52,372.08,480.5,589.24,683.24,383.44,robust_margin_anchor,0.49,372.08,372.08
西安交通大学,2024,350.0,377.08,397.5,423.63,440.35,382.27,robust_margin_anchor,0.252,377.08,377.08
华中科技大学,2024,372.53,378.08,384.96,387.59,389.81,375.82,robust_margin_anchor,0.49,378.08,378.08
中山大学,2024,396.0,381.08,405.46,427.03,447.55,378.82,robust_margin_anchor,0.252,381.08,381.08
哈尔滨工业大学,2024,393.0,379.58,408.9,446.46,479.18,369.98,robust_margin_anchor,0.49,387.08,379.58
西南财经大学,2024,406.0,387.08,440.18,511.64,569.11,372.52,robust_margin_anchor,0.252,387.08,387.08
华东师范大学,2024,358.11,396.08,442.13,484.84,515.9,381.55,robust_margin_anchor,0.49,396.08,396.08
厦门大学,2024,367.0,363.08,427.3,502.07,571.01,370.69,robust_margin_anchor,0.252,363.08,363.08
中央财经大学,2024,385.0,372.08,436.73,508.35,569.76,361.27,robust_margin_anchor,0.252,372.08,372.08
东南大学,2024,388.36,387.64,412.48,439.67,457.15,380.05,robust_margin_anchor,0.49,387.64,387.64
西北工业大学,2024,371.0,352.08,359.89,362.63,364.53,358.77,robust_margin_anchor,0.346,352.08,352.08
对外经济贸易大学,2024,381.0,371.08,376.46,379.13,381.22,365.32,robust_margin_anchor,0.252,371.08,371.08
中南财经政法大学,2024,365.0,383.08,431.42,491.22,537.48,370.72,robust_margin_anchor,0.252,383.08,383.08
四川大学,2024,374.66,359.08,367.5,370.51,372.81,367.61,robust_margin_anchor,0.49,359.08,359.08
山东大学,2024,373.58,383.08,402.69,428.77,447.48,375.57,robust_margin_anchor,0.49,383.08,383.08
中南大学,2024,391.0,372.49,387.91,395.52,401.82,372.49,hierarchical_ensemble_fallback,0.252,,
北京师范大学,2024,379.24,391.08,415.03,442.1,460.89,385.87,robust_margin_anchor,0.49,391.08,391.08
吉林大学,2024,409.0,370.08,377.78,388.21,397.94,375.96,robust_margin_anchor,0.346,370.08,370.08
重庆大学,2024,368.18,377.58,383.97,387.06,389.5,368.75,robust_margin_anchor,0.49,378.08,377.58
大连理工大学,2024,400.84,383.08,388.55,391.31,393.66,375.43,robust_margin_anchor,0.49,383.08,383.08
湖南大学,2024,373.28,388.08,434.99,493.76,532.93,384.9,robust_margin_anchor,0.49,388.08,388.08
西安电子科技大学,2024,347.0,354.35,468.73,605.3,710.16,355.4,robust_margin_anchor,0.346,354.35,354.35
兰州大学,2024,371.38,371.56,423.61,493.14,555.02,371.56,hierarchical_ensemble_fallback,0.49,,
中国海洋大学,2024,397.0,391.08,434.8,485.91,528.63,384.92,robust_margin_anchor,0.252,391.08,391.08
暨南大学,2024,364.0,390.08,412.14,435.35,453.35,365.88,robust_margin_anchor,0.252,390.08,390.08
北京交通大学,2024,371.58,391.3,403.18,412.02,420.98,367.44,robust_margin_anchor,0.49,389.52,391.3
东北大学,2024,364.09,378.08,410.49,450.62,477.13,381.37,robust_margin_anchor,0.49,378.08,378.08
上海大学,2024,359.0,358.08,364.98,368.78,371.02,355.98,robust_margin_anchor,0.252,358.08,358.08
苏州大学,2024,384.05,356.43,386.56,413.81,438.23,356.43,hierarchical_ensemble_fallback,0.49,,
河海大学,2024,369.0,353.08,397.07,450.92,490.56,352.22,robust_margin_anchor,0.252,353.08,353.08
武汉理工大学,2024,352.27,380.08,405.54,431.25,451.8,365.39,robust_margin_anchor,0.49,380.08,380.08
东北师范大学,2024,381.0,364.08,369.81,372.48,374.88,355.57,robust_margin_anchor,0.252,364.08,364.08
东华大学,2024,371.0,355.08,404.19,463.8,507.31,363.38,robust_margin_anchor,0.252,355.08,355.08
北京工业大学,2024,356.12,353.08,459.43,589.49,698.32,354.19,robust_margin_anchor,0.49,353.08,353.08
郑州大学,2024,351.64,368.18,409.85,470.56,520.51,368.18,hierarchical_ensemble_fallback,0.49,,
华南师范大学,2024,348.03,348.08,373.39,401.12,423.42,353.47,robust_margin_anchor,0.49,348.08,348.08
华中师范大学,2024,374.37,363.08,369.36,372.78,375.1,353.24,robust_margin_anchor,0.49,363.08,363.08
西北大学,2024,349.45,390.08,403.67,420.28,433.05,372.52,robust_margin_anchor,0.49,390.08,390.08
中国石油大学（北京）,2024,354.0,386.08,432.62,475.91,510.67,359.3,robust_margin_anchor,0.346,386.08,386.08
华北电力大学,2024,344.86,350.15,368.93,399.27,424.8,365.57,robust_margin_anchor,0.49,353.23,350.15
南京师范大学,2024,381.0,373.08,388.47,406.45,420.64,364.99,robust_margin_anchor,0.346,373.08,373.08
中国石油大学（华东）,2024,352.05,370.08,436.49,502.69,559.0,358.43,robust_margin_anchor,0.49,370.08,370.08
中国地质大学（武汉）,2024,363.76,347.08,357.5,367.51,377.45,358.47,robust_margin_anchor,0.49,347.08,347.08
中国地质大学（北京）,2024,361.0,347.08,371.1,406.6,438.42,354.24,robust_margin_anchor,0.252,347.08,347.08
福州大学,2024,391.68,386.08,441.2,503.13,554.94,362.23,robust_margin_anchor,0.49,386.08,386.08
西南大学,2024,392.91,353.8,439.17,539.49,611.48,353.8,hierarchical_ensemble_fallback,0.49,,
云南大学,2024,331.0,342.08,368.72,403.33,432.11,359.99,robust_margin_anchor,0.252,342.08,342.08
陕西师范大学,2024,359.57,351.08,358.56,362.8,366.12,350.85,robust_margin_anchor,0.49,351.08,351.08
中央民族大学,2024,375.52,387.08,424.37,466.13,501.01,383.53,robust_margin_anchor,0.49,387.08,387.08
辽宁大学,2024,347.78,349.08,356.43,359.7,362.07,354.53,robust_margin_anchor,0.49,349.08,349.08
湖南师范大学,2024,341.16,349.08,376.87,414.84,447.26,352.87,robust_margin_anchor,0.49,349.08,349.08
北京林业大学,2024,365.0,376.08,393.76,410.9,420.96,354.74,robust_margin_anchor,0.252,376.08,376.08
河北工业大学,2024,364.67,354.08,369.48,387.91,402.38,348.93,robust_margin_anchor,0.49,354.08,354.08
中国药科大学,2024,338.0,362.76,458.13,564.0,644.52,358.0,robust_margin_anchor,0.346,350.44,362.76
南昌大学,2024,383.37,351.62,358.54,362.32,364.9,349.4,robust_margin_anchor,0.49,351.62,351.62
华中农业大学,2024,373.1,347.08,386.59,439.53,477.48,356.03,robust_margin_anchor,0.49,347.08,347.08
安徽大学,2024,377.0,365.08,377.56,393.26,404.01,367.26,robust_margin_anchor,0.252,365.08,365.08
南京农业大学,2024,404.0,343.6,365.8,377.8,389.46,343.6,hierarchical_ensemble_fallback,0.346,,
太原理工大学,2024,380.0,347.0,370.29,382.72,391.21,347.0,hierarchical_ensemble_fallback,0.252,,
贵州大学,2024,337.36,337.08,363.46,399.15,428.1,343.56,robust_margin_anchor,0.49,337.08,337.08
内蒙古大学,2024,328.0,340.08,366.03,395.99,419.21,351.06,robust_margin_anchor,0.252,340.08,340.08
东北林业大学,2024,340.0,344.56,366.48,379.72,391.87,344.56,hierarchical_ensemble_fallback,0.346,,
新疆大学,2024,329.0,337.08,365.7,399.32,429.98,352.1,robust_margin_anchor,0.252,337.08,337.08
延边大学,2024,339.0,379.08,420.18,464.48,498.98,366.26,robust_margin_anchor,0.346,379.08,379.08
清华大学,2025,381.0,415.05,423.26,427.03,429.78,423.01,robust_margin_anchor,0.336,425.05,415.05
复旦大学,2025,345.0,395.55,401.64,404.63,407.06,398.33,robust_margin_anchor,0.252,400.05,395.55
上海交通大学,2025,379.16,376.45,382.42,385.73,388.86,395.03,robust_margin_anchor,0.49,391.84,376.45
南京大学,2025,360.88,379.05,384.25,386.95,389.2,400.81,robust_margin_anchor,0.49,392.05,379.05
中国科学技术大学,2025,344.88,380.53,389.4,394.15,399.64,387.69,robust_margin_anchor,0.49,385.01,380.53
中国人民大学,2025,358.0,395.05,402.24,405.69,408.26,406.99,robust_margin_anchor,0.245,411.05,395.05
上海财经大学,2025,324.0,356.58,362.13,365.1,367.53,360.18,robust_margin_anchor,0.252,353.11,356.58
武汉大学,2025,382.0,378.81,384.57,387.81,390.05,394.16,robust_margin_anchor,0.252,390.57,378.81
西安交通大学,2025,362.0,363.05,368.6,371.48,373.82,365.28,robust_margin_anchor,0.252,354.05,363.05
华中科技大学,2025,368.49,374.82,379.54,381.83,383.79,382.74,robust_margin_anchor,0.343,376.58,374.81
中山大学,2025,338.32,388.05,393.92,397.12,399.76,398.03,robust_margin_anchor,0.49,400.05,388.05
哈尔滨工业大学,2025,354.88,382.05,390.56,396.03,401.69,397.26,robust_margin_anchor,0.49,397.05,382.05
西南财经大学,2025,361.0,396.05,403.75,407.61,410.27,407.67,robust_margin_anchor,0.252,410.05,396.05
华东师范大学,2025,360.0,376.61,382.65,385.66,387.95,366.6,robust_margin_anchor,0.252,362.16,376.61
厦门大学,2025,366.0,364.55,369.68,372.27,374.27,377.49,robust_margin_anchor,0.176,371.05,364.55
中央财经大学,2025,343.0,378.05,383.71,386.6,388.97,390.4,robust_margin_anchor,0.252,389.05,378.05
东南大学,2025,352.0,387.51,392.54,395.21,397.39,393.37,robust_margin_anchor,0.252,392.41,387.51
西北工业大学,2025,350.0,361.05,366.78,369.57,372.03,385.04,robust_margin_anchor,0.346,375.05,361.05
对外经济贸易大学,2025,364.0,375.55,381.42,384.58,386.87,386.42,robust_margin_anchor,0.252,385.05,375.55
同济大学,2025,386.0,386.06,404.31,413.93,421.16,386.06,hierarchical_ensemble_fallback,0.252,,
中南财经政法大学,2025,327.39,373.55,379.19,381.9,384.08,371.86,robust_margin_anchor,0.68,369.05,373.55
四川大学,2025,366.0,366.38,371.8,374.5,376.68,384.15,robust_margin_anchor,0.252,378.71,366.38
山东大学,2025,347.0,377.84,382.86,385.26,387.31,384.79,robust_margin_anchor,0.252,377.63,377.84
中南大学,2025,371.8,395.05,400.32,403.03,405.28,389.92,robust_margin_anchor,0.49,395.05,395.05
北京师范大学,2025,349.64,384.67,390.03,392.87,395.35,384.18,robust_margin_anchor,0.49,383.29,384.67
吉林大学,2025,389.0,389.05,397.43,401.59,404.89,414.56,robust_margin_anchor,0.346,413.05,389.05
重庆大学,2025,366.89,372.23,376.98,379.42,381.51,379.61,robust_margin_anchor,0.68,372.23,372.23
大连理工大学,2025,387.54,391.47,397.85,400.84,403.23,406.16,robust_margin_anchor,0.49,404.89,391.47
湖南大学,2025,380.0,380.19,386.24,389.38,391.5,379.99,robust_margin_anchor,0.252,377.33,380.19
西安电子科技大学,2025,375.11,350.18,355.46,358.47,361.12,360.87,robust_margin_anchor,0.49,351.05,350.19
兰州大学,2025,356.0,375.43,380.67,383.37,385.64,370.4,robust_margin_anchor,0.252,375.43,375.43
南京航空航天大学,2025,358.0,370.55,389.99,399.5,406.84,370.55,hierarchical_ensemble_fallback,0.252,,
南京理工大学,2025,344.0,369.0,388.54,399.11,406.85,369.0,hierarchical_ensemble_fallback,0.346,,
中国海洋大学,2025,370.0,393.55,399.93,403.22,405.71,407.14,robust_margin_anchor,0.252,401.05,393.55
暨南大学,2025,328.1,376.55,382.57,385.29,387.61,370.78,robust_margin_anchor,0.49,368.05,376.55
北京交通大学,2025,365.28,384.49,403.88,420.32,430.02,382.88,robust_margin_anchor,0.49,375.63,384.49
东北大学,2025,378.29,370.6,376.0,378.45,380.62,371.01,robust_margin_anchor,0.49,368.14,370.6
华东理工大学,2025,332.56,370.14,388.47,398.71,406.18,370.14,hierarchical_ensemble_fallback,0.49,,
上海大学,2025,331.0,358.05,363.57,366.29,368.36,374.95,robust_margin_anchor,0.252,363.05,358.05
苏州大学,2025,381.37,388.1,393.86,396.75,399.14,382.8,robust_margin_anchor,0.49,388.1,388.1
河海大学,2025,339.93,360.55,366.32,369.12,371.63,380.99,robust_margin_anchor,0.49,373.05,360.55
武汉理工大学,2025,347.0,365.69,371.74,374.4,376.85,362.63,robust_margin_anchor,0.252,356.32,365.69
东北师范大学,2025,375.22,372.05,378.21,381.73,383.86,388.18,robust_margin_anchor,0.49,385.05,372.05
东华大学,2025,338.0,362.55,368.93,371.87,374.43,382.06,robust_margin_anchor,0.252,375.05,362.55
北京工业大学,2025,377.56,354.11,359.6,362.23,364.02,372.33,robust_margin_anchor,0.49,360.17,354.11
郑州大学,2025,363.0,355.69,360.92,363.53,365.6,366.29,robust_margin_anchor,0.252,355.69,355.69
华南师范大学,2025,330.0,347.56,352.67,355.51,357.3,365.07,robust_margin_anchor,0.252,352.08,347.56
华中师范大学,2025,365.21,368.24,374.71,377.54,380.07,386.85,robust_margin_anchor,0.49,378.42,368.24
西南交通大学,2025,331.97,370.11,389.54,399.7,407.92,370.11,hierarchical_ensemble_fallback,0.49,,
西北大学,2025,329.55,369.27,375.83,379.28,381.85,357.02,robust_margin_anchor,0.49,353.5,369.27
中国石油大学（北京）,2025,343.04,369.55,376.15,380.08,383.23,357.27,robust_margin_anchor,0.49,358.05,369.55
华北电力大学,2025,326.0,348.2,357.46,361.5,365.98,355.06,robust_margin_anchor,0.252,348.91,348.2
南京师范大学,2025,364.0,376.55,382.08,384.98,387.53,389.88,robust_margin_anchor,0.346,385.05,376.55
中国石油大学（华东）,2025,359.0,360.58,366.04,369.02,371.39,364.43,robust_margin_anchor,0.252,356.1,360.58
中国地质大学（武汉）,2025,353.77,354.93,361.29,365.15,368.12,383.45,robust_margin_anchor,0.49,367.81,354.93
中国地质大学（北京）,2025,362.63,353.55,359.18,362.0,364.35,377.18,robust_margin_anchor,0.49,365.05,353.55
福州大学,2025,348.0,388.39,394.5,397.47,400.05,398.81,robust_margin_anchor,0.252,395.73,388.39
西南大学,2025,351.0,396.96,402.72,405.65,407.67,387.96,robust_margin_anchor,0.252,396.96,396.96
云南大学,2025,318.0,336.05,341.74,344.67,347.07,341.05,robust_margin_anchor,0.252,335.05,336.05
陕西师范大学,2025,323.0,354.84,360.74,363.74,365.62,376.43,robust_margin_anchor,0.252,363.62,354.84
中央民族大学,2025,370.0,380.81,386.07,388.59,390.54,386.36,robust_margin_anchor,0.252,379.57,380.81
辽宁大学,2025,349.0,347.94,353.49,355.8,358.08,362.77,robust_margin_anchor,0.252,351.83,347.94
湖南师范大学,2025,335.18,344.63,350.25,353.54,356.16,354.29,robust_margin_anchor,0.49,345.21,344.63
北京林业大学,2025,338.0,370.05,375.66,378.45,380.64,375.93,robust_margin_anchor,0.252,369.05,370.05
河北工业大学,2025,326.2,358.88,364.57,367.46,369.64,379.95,robust_margin_anchor,0.49,368.72,358.88
中国药科大学,2025,335.53,345.41,354.46,359.0,362.47,362.95,robust_margin_anchor,0.49,342.05,345.41
南昌大学,2025,352.0,367.0,374.16,377.95,381.01,396.15,robust_margin_anchor,0.252,387.42,367.0
华中农业大学,2025,367.27,359.6,366.74,369.94,372.97,389.18,robust_margin_anchor,0.49,377.15,359.6
安徽大学,2025,366.0,370.55,376.46,379.65,381.74,388.24,robust_margin_anchor,0.252,381.05,370.55
太原理工大学,2025,341.0,384.05,390.17,393.37,395.63,379.75,robust_margin_anchor,0.346,384.05,384.05
贵州大学,2025,321.07,336.73,342.32,344.99,347.66,347.87,robust_margin_anchor,0.49,341.41,336.73
内蒙古大学,2025,314.0,333.55,339.07,342.01,344.73,339.76,robust_margin_anchor,0.252,332.05,333.55
东北农业大学,2025,326.0,369.59,389.19,399.7,408.48,369.59,hierarchical_ensemble_fallback,0.252,,
东北林业大学,2025,327.56,344.05,349.37,352.27,354.63,362.87,robust_margin_anchor,0.49,344.05,344.05
新疆大学,2025,313.0,332.55,338.05,341.54,344.66,342.03,robust_margin_anchor,0.252,333.05,332.55
延边大学,2025,315.0,358.55,365.07,368.79,371.39,354.16,robust_margin_anchor,0.139,343.05,358.55
宁夏大学,2025,319.0,350.27,370.55,381.48,391.61,350.27,hierarchical_ensemble_fallback,0.346,,
石河子大学,2025,347.0,359.84,377.86,386.47,392.67,359.84,hierarchical_ensemble_fallback,0.252,,
清华大学,2026,400.0,398.5,404.43,407.47,409.49,379.65,robust_margin_anchor,0.48,390.0,398.5
复旦大学,2026,386.05,381.0,387.23,390.37,392.94,361.33,robust_margin_anchor,0.68,354.0,381.0
上海交通大学,2026,394.38,381.79,387.23,390.18,392.69,367.56,robust_margin_anchor,0.49,388.16,381.79
南京大学,2026,409.6,369.88,376.3,379.49,382.15,361.67,robust_margin_anchor,0.68,369.88,369.88
中国科学技术大学,2026,392.63,366.0,371.65,374.3,376.31,360.53,robust_margin_anchor,0.68,353.88,366.0
中国人民大学,2026,353.29,369.0,374.67,377.73,380.24,360.99,robust_margin_anchor,0.49,367.0,369.0
上海财经大学,2026,345.9,343.06,350.12,353.57,356.17,339.82,robust_margin_anchor,0.49,333.0,343.06
武汉大学,2026,348.4,380.52,386.27,389.35,391.68,373.75,robust_margin_anchor,0.27,391.0,380.52
西安交通大学,2026,374.91,362.0,366.82,369.36,371.76,372.15,robust_margin_anchor,0.49,371.0,362.0
华中科技大学,2026,378.29,366.53,372.46,375.2,377.62,364.92,robust_margin_anchor,0.49,377.49,366.53
中山大学,2026,373.35,366.0,372.72,375.76,377.88,349.96,robust_margin_anchor,0.49,347.32,366.0
哈尔滨工业大学,2026,375.35,367.94,373.93,377.19,379.52,359.77,robust_margin_anchor,0.49,363.88,367.94
西南财经大学,2026,363.67,372.0,378.32,381.88,383.89,359.75,robust_margin_anchor,0.27,370.0,372.0
华东师范大学,2026,394.61,369.0,374.65,377.43,379.39,372.56,robust_margin_anchor,0.68,369.0,369.0
厦门大学,2026,403.18,361.0,366.89,369.7,371.67,360.66,robust_margin_anchor,0.49,375.0,361.0
中央财经大学,2026,373.17,357.0,363.75,366.94,370.07,348.49,robust_margin_anchor,0.27,352.0,357.0
东南大学,2026,398.78,372.56,377.56,380.41,382.6,366.09,robust_margin_anchor,0.49,361.0,372.56
西北工业大学,2026,357.0,359.0,365.85,368.96,371.22,354.35,robust_margin_anchor,0.346,359.0,359.0
对外经济贸易大学,2026,375.94,373.0,379.05,381.81,384.62,357.59,robust_margin_anchor,0.49,373.0,373.0
同济大学,2026,407.14,395.0,401.04,404.22,406.63,374.92,robust_margin_anchor,0.27,395.0,395.0
中南财经政法大学,2026,362.36,359.0,365.95,369.27,372.05,347.73,robust_margin_anchor,0.27,336.39,359.0
四川大学,2026,388.99,368.66,374.61,377.56,380.03,360.86,robust_margin_anchor,0.49,375.0,368.66
山东大学,2026,336.44,367.58,372.86,375.48,378.01,367.09,robust_margin_anchor,0.49,356.0,367.58
中南大学,2026,403.8,382.9,388.46,390.94,392.93,373.76,robust_margin_anchor,0.49,380.8,382.9
北京师范大学,2026,380.82,373.24,379.13,382.51,385.16,365.38,robust_margin_anchor,0.49,358.64,373.24
吉林大学,2026,390.0,398.0,404.26,407.29,409.98,371.25,robust_margin_anchor,0.19,398.0,398.0
重庆大学,2026,394.2,362.59,367.99,370.83,372.84,366.18,robust_margin_anchor,0.49,375.89,362.59
大连理工大学,2026,391.0,394.84,400.55,403.39,405.4,376.02,robust_margin_anchor,0.346,396.54,394.84
西安电子科技大学,2026,358.12,341.0,349.08,352.89,356.21,358.14,robust_margin_anchor,0.49,384.11,341.0
兰州大学,2026,377.4,365.19,370.31,372.86,375.14,357.03,robust_margin_anchor,0.49,365.0,365.19
南京航空航天大学,2026,397.97,367.0,372.45,375.04,377.41,362.06,robust_margin_anchor,0.49,367.0,367.0
南京理工大学,2026,376.63,353.0,358.68,361.85,364.13,355.94,robust_margin_anchor,0.49,353.0,353.0
中国海洋大学,2026,398.44,379.0,385.04,387.77,390.19,370.55,robust_margin_anchor,0.49,379.0,379.0
暨南大学,2026,382.16,358.0,363.88,366.91,369.48,352.9,robust_margin_anchor,0.27,337.1,358.0
北京交通大学,2026,347.1,374.36,379.86,382.66,384.88,370.25,robust_margin_anchor,0.49,374.28,374.36
东北大学,2026,363.0,363.0,369.5,372.61,375.1,368.89,robust_margin_anchor,0.252,387.29,363.0
华东理工大学,2026,364.59,341.56,347.08,350.14,352.5,353.42,robust_margin_anchor,0.49,341.56,341.56
上海大学,2026,342.2,343.0,349.94,353.56,356.28,343.27,robust_margin_anchor,0.49,340.0,343.0
苏州大学,2026,383.67,384.21,389.94,392.57,394.68,374.97,robust_margin_anchor,0.49,390.37,384.21
河海大学,2026,360.69,348.93,355.95,359.96,362.99,341.74,robust_margin_anchor,0.49,348.93,348.93
武汉理工大学,2026,362.57,356.0,361.72,364.52,367.21,357.06,robust_margin_anchor,0.49,356.0,356.0
东北师范大学,2026,364.49,375.0,381.19,384.15,387.05,362.08,robust_margin_anchor,0.27,384.22,375.0
东华大学,2026,391.4,347.0,353.92,357.45,360.19,342.25,robust_margin_anchor,0.49,347.0,347.0
北京工业大学,2026,398.2,350.12,356.29,359.61,362.26,362.35,robust_margin_anchor,0.49,386.56,350.12
郑州大学,2026,369.42,358.82,364.52,367.57,369.67,361.45,robust_margin_anchor,0.49,372.0,358.82
华南师范大学,2026,351.87,339.0,344.7,347.83,350.81,343.83,robust_margin_anchor,0.49,339.0,339.0
华中师范大学,2026,360.67,368.37,374.35,377.6,380.2,357.1,robust_margin_anchor,0.49,374.21,368.37
西南交通大学,2026,360.6,340.97,346.61,349.85,352.51,353.86,robust_margin_anchor,0.49,340.97,340.97
西北大学,2026,346.07,343.45,349.39,352.33,354.69,354.21,robust_margin_anchor,0.27,338.55,343.45
中国石油大学（北京）,2026,370.64,352.04,357.53,360.71,362.74,354.49,robust_margin_anchor,0.49,352.04,352.04
华北电力大学,2026,375.82,336.57,342.36,345.58,348.56,341.32,robust_margin_anchor,0.49,335.0,336.57
南京师范大学,2026,359.0,373.0,378.97,382.1,384.78,360.36,robust_margin_anchor,0.49,373.0,373.0
中国石油大学（华东）,2026,369.28,355.0,361.01,363.94,366.4,360.15,robust_margin_anchor,0.49,368.0,355.0
中国地质大学（武汉）,2026,332.69,357.76,364.07,367.37,369.95,346.03,robust_margin_anchor,0.49,362.77,357.76
中国地质大学（北京）,2026,381.09,355.0,361.42,364.86,367.22,355.92,robust_margin_anchor,0.68,371.63,355.0
福州大学,2026,392.55,371.0,376.77,380.1,382.38,358.22,robust_margin_anchor,0.49,357.0,371.0
西南大学,2026,402.8,373.46,379.4,382.15,385.06,360.28,robust_margin_anchor,0.49,360.0,373.46
云南大学,2026,343.72,327.0,333.43,336.92,339.93,328.31,robust_margin_anchor,0.49,327.0,327.0
陕西师范大学,2026,343.55,336.0,342.09,345.11,348.43,338.65,robust_margin_anchor,0.49,332.0,336.0
中央民族大学,2026,385.19,372.0,377.88,380.66,383.01,366.75,robust_margin_anchor,0.49,379.0,372.0
辽宁大学,2026,344.89,341.78,347.89,351.13,353.45,349.33,robust_margin_anchor,0.49,358.0,341.78
湖南师范大学,2026,343.29,335.16,341.5,344.67,347.62,341.95,robust_margin_anchor,0.49,344.18,335.16
北京林业大学,2026,356.15,359.0,365.39,368.29,370.93,356.14,robust_margin_anchor,0.49,347.0,359.0
河北工业大学,2026,370.8,339.0,345.11,348.91,351.77,341.07,robust_margin_anchor,0.49,335.2,339.0
中国药科大学,2026,341.59,339.94,345.84,348.91,351.03,352.87,robust_margin_anchor,0.49,344.53,339.94
南昌大学,2026,380.14,361.0,367.77,371.46,374.64,342.3,robust_margin_anchor,0.49,361.0,361.0
华中农业大学,2026,326.0,367.1,373.08,376.44,379.08,355.66,robust_margin_anchor,0.346,376.27,367.1
安徽大学,2026,385.32,371.0,377.01,379.69,382.16,357.54,robust_margin_anchor,0.27,375.0,371.0
南京农业大学,2026,372.0,398.0,407.58,412.22,416.1,376.17,robust_margin_anchor,0.346,,398.0
太原理工大学,2026,328.08,362.0,368.1,371.45,373.98,351.83,robust_margin_anchor,0.49,350.0,362.0
贵州大学,2026,329.06,330.07,336.67,340.85,344.1,326.44,robust_margin_anchor,0.49,330.07,330.07
内蒙古大学,2026,323.22,323.0,329.0,332.16,334.99,326.98,robust_margin_anchor,0.49,323.0,323.0
东北农业大学,2026,345.0,335.0,341.8,345.37,348.24,350.07,robust_margin_anchor,0.346,335.0,335.0
东北林业大学,2026,329.6,335.28,341.21,344.46,347.25,344.19,robust_margin_anchor,0.49,336.56,335.28
延边大学,2026,316.0,333.0,339.05,342.34,345.01,352.23,robust_margin_anchor,0.19,324.0,333.0
宁夏大学,2026,315.42,328.0,334.02,337.0,339.27,338.58,robust_margin_anchor,0.49,328.0,328.0
石河子大学,2026,355.0,356.0,361.93,365.03,367.63,350.23,robust_margin_anchor,0.346,356.0,356.0
