school,is_985,is_211,faction,faction_source,unit_2026,study_mode,politics_subject,english_subject,math_subject,major_subject,official_scope,official_books,official_book_status,reexam_subjects,reexam_freshness,location,latitude,longitude,location_matched_name,location_precision,location_source,location_source_url,location_review_status,office_hub,office_hub_latitude,office_hub_longitude,office_hub_definition,office_hub_review_status,transit_mode,transit_lines,transit_summary,transit_review_status,live_route_url,route_source,city_center,duration,tuition,tuition_freshness,data_completeness,verified_at,national_zone,source_row
南京大学,1,1,茆Pro,院校总表课程结构标签,数学学院,全日制,101思想政治理论,英语二,数学三,432统计学,432统计学；目录未列指定书目,《应用数理统计》（孙荣恒，第3版）；《应用多元统计分析》（高惠璇）；《概率论基础》（李贤平，第3版）；《时间序列分析及应用（R语言）》（Cryer/Chan，第2版）,2025官方参考书；2026目录未见新版，须考前复核,大学数学（微积分、线性代数）+概率论与数理统计；面试,2025官方书目；2026形式由官方细则确认,江苏南京栖霞区仙林校区,32.119739,118.9509277,"南京大学(仙林校区), 163, 仙林大道, 仙林街道, 栖霞区, 南京市, 江苏省, 210023, 中国",campus,OpenStreetMap Nominatim,https://www.openstreetmap.org/way/89910837,机器匹配待人工复核,南京新街口商务区,32.0415,118.7789,代表性公司办公集聚节点；不等同于就业机会排名,研究用节点，待人工复核,地铁为主,地铁2号线,仙林大学城方向至新街口，候选为2号线直达,候选线路，待按报名年份逐段复核,https://uri.amap.com/navigation?from=118.9509277%2C32.119739%2C%E5%8D%97%E4%BA%AC%E5%A4%A7%E5%AD%A6&to=118.7789%2C32.0415%2C%E5%8D%97%E4%BA%AC%E6%96%B0%E8%A1%97%E5%8F%A3%E5%95%86%E5%8A%A1%E5%8C%BA&mode=bus&policy=0&src=applied-stat-risk-lab&callnative=0,高德地图URI API实时公交规划,南京新街口,2年,1万元/年,2023机构基线；报考前须核最新,中,2026-08-14,A,3
华东师范大学,1,1,贾茆,院校总表课程结构标签,统计学院,全日制,101思想政治理论,英语二,数学三,432统计学,初试范围总体不变，考试大纲中的考试内容有部分调整；复试范围不变。最终以2027招生简章和专业目录为准。,茆诗松、程依明、濮晓龙、倪葎《概率论与数理统计教程》第4版，高等教育出版社，2026；贾俊平、何晓群、金勇进《统计学》第9版，中国人民大学出版社，2025,2027官方学院预公告指定；最终以招生简章/目录为准,专业笔试：统计学专业基础内容包括：概率论、数理统计、回归分析、时间序列分析、随机过程）; 综合面试; 外语面试；官方未指定（小程序院校模块；待官网复核）,就现在考研小程序院校模块，2026-08-14读取；待官网复核,上海闵行区闵行校区,31.032131,121.4473662,"华东师范大学（闵行校区）, 虹梅南路, 英武, 吴泾镇, 闵行区, 上海市, 200240, 中国",campus,OpenStreetMap Nominatim,https://www.openstreetmap.org/way/293438840,机器匹配待人工复核,上海陆家嘴金融城,31.2354,121.5055,代表性公司办公集聚节点；不等同于就业机会排名,研究用节点，待人工复核,地铁为主,地铁15号线→2号线,闵行校区至陆家嘴的候选换乘,候选线路，待按报名年份逐段复核,https://uri.amap.com/navigation?from=121.4473662%2C31.032131%2C%E5%8D%8E%E4%B8%9C%E5%B8%88%E8%8C%83%E5%A4%A7%E5%AD%A6&to=121.5055%2C31.2354%2C%E4%B8%8A%E6%B5%B7%E9%99%86%E5%AE%B6%E5%98%B4%E9%87%91%E8%9E%8D%E5%9F%8E&mode=bus&policy=0&src=applied-stat-risk-lab&callnative=0,高德地图URI API实时公交规划,上海人民广场,2年,7.9万元/年,2023机构基线；报考前须核最新,中,2026-08-14,A,4
上海交通大学,1,1,贾茆Pro,院校总表课程结构标签,数学科学学院,全日制,101思想政治理论,英语一,数学三,432统计学,432统计学；目录未列指定书目,2026研招目录未列指定教材,官方目录未指定；不以机构书单冒充官方,专业测试：概率论、数理统计、统计学习; 综合面试：综合素质和能力（含外语能力）; 应用统计专业包括: 概率论、数理统计、统计学习；官方未指定（小程序院校模块；待官网复核）,就现在考研小程序院校模块，2026-08-14读取；待官网复核,上海闵行区闵行校区,31.0275548,121.4323084,"上海交通大学（闵行校区）, 景谷东路, 江川路街道, 闵行区, 上海市, 200240, 中国",campus,OpenStreetMap Nominatim,https://www.openstreetmap.org/way/288249651,机器匹配待人工复核,上海陆家嘴金融城,31.2354,121.5055,代表性公司办公集聚节点；不等同于就业机会排名,研究用节点，待人工复核,地铁为主,地铁15号线→2号线,闵行校区至陆家嘴的候选换乘,候选线路，待按报名年份逐段复核,https://uri.amap.com/navigation?from=121.4323084%2C31.0275548%2C%E4%B8%8A%E6%B5%B7%E4%BA%A4%E9%80%9A%E5%A4%A7%E5%AD%A6&to=121.5055%2C31.2354%2C%E4%B8%8A%E6%B5%B7%E9%99%86%E5%AE%B6%E5%98%B4%E9%87%91%E8%9E%8D%E5%9F%8E&mode=bus&policy=0&src=applied-stat-risk-lab&callnative=0,高德地图URI API实时公交规划,上海人民广场,2年,10万元/年,2026机构公开页，待官网复核,中,2026-08-14,A,5
中国科学技术大学,1,1,贾茆Pro,院校总表课程结构标签,管理学院,全日制,101思想政治理论,英语一,数学三,432统计学,2026官方432大纲：概率论、数理统计、回归分析；闭卷且不得使用计算器；题型为填空、选择、解答,缪柏其、张伟平《概率论与数理统计》第3版，高等教育出版社，2024,2026官方考试大纲指定,笔试：英语写作50分、概率论与数理统计150分；面试：专业素质、英语、综合能力,2026官方,安徽合肥包河区东校区,31.839072,117.2642075,"中国科学技术大学（东校区）, 96, 金寨路, 太湖新村, 小朱庄, 芜湖路街道, 包河区, 合肥市, 安徽省, 230026, 中国",campus,OpenStreetMap Nominatim,https://www.openstreetmap.org/way/262614785,机器匹配待人工复核,合肥政务文化新区,31.8179,117.228,代表性公司办公集聚节点；不等同于就业机会排名,研究用节点，待人工复核,地铁为主,地铁5号线→4号线,东校区至政务区的候选换乘,候选线路，待按报名年份逐段复核,https://uri.amap.com/navigation?from=117.2642075%2C31.839072%2C%E4%B8%AD%E5%9B%BD%E7%A7%91%E5%AD%A6%E6%8A%80%E6%9C%AF%E5%A4%A7%E5%AD%A6&to=117.228%2C31.8179%2C%E5%90%88%E8%82%A5%E6%94%BF%E5%8A%A1%E6%96%87%E5%8C%96%E6%96%B0%E5%8C%BA&mode=bus&policy=0&src=applied-stat-risk-lab&callnative=0,高德地图URI API实时公交规划,合肥四牌楼,3年,12万元/全程,2023机构基线；报考前须核最新,中,2026-08-14,A,6
四川大学,1,1,贾茆,院校总表课程结构标签,经济学院；数学学院,全日制,101思想政治理论,英语二,数学三,432统计学,432统计学；目录未列指定书目,2026研招目录未列指定教材,官方目录未指定；不以机构书单冒充官方,数学学院：笔试：分析学（数学分析、实变函数、复分析、泛函分析）+统计学（数理统计）; 综合面试（含英语口试）；杰拉德•凯勒《统计学：在经济和管理中的应用》（第10版 套装上下册），中国人民大学出版社，2019年; 赵彦云，《宏观经济统计分析》（第2版），中国人民大学出版社，2014年；经济学院：笔试：统计学; 综合面试（含英语口试）；杰拉德•凯勒《统计学：在经济和管理中的应用》（第10版 套装上下册），中国人民大学出版社，2019年; 赵彦云，《宏观经济统计分析》（第2版），中国人民大学出版社，2014年（小程序院校模块；待官网复核）,就现在考研小程序院校模块，2026-08-14读取；待官网复核,四川成都武侯区望江校区,30.6335392,104.0815556,"四川大学（望江校区）, 郭家桥北街, 望江路街道, 武侯区, 成都市, 四川省, 610061, 中国",campus,OpenStreetMap Nominatim,https://www.openstreetmap.org/way/299440043,机器匹配待人工复核,成都天府金融城,30.5743,104.0668,代表性公司办公集聚节点；不等同于就业机会排名,研究用节点，待人工复核,地铁为主,地铁8号线→1号线,望江校区至金融城的候选换乘,候选线路，待按报名年份逐段复核,https://uri.amap.com/navigation?from=104.0815556%2C30.6335392%2C%E5%9B%9B%E5%B7%9D%E5%A4%A7%E5%AD%A6&to=104.0668%2C30.5743%2C%E6%88%90%E9%83%BD%E5%A4%A9%E5%BA%9C%E9%87%91%E8%9E%8D%E5%9F%8E&mode=bus&policy=0&src=applied-stat-risk-lab&callnative=0,高德地图URI API实时公交规划,成都天府广场,2年,1.8万元/年,2023机构基线；报考前须核最新,中,2026-08-14,A,7
复旦大学,1,1,贾茆,院校总表课程结构标签,数学科学学院；上海数学中心；大数据学院；上海数学与交叉学科研究院,全日制,101思想政治理论,英语二,数学三,432统计学,2027官方432大纲：概率论、描述统计、统计量及抽样分布、参数估计、假设检验、方差分析、回归、时间序列；闭卷且禁止使用计算器,茆诗松、程依明、濮晓龙、倪葎《概率论与数理统计教程》第4版（高等教育出版社，2026）；贾俊平、何晓群、金勇进《统计学》第9版（中国人民大学出版社，2025）,2027官方考试大纲指定,四个025200培养单位均为现场综合面试：专业知识/能力、外语听说、综合素质等；各单位权重略有差异,2026四培养单位官方细则,数学科学学院/大数据学院：邯郸校区（上海市杨浦区邯郸路220号）；上海数学中心：江湾校区（上海市杨浦区淞沪路2005号）；上海数学与交叉学科研究院：上海市杨浦区淞沪路657号,31.3011748,121.4974703,"复旦大学, 220, 邯郸路, 五角场, 五角场街道, 杨浦区, 上海市, 200433, 中国",campus,OpenStreetMap Nominatim,https://www.openstreetmap.org/relation/3936746,机器匹配待人工复核,上海陆家嘴金融城,31.2354,121.5055,代表性公司办公集聚节点；不等同于就业机会排名,研究用节点，待人工复核,地铁为主,地铁18号线→14号线,邯郸校区至陆家嘴的候选换乘,候选线路，待按报名年份逐段复核,https://uri.amap.com/navigation?from=121.4974703%2C31.3011748%2C%E5%A4%8D%E6%97%A6%E5%A4%A7%E5%AD%A6&to=121.5055%2C31.2354%2C%E4%B8%8A%E6%B5%B7%E9%99%86%E5%AE%B6%E5%98%B4%E9%87%91%E8%9E%8D%E5%9F%8E&mode=bus&policy=0&src=applied-stat-risk-lab&callnative=0,高德地图URI API实时公交规划,上海人民广场,2年,10.9万元/年,2023机构基线；报考前须核最新,中,2026-08-14,A,8
东南大学,1,1,贾茆,院校总表课程结构标签,统计与数据科学学院,全日制,101思想政治理论,英语一,数学三,432统计学,432统计学；目录未列指定书目,2026研招目录未列指定教材,官方目录未指定；不以机构书单冒充官方,笔试：应用统计综合; 面试：专业素质能力+综合素质能力+外语听说能力；1.《多元统计分析》（第6版），何晓群、郭满才 著，中国人民大学出版社 2.《统计学习方法》（第2版），李航 著，清华大学出版社，2019年版（小程序院校模块；待官网复核）,就现在考研小程序院校模块，2026-08-14读取；待官网复核,江苏南京江宁区九龙湖校区,31.8891787,118.815607,"东南大学(九龙湖校区), 文心街, 秣陵街道, 江宁区, 南京市, 江苏省, 211102, 中国",campus,OpenStreetMap Nominatim,https://www.openstreetmap.org/way/171389014,机器匹配待人工复核,南京新街口商务区,32.0415,118.7789,代表性公司办公集聚节点；不等同于就业机会排名,研究用节点，待人工复核,地铁为主,地铁3号线→2号线,九龙湖校区至新街口的候选换乘,候选线路，待按报名年份逐段复核,https://uri.amap.com/navigation?from=118.815607%2C31.8891787%2C%E4%B8%9C%E5%8D%97%E5%A4%A7%E5%AD%A6&to=118.7789%2C32.0415%2C%E5%8D%97%E4%BA%AC%E6%96%B0%E8%A1%97%E5%8F%A3%E5%95%86%E5%8A%A1%E5%8C%BA&mode=bus&policy=0&src=applied-stat-risk-lab&callnative=0,高德地图URI API实时公交规划,南京新街口,3年,1万元/年,2023机构基线；报考前须核最新,中,2026-08-14,A,9
清华大学,1,1,茆Pro,院校总表课程结构标签,数学科学系；统计与数据科学系,全日制；非全日制,101思想政治理论,英语二,数学三,432统计学,432统计学；目录未列指定书目,2026研招目录未列指定教材,官方目录未指定；不以机构书单冒充官方,专业综合笔试；综合面试（具体笔试范围见当年细则）,2026官方,北京海淀区清华园,39.9980752,116.3237942,"清华大学经济管理学院, 法图东侧下沉广场, 三旗, 清华园街道, 海淀区, 北京市, 100084, 中国",campus,OpenStreetMap Nominatim,https://www.openstreetmap.org/way/937482182,机器匹配待人工复核,北京中关村科技商务区,39.983,116.316,代表性公司办公集聚节点；不等同于就业机会排名,研究用节点，待人工复核,地铁为主,地铁4号线,清华园至中关村的候选线路,候选线路，待按报名年份逐段复核,https://uri.amap.com/navigation?from=116.3237942%2C39.9980752%2C%E6%B8%85%E5%8D%8E%E5%A4%A7%E5%AD%A6&to=116.316%2C39.983%2C%E5%8C%97%E4%BA%AC%E4%B8%AD%E5%85%B3%E6%9D%91%E7%A7%91%E6%8A%80%E5%95%86%E5%8A%A1%E5%8C%BA&mode=bus&policy=0&src=applied-stat-risk-lab&callnative=0,高德地图URI API实时公交规划,北京天安门,2年,2.8万元/年,2023机构基线；报考前须核最新,中,2026-08-14,A,10
华中科技大学,1,1,贾茆,院校总表课程结构标签,数学与统计学院,全日制,101思想政治理论,英语二,数学三,432统计学,432统计学；目录未列指定书目,2026研招目录未列指定教材,官方目录未指定；不以机构书单冒充官方,高等数学、线性代数、概率论与数理统计笔试；综合面试,机构公开页，待官网复核,湖北武汉洪山区主校区,30.5202172,114.4118463,"华中科技大学, 1037号, 珞喻路, 光谷社区, 关东街道, 东湖新技术开发区, 洪山区, 武汉市, 湖北省, 430074, 中国",campus,OpenStreetMap Nominatim,https://www.openstreetmap.org/relation/10717498,机器匹配待人工复核,武汉光谷中心城,30.506,114.414,代表性公司办公集聚节点；不等同于就业机会排名,研究用节点，待人工复核,地铁为主,地铁2号线,主校区至光谷中心城方向,候选线路，待按报名年份逐段复核,https://uri.amap.com/navigation?from=114.4118463%2C30.5202172%2C%E5%8D%8E%E4%B8%AD%E7%A7%91%E6%8A%80%E5%A4%A7%E5%AD%A6&to=114.414%2C30.506%2C%E6%AD%A6%E6%B1%89%E5%85%89%E8%B0%B7%E4%B8%AD%E5%BF%83%E5%9F%8E&mode=bus&policy=0&src=applied-stat-risk-lab&callnative=0,高德地图URI API实时公交规划,武汉江汉路,2年,4.5万元/年,2026招生文件公开镜像，待官网复核,中,2026-08-14,A,11
北京师范大学,1,1,贾茆Pro,院校总表课程结构标签,统计学院,全日制,101思想政治理论,英语二,数学三,432统计学,432统计学；学校另有考试大纲，目录不代列参考书,2026研招目录未列指定教材,官方目录未指定；不以机构书单冒充官方,统计学院（03方向）：自述、英语能力、统计学专业知识和综合 素质及能力等；（经验，非官方）统计学基础（一）复试参考书目：;茆诗松《概率论与数理统计》;贾俊平《统计学》；统计学院（02方向）：自述、英语能力、统计学专业知识和综合 素质及能力等；（经验，非官方）统计学基础（一）复试参考书目：;茆诗松《概率论与数理统计》;贾俊平《统计学》；统计学院（01方向）：复试形式为面试，复试内容包括自述、英语能力、统计学专业知识和综合素质及能力等。；（经验，非官方）统计学基础（一）复试参考书目：;茆诗松《概率论与数理统计》;贾俊平《统计学》（小程序院校模块；待官网复核）,就现在考研小程序院校模块，2026-08-14读取；待官网复核,广东珠海香洲区（培养地点明确为珠海）,22.3525551,113.5322245,"北京师范大学(珠海校区), 18, 金凤路, 唐家湾镇, 香洲区, 珠海市, 广东省, 519087, 中国",campus,OpenStreetMap Nominatim,https://www.openstreetmap.org/relation/9227472,机器匹配待人工复核,珠海高新区唐家湾产业带,22.3674,113.576,代表性公司办公集聚节点；不等同于就业机会排名,研究用节点，待人工复核,公交为主,公交70路/72A路（候选）,珠海校区至唐家湾产业带；班次待复核,候选线路，待按报名年份逐段复核,https://uri.amap.com/navigation?from=113.5322245%2C22.3525551%2C%E5%8C%97%E4%BA%AC%E5%B8%88%E8%8C%83%E5%A4%A7%E5%AD%A6&to=113.576%2C22.3674%2C%E7%8F%A0%E6%B5%B7%E9%AB%98%E6%96%B0%E5%8C%BA%E5%94%90%E5%AE%B6%E6%B9%BE%E4%BA%A7%E4%B8%9A%E5%B8%A6&mode=bus&policy=0&src=applied-stat-risk-lab&callnative=0,高德地图URI API实时公交规划,珠海拱北口岸,2年,5万元/全程,2023机构基线；报考前须核最新,中,2026-08-14,A,12
吉林大学,1,1,茆Pro,院校总表课程结构标签,数学学院,全日制,101思想政治理论,英语一,数学三,432统计学,432统计学；目录未列指定书目,2026研招目录未列指定教材,官方目录未指定；不以机构书单冒充官方,多元统计分析（经验，非官方）；官方未指定（小程序院校模块；待官网复核）,就现在考研小程序院校模块，2026-08-14读取；待官网复核,吉林长春朝阳区前卫南区,43.8206879,125.2711103,"吉林大学（前卫南区）, 2699, 前进大街, 科苑社区, 双德街道, 长春高新技术产业开发区, 朝阳区, 长春市, 绿园区, 吉林省, 130012, 中国",campus,OpenStreetMap Nominatim,https://www.openstreetmap.org/way/298032902,机器匹配待人工复核,长春人民广场商务区,43.8874,125.3235,代表性公司办公集聚节点；不等同于就业机会排名,研究用节点，待人工复核,轨道交通为主,轨道交通3号线→1号线,前卫南区至人民广场的候选换乘,候选线路，待按报名年份逐段复核,https://uri.amap.com/navigation?from=125.2711103%2C43.8206879%2C%E5%90%89%E6%9E%97%E5%A4%A7%E5%AD%A6&to=125.3235%2C43.8874%2C%E9%95%BF%E6%98%A5%E4%BA%BA%E6%B0%91%E5%B9%BF%E5%9C%BA%E5%95%86%E5%8A%A1%E5%8C%BA&mode=bus&policy=0&src=applied-stat-risk-lab&callnative=0,高德地图URI API实时公交规划,长春人民广场,2~3年,0.8万元/年,2023机构基线；报考前须核最新,中,2026-08-14,A,13
兰州大学,1,1,纯茆,院校总表课程结构标签,数学与统计学院,全日制,101思想政治理论,英语二,数学三,432统计学,432统计学；目录未列指定书目,2026研招目录未列指定教材,官方目录未指定；不以机构书单冒充官方,"笔试：综合考试：（概率论与数理统计，多元统计分析）各占 50%,外语翻译笔试; 面试：专业综合面试、外语口语及听力测试及思想政治素质和品德考核；【1】《概率论与数理统计教程》（第三版），茆诗松等编，高等教育出版社; 【2】《概率论与数理统计》（第四版），盛骤 等编，高等教育出版社; 【3】《多元统计分析》（第五版），何晓群，中国人民大学出版社（小程序院校模块；待官网复核）",就现在考研小程序院校模块，2026-08-14读取；待官网复核,甘肃兰州城关区一分部,36.046646,103.861184,兰州大学城关校区东区（一分部），甘肃省兰州市城关区天水南路222号,campus_area,OpenStreetMap campus-area match,https://www.openstreetmap.org/way/303425302,机器匹配待人工复核,兰州东方红广场商务区,36.0542,103.844,代表性公司办公集聚节点；不等同于就业机会排名,研究用节点，待人工复核,地铁为主,地铁1号线,城关校区至东方红广场方向,候选线路，待按报名年份逐段复核,https://uri.amap.com/navigation?from=103.861184%2C36.046646%2C%E5%85%B0%E5%B7%9E%E5%A4%A7%E5%AD%A6&to=103.844%2C36.0542%2C%E5%85%B0%E5%B7%9E%E4%B8%9C%E6%96%B9%E7%BA%A2%E5%B9%BF%E5%9C%BA%E5%95%86%E5%8A%A1%E5%8C%BA&mode=bus&policy=0&src=applied-stat-risk-lab&callnative=0,高德地图URI API实时公交规划,兰州东方红广场,3年,1.8万元/年,2023机构基线；报考前须核最新,中,2026-08-14,B,14
西安交通大学,1,1,贾茆Pro,院校总表课程结构标签,数学与统计学院；经济与金融学院,全日制,101思想政治理论,英语二,数学三,432统计学,432统计学；目录未列指定书目,2026研招目录未列指定教材,官方目录未指定；不以机构书单冒充官方,经济与金融学院：专业课笔试：国民经济统计学; 面试：英语听力口语、综合考核；官方未指定；数学与统计学院：专业课笔试：计算方法+数学分析; 面试：英语听力口语、综合考核；官方未指定（小程序院校模块；待官网复核）,就现在考研小程序院校模块，2026-08-14读取；待官网复核,陕西西安碑林区兴庆校区；雁塔区财经校区,34.2476753,108.9789725,"西安交通大学兴庆校区, 28, 咸宁西路, 曹家巷社区, 东关南街街道, 碑林区, 西安市, 陕西省, 710049, 中国",campus,OpenStreetMap Nominatim,https://www.openstreetmap.org/relation/17568632,机器匹配待人工复核,西安高新区科技路商务区,34.2308,108.893,代表性公司办公集聚节点；不等同于就业机会排名,研究用节点，待人工复核,地铁为主,地铁6号线,兴庆校区至高新区方向,候选线路，待按报名年份逐段复核,https://uri.amap.com/navigation?from=108.9789725%2C34.2476753%2C%E8%A5%BF%E5%AE%89%E4%BA%A4%E9%80%9A%E5%A4%A7%E5%AD%A6&to=108.893%2C34.2308%2C%E8%A5%BF%E5%AE%89%E9%AB%98%E6%96%B0%E5%8C%BA%E7%A7%91%E6%8A%80%E8%B7%AF%E5%95%86%E5%8A%A1%E5%8C%BA&mode=bus&policy=0&src=applied-stat-risk-lab&callnative=0,高德地图URI API实时公交规划,西安钟楼,未公布/当年未招,1.32万元/年,2023机构基线；报考前须核最新,中,2026-08-14,A,15
中南大学,1,1,贾茆Pro,院校总表课程结构标签,数学与统计学院,全日制,101思想政治理论,英语二,数学三,432统计学,432统计学；目录未列指定书目,2026研招目录未列指定教材,官方目录未指定；不以机构书单冒充官方,专业课笔试：应用回归分析、抽样技术、概率论与数理统计; 综合素质及能力测试、思政及外语能力测试；官方未指定（小程序院校模块；待官网复核）；卡方2026录取文章正文补充：专业课笔试2小时、100分；外语听说不少于10分钟、100分；综合面试不少于10分钟、100分；总成绩=初试总分+复试总分。,卡方2026录取文章正文与统计战线小程序交叉验证，2026-08-14读取；待学校官网复核,湖南长沙岳麓区校本部,28.1692907,112.92852,中南大学校本部，湖南省长沙市岳麓区,campus_area,OpenStreetMap campus-area match,https://www.openstreetmap.org/way/644418434,机器匹配待人工复核,长沙滨江金融中心,28.231,112.956,代表性公司办公集聚节点；不等同于就业机会排名,研究用节点，待人工复核,地铁为主,地铁4号线,校本部至滨江金融中心方向,候选线路，待按报名年份逐段复核,https://uri.amap.com/navigation?from=112.92852%2C28.1692907%2C%E4%B8%AD%E5%8D%97%E5%A4%A7%E5%AD%A6&to=112.956%2C28.231%2C%E9%95%BF%E6%B2%99%E6%BB%A8%E6%B1%9F%E9%87%91%E8%9E%8D%E4%B8%AD%E5%BF%83&mode=bus&policy=0&src=applied-stat-risk-lab&callnative=0,高德地图URI API实时公交规划,长沙五一广场,3年,1.4万元/年,2023机构基线；报考前须核最新,中,2026-08-14,A,16
重庆大学,1,1,纯贾,院校总表课程结构标签,数学与统计学院,全日制,101思想政治理论,英语二,数学三,432统计学,432统计学；复试概率论与数理统计,2026研招目录未列指定教材,官方目录未指定；不以机构书单冒充官方,概率论与数理统计（科目线索）,2026目录/复试细则待补,重庆沙坪坝区A校区,29.5699522,106.4596103,重庆大学A区，重庆市沙坪坝区沙坪坝正街174号,campus_entrance,OpenStreetMap campus entrance,https://www.openstreetmap.org/node/10180144507,机器匹配待人工复核,重庆江北嘴金融城,29.5754,106.5743,代表性公司办公集聚节点；不等同于就业机会排名,研究用节点，待人工复核,地铁为主,轨道交通1号线→6号线,A区至江北嘴的候选换乘,候选线路，待按报名年份逐段复核,https://uri.amap.com/navigation?from=106.4596103%2C29.5699522%2C%E9%87%8D%E5%BA%86%E5%A4%A7%E5%AD%A6&to=106.5743%2C29.5754%2C%E9%87%8D%E5%BA%86%E6%B1%9F%E5%8C%97%E5%98%B4%E9%87%91%E8%9E%8D%E5%9F%8E&mode=bus&policy=0&src=applied-stat-risk-lab&callnative=0,高德地图URI API实时公交规划,重庆解放碑,2年,未公布/当年未招,2023机构基线；报考前须核最新,中,2026-08-14,A,17
西北工业大学,1,1,茆Pro,院校总表课程结构标签,数学与统计学院,全日制,101思想政治理论,英语一,数学三,432统计学,432统计学；目录未列指定书目,2026研招目录未列指定教材,官方目录未指定；不以机构书单冒充官方,981 数学综合；官方未指定（小程序院校模块；待官网复核）,就现在考研小程序院校模块，2026-08-14读取；待官网复核,陕西西安长安区长安校区,34.0296926,108.7598012,"西北工业大学(长安校区), 银河路, 长安区, 西安市, 陕西省, 710072, 中国",campus,OpenStreetMap Nominatim,https://www.openstreetmap.org/way/273391732,机器匹配待人工复核,西安高新区科技路商务区,34.2308,108.893,代表性公司办公集聚节点；不等同于就业机会排名,研究用节点，待人工复核,地铁为主,地铁6号线,长安校区至高新区方向,候选线路，待按报名年份逐段复核,https://uri.amap.com/navigation?from=108.7598012%2C34.0296926%2C%E8%A5%BF%E5%8C%97%E5%B7%A5%E4%B8%9A%E5%A4%A7%E5%AD%A6&to=108.893%2C34.2308%2C%E8%A5%BF%E5%AE%89%E9%AB%98%E6%96%B0%E5%8C%BA%E7%A7%91%E6%8A%80%E8%B7%AF%E5%95%86%E5%8A%A1%E5%8C%BA&mode=bus&policy=0&src=applied-stat-risk-lab&callnative=0,高德地图URI API实时公交规划,西安钟楼,3年,0.8万元/年,2023机构基线；报考前须核最新,中,2026-08-14,A,18
大连理工大学,1,1,纯茆,院校总表课程结构标签,主校区数学科学学院,全日制,101思想政治理论,英语二,数学三,432统计学,432统计学；目录未列指定书目,2026研招目录未列指定教材,官方目录未指定；不以机构书单冒充官方,第一阶段：; 1.思想政治素质和品德考核 2.心理素质测试; 第二阶段：; 1.外语能力测试 2.综合素质和能力考核 3.专业素质和能力考核：概率论与数理统计；《概率论与数理统计教程》(第二版)，茆诗松、程依明、濮晓龙，高等教育出版社，2011（小程序院校模块；待官网复核）,就现在考研小程序院校模块，2026-08-14读取；待官网复核,辽宁大连甘井子区凌水校区,38.8812564,121.52016,"大连理工大学, 2号, 五一路, 黑石礁街道, 杨树沟, 沙河口区, 甘井子区, 大连市, 辽宁省, 116024, 中国",campus,OpenStreetMap Nominatim,https://www.openstreetmap.org/way/443031231,机器匹配待人工复核,大连高新园区软件产业带,38.858,121.526,代表性公司办公集聚节点；不等同于就业机会排名,研究用节点，待人工复核,地铁为主,地铁1号线,凌水校区至高新园区方向,候选线路，待按报名年份逐段复核,https://uri.amap.com/navigation?from=121.52016%2C38.8812564%2C%E5%A4%A7%E8%BF%9E%E7%90%86%E5%B7%A5%E5%A4%A7%E5%AD%A6&to=121.526%2C38.858%2C%E5%A4%A7%E8%BF%9E%E9%AB%98%E6%96%B0%E5%9B%AD%E5%8C%BA%E8%BD%AF%E4%BB%B6%E4%BA%A7%E4%B8%9A%E5%B8%A6&mode=bus&policy=0&src=applied-stat-risk-lab&callnative=0,高德地图URI API实时公交规划,大连青泥洼桥,3年,0.8万元/年,2023机构基线；报考前须核最新,中,2026-08-14,A,19
东北大学,1,1,贾茆,院校总表课程结构标签,理学院（含秦皇岛、佛山方向）,全日制,101思想政治理论,英语二,数学三,432统计学,432统计学；目录未列指定书目,2026研招目录未列指定教材,官方目录未指定；不以机构书单冒充官方,理学院：统计方法；[1]《贝叶斯统计》（第二版），韦来生，张伟平著，高等教育出版社，2022年; [2]《数据分析方法》（第二版），梅长林、范金城，高等教育出版社，2018年。；理学院(秦皇岛)：统计方法；[1]《贝叶斯统计》（第二版），韦来生，张伟平著，高等教育出版社，2022年; [2]《数据分析方法》（第二版），梅长林、范金城，高等教育出版社，2018年。；理学院（佛山）：统计方法；[1]《贝叶斯统计》（第二版），韦来生，张伟平著，高等教育出版社，2022年; [2]《数据分析方法》（第二版），梅长林、范金城，高等教育出版社，2018年。（小程序院校模块；待官网复核）,就现在考研小程序院校模块，2026-08-14读取；待官网复核,辽宁沈阳和平区；河北秦皇岛海港区；广东佛山南海区,41.7634632,123.4117577,"东北大学, 11号, 文体西路, 南湖街道, 和平区, 沈阳市, 辽宁省, 110819, 中国",campus,OpenStreetMap Nominatim,https://www.openstreetmap.org/way/53573481,机器匹配待人工复核,沈阳青年大街金廊,41.775,123.431,代表性公司办公集聚节点；不等同于就业机会排名,研究用节点，待人工复核,地铁为主,地铁4号线→2号线,南湖校区至青年大街的候选换乘,候选线路，待按报名年份逐段复核,https://uri.amap.com/navigation?from=123.4117577%2C41.7634632%2C%E4%B8%9C%E5%8C%97%E5%A4%A7%E5%AD%A6&to=123.431%2C41.775%2C%E6%B2%88%E9%98%B3%E9%9D%92%E5%B9%B4%E5%A4%A7%E8%A1%97%E9%87%91%E5%BB%8A&mode=bus&policy=0&src=applied-stat-risk-lab&callnative=0,高德地图URI API实时公交规划,沈阳中街；秦皇岛人民广场,3年,0.8万元/年,2023机构基线；报考前须核最新,中,2026-08-14,A,20
中国人民大学,1,1,贾茆Pro,院校总表课程结构标签,统计学院；统计与大数据研究院,全日制,101思想政治理论,英语一,数学三,432统计学,432含概率论、数理统计及统计学基本方法；目录未列指定书目,2026研招目录未列指定教材,官方目录未指定；不以机构书单冒充官方,专业课笔试、外语笔试、专业和综合素质面试、外语面试,2025官方,北京海淀区（明德主楼）；两院均在中关村校区,39.9695397,116.3071291,"中国人民大学, 59号, 中关村大街, 友谊社区, 海淀南路北社区, 海淀街道, 海淀区, 北京市, 100872, 中国",campus,OpenStreetMap Nominatim,https://www.openstreetmap.org/way/30725330,机器匹配待人工复核,北京中关村科技商务区,39.983,116.316,代表性公司办公集聚节点；不等同于就业机会排名,研究用节点，待人工复核,地铁为主,地铁4号线,中关村校区至中关村方向,候选线路，待按报名年份逐段复核,https://uri.amap.com/navigation?from=116.3071291%2C39.9695397%2C%E4%B8%AD%E5%9B%BD%E4%BA%BA%E6%B0%91%E5%A4%A7%E5%AD%A6&to=116.316%2C39.983%2C%E5%8C%97%E4%BA%AC%E4%B8%AD%E5%85%B3%E6%9D%91%E7%A7%91%E6%8A%80%E5%95%86%E5%8A%A1%E5%8C%BA&mode=bus&policy=0&src=applied-stat-risk-lab&callnative=0,高德地图URI API实时公交规划,北京天安门,2年,2.5万元/年,2026官方招生简章,中,2026-08-14,A,21
哈尔滨工业大学,1,1,贾茆Pro,院校总表课程结构标签,数学学院（含苏州基地）,全日制,101思想政治理论,英语一,数学三,432统计学,432统计学；目录未列指定书目,2026研招目录未列指定教材,官方目录未指定；不以机构书单冒充官方,数学学院（苏州基地）：1、专业综合考核（200分）2、综合面试（150分）；《概率论与数理统计教程》(第3版)，茆诗松、程依明、濮晓龙，高等教育出版社，2019；数学学院：1、专业综合考核（200分）2、综合面试（150分）；《概率论与数理统计教程》(第3版)，茆诗松、程依明、濮晓龙，高等教育出版社，2019（小程序院校模块；待官网复核）,就现在考研小程序院校模块，2026-08-14读取；待官网复核,黑龙江哈尔滨南岗区；江苏苏州吴江区,45.741589,126.6255626,哈尔滨工业大学校本部，黑龙江省哈尔滨市南岗区西大直街92号,campus,OpenStreetMap Nominatim,https://www.openstreetmap.org/relation/13053921,机器匹配待人工复核,哈尔滨哈西商务区,45.705,126.586,代表性公司办公集聚节点；不等同于就业机会排名,研究用节点，待人工复核,地铁为主,地铁1号线→3号线,校本部至哈西商务区的候选换乘,候选线路，待按报名年份逐段复核,https://uri.amap.com/navigation?from=126.6255626%2C45.741589%2C%E5%93%88%E5%B0%94%E6%BB%A8%E5%B7%A5%E4%B8%9A%E5%A4%A7%E5%AD%A6&to=126.586%2C45.705%2C%E5%93%88%E5%B0%94%E6%BB%A8%E5%93%88%E8%A5%BF%E5%95%86%E5%8A%A1%E5%8C%BA&mode=bus&policy=0&src=applied-stat-risk-lab&callnative=0,高德地图URI API实时公交规划,哈尔滨中央大街；苏州观前街,2~3年,0.8万元/年,2023机构基线；报考前须核最新,中,2026-08-14,A,22
合肥工业大学,0,1,待核实,原表五大门派名单未覆盖,数学学院,非全日制,101思想政治理论,英语二,数学三,432统计学,432统计学；2026最新交互目录存在，但本轮未稳定读取附件内题型/书目,贾俊平等《统计学》第7版，中国人民大学出版社，2018（2023官方旧版大纲）,官方旧（2023）；2026交互目录待复核，不标作最新指定教材,概率论与数理统计（2023官方旧版复试科目；2026学院细则待核）,2023官方旧；2026待补,安徽合肥包河区屯溪路校区,31.8467178,117.2905698,"合肥工业大学（屯溪路校区）, 193号, 南一环路, 航运南村, 包公街道, 包河区, 合肥市, 安徽省, 230009, 中国",campus,OpenStreetMap Nominatim,https://www.openstreetmap.org/way/324749077,机器匹配待人工复核,合肥政务文化新区,31.8179,117.228,代表性公司办公集聚节点；不等同于就业机会排名,研究用节点，待人工复核,地铁为主,地铁1号线→4号线,屯溪路校区至政务区的候选换乘,候选线路，待按报名年份逐段复核,https://uri.amap.com/navigation?from=117.2905698%2C31.8467178%2C%E5%90%88%E8%82%A5%E5%B7%A5%E4%B8%9A%E5%A4%A7%E5%AD%A6&to=117.228%2C31.8179%2C%E5%90%88%E8%82%A5%E6%94%BF%E5%8A%A1%E6%96%87%E5%8C%96%E6%96%B0%E5%8C%BA&mode=bus&policy=0&src=applied-stat-risk-lab&callnative=0,高德地图URI API实时公交规划,合肥四牌楼,3年,5.1万元/全程,2026官方招生简章,中,2026-08-13,A,23
中山大学,1,1,茆Pro,院校总表课程结构标签,广州数学学院；数学学院（珠海）,全日制,101思想政治理论,英语二,数学三,432统计学,432统计学；目录未列指定书目,2026研招目录未列指定教材,官方目录未指定；不以机构书单冒充官方,数学学院（珠海）：综合评价、外语应用能力测试、专业能力及综合素质考核; 复试专业课：面试（应用统计）；经验，非官方：;[1]《统计计算》，高慧璇，北京大学出版社，前六章；数学学院：综合评价、外语应用能力测试、专业能力及综合素质考核 ;复试专业课：线性回归；官方未指定（小程序院校模块；待官网复核）,就现在考研小程序院校模块，2026-08-14读取；待官网复核,广东广州海珠区；广东珠海香洲区,23.0996034,113.2923509,"中山大学(广州校区南校园), 135, 新港西路, 新港街道, 海珠区, 广州市, 广东省, 510275, 中国",campus,OpenStreetMap Nominatim,https://www.openstreetmap.org/way/300917756,机器匹配待人工复核,广州珠江新城,23.1196,113.322,代表性公司办公集聚节点；不等同于就业机会排名,研究用节点，待人工复核,地铁为主,地铁8号线→3号线/APM线,南校园至珠江新城的候选换乘,候选线路，待按报名年份逐段复核,https://uri.amap.com/navigation?from=113.2923509%2C23.0996034%2C%E4%B8%AD%E5%B1%B1%E5%A4%A7%E5%AD%A6&to=113.322%2C23.1196%2C%E5%B9%BF%E5%B7%9E%E7%8F%A0%E6%B1%9F%E6%96%B0%E5%9F%8E&mode=bus&policy=0&src=applied-stat-risk-lab&callnative=0,高德地图URI API实时公交规划,广州珠江新城；珠海拱北口岸,2年,2.25万元/年,2023机构基线；报考前须核最新,中,2026-08-14,A,24
厦门大学,1,1,贾茆,院校总表课程结构标签,统计学与数据科学系；王亚南经济研究院,全日制,101思想政治理论,英语一；英语二,数学三；396经综,432统计学,432统计学；两院公共课组合不同，目录未列指定书目,2026研招目录未列指定教材,官方目录未指定；不以机构书单冒充官方,英语财经翻译、政治经济学笔试；综合面试,机构公开页，待官网复核,福建厦门思明区思明校区,24.4399419,118.0930178,厦门大学思明校区，福建省厦门市思明区思明南路422号,campus,OpenStreetMap Nominatim,https://www.openstreetmap.org/way/154986493,机器匹配待人工复核,厦门软件园二期,24.489,118.187,代表性公司办公集聚节点；不等同于就业机会排名,研究用节点，待人工复核,公交为主,公交29路/751路（候选）,思明校区至软件园二期；线路待逐段复核,候选线路，待按报名年份逐段复核,https://uri.amap.com/navigation?from=118.0930178%2C24.4399419%2C%E5%8E%A6%E9%97%A8%E5%A4%A7%E5%AD%A6&to=118.187%2C24.489%2C%E5%8E%A6%E9%97%A8%E8%BD%AF%E4%BB%B6%E5%9B%AD%E4%BA%8C%E6%9C%9F&mode=bus&policy=0&src=applied-stat-risk-lab&callnative=0,高德地图URI API实时公交规划,厦门中山路,3年,1.1万元/年,2023机构基线；报考前须核最新,中,2026-08-14,A,25
山东大学,1,1,纯茆,院校总表课程结构标签,经济研究院；金融研究院；数据科学研究院；数学与统计学院,全日制,101思想政治理论,英语二,396经综,432统计学,432统计学；2026第三单元为396经综,2026研招目录未列指定教材,官方目录未指定；不以机构书单冒充官方,金融研究院：笔试：概率论、数理统计; 面试：英语、数学分析、线性代数、概率论、数理统计；1、《概率论基础》（第三版），复旦大学李贤平编，高等教育出版社 2010 年版; 2、《数理统计》，胡发胜、宿洁编，山东大学出版社 2005 年版; 3、《概率论与数理统计》（第二版），刘建亚、吴臻编，高等教育出版社 2011；数学与统计学院：笔试：统计学、回归分析和多元统计; 面试：主要对考生的专业基础知识（统计学，回归分析和多元统计）、英语口语、分析问题的能力和反应灵敏性等进行综合考查；1、《例解回归分析》（原书第五版），郑忠国等译，机械工业出版社; 2、《多元统计分析：应用多元统计分析》，高惠璇著，北京大学出版社; 3、《数理统计讲义》，郑明等著，复旦大学出版社；数据科学研究院：笔试：概率论、数理统计;面试：英语、数学分析、线性代数、概率论、数理统计；[1]《概率论基础》（第三版），复旦大学李贤平编，高等教育出版社2010年版; [2]《数理统计》，胡发胜、宿洁编，山东大学出版社2005年版; [3]《概率论与数理统计》（第二版），刘建亚、吴臻编，高等教育出版社2011年版。；经济研究院：笔试：金融学; 面试：综合素质考查外语水平测试;口语和听力；《金融学》，王松奇主编，中国金融出版社，2002 年版（小程序院校模块；待官网复核）,就现在考研小程序院校模块，2026-08-14读取；待官网复核,山东济南历城区；山东威海环翠区（部分方向）,36.6762518,117.0538936,"山东大学(中心校区), 明德大道, 山大路街道, 历城区, 济南市, 山东省, 250100, 中国",campus,OpenStreetMap Nominatim,https://www.openstreetmap.org/way/31734968,机器匹配待人工复核,济南汉峪金谷商务区,36.651,117.128,代表性公司办公集聚节点；不等同于就业机会排名,研究用节点，待人工复核,公交+地铁,公交接驳→地铁2号线/3号线,中心校区至汉峪金谷的候选组合,候选线路，待按报名年份逐段复核,https://uri.amap.com/navigation?from=117.0538936%2C36.6762518%2C%E5%B1%B1%E4%B8%9C%E5%A4%A7%E5%AD%A6&to=117.128%2C36.651%2C%E6%B5%8E%E5%8D%97%E6%B1%89%E5%B3%AA%E9%87%91%E8%B0%B7%E5%95%86%E5%8A%A1%E5%8C%BA&mode=bus&policy=0&src=applied-stat-risk-lab&callnative=0,高德地图URI API实时公交规划,济南泉城广场；威海威海市政府,(005)经济研究院：2 (020)金融研究院：3 (089)数学与统计学院：3年,1.6万元/年,2023机构基线；报考前须核最新,中,2026-08-14,A,26
武汉大学,1,1,茆Pro,院校总表课程结构标签,数学与统计学院,全日制,101思想政治理论,英语二,数学三,432统计学,432统计学；目录未列指定书目,2026研招目录未列指定教材,官方目录未指定；不以机构书单冒充官方,专业课笔试（概率论与数理统计）、英语听力口语测试及综合面试；官方未指定（小程序院校模块；待官网复核）,就现在考研小程序院校模块，2026-08-14读取；待官网复核,湖北武汉武昌区珞珈山校区,30.5373773,114.361535,武汉大学珞珈山校区，湖北省武汉市武昌区八一路299号,campus,OpenStreetMap Nominatim,https://www.openstreetmap.org/relation/10717504,机器匹配待人工复核,武汉光谷中心城,30.506,114.414,代表性公司办公集聚节点；不等同于就业机会排名,研究用节点，待人工复核,地铁为主,地铁2号线,珞珈山校区至光谷方向,候选线路，待按报名年份逐段复核,https://uri.amap.com/navigation?from=114.361535%2C30.5373773%2C%E6%AD%A6%E6%B1%89%E5%A4%A7%E5%AD%A6&to=114.414%2C30.506%2C%E6%AD%A6%E6%B1%89%E5%85%89%E8%B0%B7%E4%B8%AD%E5%BF%83%E5%9F%8E&mode=bus&policy=0&src=applied-stat-risk-lab&callnative=0,高德地图URI API实时公交规划,武汉江汉路,2年,1.3万元/年,2023机构基线；报考前须核最新,中,2026-08-14,A,27
太原理工大学,0,1,贾茆,院校总表课程结构标签,数学学院,全日制,101思想政治理论,英语二,数学三,432统计学,432统计学；方向含生医统计、大数据、社会经济统计,2026研招目录未列指定教材,官方目录未指定；不以机构书单冒充官方,思想政治素质和品德考核、专业知识水平和能力考核、综合素质和能力考核、外语水平测试；官方未指定（小程序院校模块；待官网复核）,就现在考研小程序院校模块，2026-08-14读取；待官网复核,山西太原万柏林区迎西校区,37.861047,112.5158226,"太原理工大学（迎西校区）, 瓦窑街, 千峰街道, 万柏林区, 太原市, 山西省, 030024, 中国",campus,OpenStreetMap Nominatim,https://www.openstreetmap.org/way/182055471,机器匹配待人工复核,太原长风商务区,37.818,112.557,代表性公司办公集聚节点；不等同于就业机会排名,研究用节点，待人工复核,地铁为主,地铁1号线→2号线,迎西校区至长风商务区的候选换乘,候选线路，待按报名年份逐段复核,https://uri.amap.com/navigation?from=112.5158226%2C37.861047%2C%E5%A4%AA%E5%8E%9F%E7%90%86%E5%B7%A5%E5%A4%A7%E5%AD%A6&to=112.557%2C37.818%2C%E5%A4%AA%E5%8E%9F%E9%95%BF%E9%A3%8E%E5%95%86%E5%8A%A1%E5%8C%BA&mode=bus&policy=0&src=applied-stat-risk-lab&callnative=0,高德地图URI API实时公交规划,太原五一广场,3年,0.8万元/年,2023机构基线；报考前须核最新,中,2026-08-14,A,28
上海财经大学,0,1,贾茆Pro,院校总表课程结构标签,数学学院；统计与数据科学学院,全日制,101思想政治理论,英语二,数学三,432统计学,432统计学；目录未列指定书目,2026研招目录未列指定教材,官方目录未指定；不以机构书单冒充官方,统计学院：机试+面试；数学学院：笔试+面试。数学学院复试书目含统计计算、机器学习,机构公开页，待官网复核,上海杨浦区国定路校区,31.3068662,121.4943346,"上海财经大学, 上海财经大学武川路地下人行通道, 五角场街道, 杨浦区, 上海市, 200433, 中国",campus,OpenStreetMap Nominatim,https://www.openstreetmap.org/way/68741490,机器匹配待人工复核,上海陆家嘴金融城,31.2354,121.5055,代表性公司办公集聚节点；不等同于就业机会排名,研究用节点，待人工复核,地铁为主,地铁10号线→2号线,国定路校区至陆家嘴的候选换乘,候选线路，待按报名年份逐段复核,https://uri.amap.com/navigation?from=121.4943346%2C31.3068662%2C%E4%B8%8A%E6%B5%B7%E8%B4%A2%E7%BB%8F%E5%A4%A7%E5%AD%A6&to=121.5055%2C31.2354%2C%E4%B8%8A%E6%B5%B7%E9%99%86%E5%AE%B6%E5%98%B4%E9%87%91%E8%9E%8D%E5%9F%8E&mode=bus&policy=0&src=applied-stat-risk-lab&callnative=0,高德地图URI API实时公交规划,上海人民广场,上财-波士顿大学数理金融和金融科技硕士：1.5+1.5 其他：2年,10万元/年,2023机构基线；报考前须核最新,低,2026-08-14,A,29
西南财经大学,0,1,贾茆,院校总表课程结构标签,统计与数据科学学院,全日制,101思想政治理论,英语二,数学三,432统计学,432统计学；目录未列指定书目,2026研招目录未列指定教材,官方目录未指定；不以机构书单冒充官方,笔试：计量经济学; 面试：专业能力和综合素质、外语听说能力；庞皓《计量经济学》（小程序院校模块；待官网复核）,就现在考研小程序院校模块，2026-08-14读取；待官网复核,四川成都温江区柳林校区,30.6834841,103.8200878,"西南财经大学, 柳浪湾北二巷, 柳浪湾, 柳城街道, 温江区, 成都市, 四川省, 611130, 中国",campus,OpenStreetMap Nominatim,https://www.openstreetmap.org/way/443825467,机器匹配待人工复核,成都天府金融城,30.5743,104.0668,代表性公司办公集聚节点；不等同于就业机会排名,研究用节点，待人工复核,地铁为主,地铁4号线→9号线→1号线,柳林校区至金融城的候选换乘,候选线路，待按报名年份逐段复核,https://uri.amap.com/navigation?from=103.8200878%2C30.6834841%2C%E8%A5%BF%E5%8D%97%E8%B4%A2%E7%BB%8F%E5%A4%A7%E5%AD%A6&to=104.0668%2C30.5743%2C%E6%88%90%E9%83%BD%E5%A4%A9%E5%BA%9C%E9%87%91%E8%9E%8D%E5%9F%8E&mode=bus&policy=0&src=applied-stat-risk-lab&callnative=0,高德地图URI API实时公交规划,成都天府广场,2年,1.8万元/年,2023机构基线；报考前须核最新,中,2026-08-14,A,30
中央财经大学,0,1,纯贾,院校总表课程结构标签,统计与数学学院,全日制,101思想政治理论,英语一,数学三,432统计学,432统计学；目录未列指定书目,2026研招目录未列指定教材,官方目录未指定；不以机构书单冒充官方,专业能力笔试：统计软件与数据分析; 专业潜质面试、外语听说测试；《统计学》 ，刘扬、毛炳寰 ，中国统计出版社 (2010 第一版)（小程序院校模块；待官网复核）,就现在考研小程序院校模块，2026-08-14读取；待官网复核,北京海淀区学院南路；北京昌平区沙河校区,39.9581476,116.3362796,中央财经大学学院南路校区，北京市海淀区学院南路39号,campus,OpenStreetMap Nominatim,https://www.openstreetmap.org/way/248393687,机器匹配待人工复核,北京中关村科技商务区,39.983,116.316,代表性公司办公集聚节点；不等同于就业机会排名,研究用节点，待人工复核,地铁为主,地铁4号线,学院南路校区至中关村方向,候选线路，待按报名年份逐段复核,https://uri.amap.com/navigation?from=116.3362796%2C39.9581476%2C%E4%B8%AD%E5%A4%AE%E8%B4%A2%E7%BB%8F%E5%A4%A7%E5%AD%A6&to=116.316%2C39.983%2C%E5%8C%97%E4%BA%AC%E4%B8%AD%E5%85%B3%E6%9D%91%E7%A7%91%E6%8A%80%E5%95%86%E5%8A%A1%E5%8C%BA&mode=bus&policy=0&src=applied-stat-risk-lab&callnative=0,高德地图URI API实时公交规划,北京天安门,2年,2.5万元/年,2023机构基线；报考前须核最新,低,2026-08-14,A,31
湖南大学,1,1,待核实,原表五大门派名单未覆盖,金融与统计学院,非全日制,101思想政治理论,英语二,396经济类综合能力,432统计学,2026官方调整：第三单元由303数学三改为396经济类综合能力；第四单元432统计学；培养方式改为非全日制,2026研招目录未列指定教材,官方目录未指定；不以机构书单冒充官方,综合面试（现场问答，满分250）：综合素质、专业素质与能力、实践能力、外语听说等,2026官方,湖南长沙岳麓区财院校区,28.2018758,112.9255484,"湖南大学(财院校区), 月湖路, 西湖街道, 岳麓区, 湘江新区, 岳麓区, 长沙市, 湖南省, 410006, 中国",campus,OpenStreetMap Nominatim,https://www.openstreetmap.org/way/644418501,机器匹配待人工复核,长沙滨江金融中心,28.231,112.956,代表性公司办公集聚节点；不等同于就业机会排名,研究用节点，待人工复核,地铁为主,地铁4号线,财院校区至滨江金融中心方向,候选线路，待按报名年份逐段复核,https://uri.amap.com/navigation?from=112.9255484%2C28.2018758%2C%E6%B9%96%E5%8D%97%E5%A4%A7%E5%AD%A6&to=112.956%2C28.231%2C%E9%95%BF%E6%B2%99%E6%BB%A8%E6%B1%9F%E9%87%91%E8%9E%8D%E4%B8%AD%E5%BF%83&mode=bus&policy=0&src=applied-stat-risk-lab&callnative=0,高德地图URI API实时公交规划,长沙五一广场,2年,3.6万元/生·年,2026官方收费公示,中,2026-08-14,A,32
对外经济贸易大学,0,1,贾茆,院校总表课程结构标签,统计学院,全日制,101思想政治理论,英语一,数学三,432统计学,432参照教育部考试大纲；学校目录未指定教材,2026研招目录未列指定教材,官方目录未指定；不以机构书单冒充官方,面试内容包括专业综合测试（包含统计学专业知识、统计应用能力等)和英语水平测试，满分100分，其中专业综合测试70分，英语水平测试30分;每位考生面试时间至少为20分钟；《统计学专业基础》（经验，非官方）（小程序院校模块；待官网复核）,就现在考研小程序院校模块，2026-08-14读取；待官网复核,北京朝阳区惠新东街校区,39.977598,116.4215242,"对外经济贸易大学, 惠新东街, 小关街道, 朝阳区, 北京市, 100029, 中国",campus,OpenStreetMap Nominatim,https://www.openstreetmap.org/way/412468627,机器匹配待人工复核,北京望京商务区,40.0,116.481,代表性公司办公集聚节点；不等同于就业机会排名,研究用节点，待人工复核,地铁为主,地铁10号线→14号线,惠新东街至望京的候选换乘,候选线路，待按报名年份逐段复核,https://uri.amap.com/navigation?from=116.4215242%2C39.977598%2C%E5%AF%B9%E5%A4%96%E7%BB%8F%E6%B5%8E%E8%B4%B8%E6%98%93%E5%A4%A7%E5%AD%A6&to=116.481%2C40.0%2C%E5%8C%97%E4%BA%AC%E6%9C%9B%E4%BA%AC%E5%95%86%E5%8A%A1%E5%8C%BA&mode=bus&policy=0&src=applied-stat-risk-lab&callnative=0,高德地图URI API实时公交规划,北京天安门,2年,未公布/当年未招,2023机构基线；报考前须核最新,低,2026-08-14,A,33
同济大学,1,1,贾茆,院校总表课程结构标签,数学科学学院,全日制,101思想政治理论,英语二,数学三,432统计学,432统计学；目录未列指定书目,2026研招目录未列指定教材,官方目录未指定；不以机构书单冒充官方,"综合笔试+综合面试 综合笔试：（1）专业外语笔试（2）专业基础笔试（参考书目及题型详见复试大纲）  综合面试：（1）专业综合（2）外语口试；非官方，参考初试：[1] 《概率论与数理统计教程》（第4版） 茆诗松, 程依明, 濮晓龙, 倪葎，高等教育出版社, 2026; [2] 《统计学》（第9版），贾俊平, 何晓群，金勇进，中国人民大学出版社, 2025。（小程序院校模块；待官网复核）",就现在考研小程序院校模块，2026-08-14读取；待官网复核,上海杨浦区四平路校区,31.2834256,121.4969124,"同济大学医学楼, 爱校路(樱花大道), 鞍山, 四平路街道, 杨浦区, 上海市, 200092, 中国",campus,OpenStreetMap Nominatim,https://www.openstreetmap.org/way/184542420,机器匹配待人工复核,上海陆家嘴金融城,31.2354,121.5055,代表性公司办公集聚节点；不等同于就业机会排名,研究用节点，待人工复核,地铁为主,地铁10号线→2号线,四平路校区至陆家嘴的候选换乘,候选线路，待按报名年份逐段复核,https://uri.amap.com/navigation?from=121.4969124%2C31.2834256%2C%E5%90%8C%E6%B5%8E%E5%A4%A7%E5%AD%A6&to=121.5055%2C31.2354%2C%E4%B8%8A%E6%B5%B7%E9%99%86%E5%AE%B6%E5%98%B4%E9%87%91%E8%9E%8D%E5%9F%8E&mode=bus&policy=0&src=applied-stat-risk-lab&callnative=0,高德地图URI API实时公交规划,上海人民广场,3年,未公布/当年未招,2023机构基线；报考前须核最新,中,2026-08-14,A,34
中南财经政法大学,0,1,贾茆,院校总表课程结构标签,统计与数学学院,全日制,101思想政治理论,英语二,数学三,432统计学,432统计学；目录未列指定书目,2026研招目录未列指定教材,官方目录未指定；不以机构书单冒充官方,笔试：1095应用统计学; 面试：专业综合面试、外语听说能力测试；[1]《统计学》，贾俊平 编著，中国人民大学出版社，2021 年，第 8 版。; [2]《应用时间序列分析》，王燕等编，中国人民大学出版社，2022 年，第6 版。; [3]《应用多元统计分析》，王学民编著，上海财经大学出版社，2021 年，第6 版。; [4]《概率论与数理统计教程》，茆诗松等编，高等教育出版社，2019 年，第3 版。（小程序院校模块；待官网复核）；卡方2026录取文章正文补充：现场复试；笔试3小时、150分；面试不少于20分钟、70分（专业综合25、外语听说25、综合素质与创新20）；总成绩=初试70%+复试30%。,卡方2026录取文章正文与统计战线小程序交叉验证，2026-08-14读取；待学校官网复核,湖北武汉江夏区南湖校区,30.4764327,114.3801735,"中南财经政法大学（南湖校区）, 182, 梓年路, 清水源社区, 关东街道, 东湖新技术开发区, 洪山区, 武汉市, 湖北省, 430223, 中国",campus,OpenStreetMap Nominatim,https://www.openstreetmap.org/relation/11697627,机器匹配待人工复核,武汉光谷中心城,30.506,114.414,代表性公司办公集聚节点；不等同于就业机会排名,研究用节点，待人工复核,地铁+公交,地铁2号线+公交接驳,南湖校区至光谷中心城；接驳段待复核,候选线路，待按报名年份逐段复核,https://uri.amap.com/navigation?from=114.3801735%2C30.4764327%2C%E4%B8%AD%E5%8D%97%E8%B4%A2%E7%BB%8F%E6%94%BF%E6%B3%95%E5%A4%A7%E5%AD%A6&to=114.414%2C30.506%2C%E6%AD%A6%E6%B1%89%E5%85%89%E8%B0%B7%E4%B8%AD%E5%BF%83%E5%9F%8E&mode=bus&policy=0&src=applied-stat-risk-lab&callnative=0,高德地图URI API实时公交规划,武汉江汉路,2年,2.4万元/年,2023机构基线；报考前须核最新,中,2026-08-14,A,35
国防科技大学,1,1,待核实,原表五大门派名单未覆盖,理学院,全日制,101思想政治理论,英语二,数学三,432统计学,432统计学；目录未列指定书目,2026研招目录未列指定教材,官方目录未指定；不以机构书单冒充官方,专业课笔试：概率论（F0103）; 面试：政治思想考查+综合素质能力+外语听说能力；1.《概率论》杨振明等，科学出版社2018第二版;2.《概率论基础》李贤平，高等教育出版社，2010，第三版（小程序院校模块；待官网复核）,就现在考研小程序院校模块，2026-08-14读取；待官网复核,湖南长沙开福区三号院,28.25968,113.0425,国防科技大学三号院，湖南省长沙市开福区福元路1号,campus,OpenStreetMap campus,https://www.openstreetmap.org/way/1301509862,机器匹配待人工复核,长沙滨江金融中心,28.231,112.956,代表性公司办公集聚节点；不等同于就业机会排名,研究用节点，待人工复核,地铁为主,地铁5号线→4号线,三号院至滨江金融中心的候选换乘,候选线路，待按报名年份逐段复核,https://uri.amap.com/navigation?from=113.0425%2C28.25968%2C%E5%9B%BD%E9%98%B2%E7%A7%91%E6%8A%80%E5%A4%A7%E5%AD%A6&to=112.956%2C28.231%2C%E9%95%BF%E6%B2%99%E6%BB%A8%E6%B1%9F%E9%87%91%E8%9E%8D%E4%B8%AD%E5%BF%83&mode=bus&policy=0&src=applied-stat-risk-lab&callnative=0,高德地图URI API实时公交规划,长沙五一广场,未在2023基线表检出,未在2023基线表检出,缺失/待官网,低,2026-08-14,A,36
西安电子科技大学,0,1,贾茆,院校总表课程结构标签,数学与统计学院,全日制,101思想政治理论,英语一,数学三,432统计学,432统计学；目录未列指定书目,2026研招目录未列指定教材,官方目录未指定；不以机构书单冒充官方,1.专业知识考核：9072 数值分析、随机过程-计算与应用; 2.综合能力考核（外语听说能力，创新能力和专业素养）; 3.思想政治素质和品德考核；冯象初《数值分析》;冯海林《随机过程—计算与应用》（小程序院校模块；待官网复核）,就现在考研小程序院校模块，2026-08-14读取；待官网复核,陕西西安长安区南校区,34.1251589,108.8289653,"西安电子科技大学南校区, 266号, 梧桐大道, 家属区, 兴隆街道, 长安区, 西安市, 陕西省, 710126, 中国",campus,OpenStreetMap Nominatim,https://www.openstreetmap.org/way/287806713,机器匹配待人工复核,西安高新区科技路商务区,34.2308,108.893,代表性公司办公集聚节点；不等同于就业机会排名,研究用节点，待人工复核,地铁为主,地铁6号线,南校区至高新区方向,候选线路，待按报名年份逐段复核,https://uri.amap.com/navigation?from=108.8289653%2C34.1251589%2C%E8%A5%BF%E5%AE%89%E7%94%B5%E5%AD%90%E7%A7%91%E6%8A%80%E5%A4%A7%E5%AD%A6&to=108.893%2C34.2308%2C%E8%A5%BF%E5%AE%89%E9%AB%98%E6%96%B0%E5%8C%BA%E7%A7%91%E6%8A%80%E8%B7%AF%E5%95%86%E5%8A%A1%E5%8C%BA&mode=bus&policy=0&src=applied-stat-risk-lab&callnative=0,高德地图URI API实时公交规划,西安钟楼,3年,0.8万元/年,2023机构基线；报考前须核最新,低,2026-08-14,A,37
南京航空航天大学,0,1,纯茆,院校总表课程结构标签,数学学院,全日制,101思想政治理论,英语二,数学三,432统计学,432统计学；目录未列指定书目,2026研招目录未列指定教材,官方目录未指定；不以机构书单冒充官方,统计学综合；[1]《概率论与数理统计教程》(第3版)，茆诗松，程依明，濮晓龙，高等教育出版社，2019年; [2]《概率论与数理统计》（第5版），盛骤，谢式千，潘承毅编著，高等教育出版社，2019年。（小程序院校模块；待官网复核）,就现在考研小程序院校模块，2026-08-14读取；待官网复核,江苏南京江宁区将军路校区,31.9402131,118.787381,"南京航空航天大学(将军路校区), 南京机场高速, 秣陵街道, 江宁区, 南京市, 江苏省, 211102, 中国",campus,OpenStreetMap Nominatim,https://www.openstreetmap.org/way/92364704,机器匹配待人工复核,南京新街口商务区,32.0415,118.7789,代表性公司办公集聚节点；不等同于就业机会排名,研究用节点，待人工复核,地铁为主,地铁S1号线→1号线,将军路校区至新街口的候选换乘,候选线路，待按报名年份逐段复核,https://uri.amap.com/navigation?from=118.787381%2C31.9402131%2C%E5%8D%97%E4%BA%AC%E8%88%AA%E7%A9%BA%E8%88%AA%E5%A4%A9%E5%A4%A7%E5%AD%A6&to=118.7789%2C32.0415%2C%E5%8D%97%E4%BA%AC%E6%96%B0%E8%A1%97%E5%8F%A3%E5%95%86%E5%8A%A1%E5%8C%BA&mode=bus&policy=0&src=applied-stat-risk-lab&callnative=0,高德地图URI API实时公交规划,南京新街口,未在2023基线表检出,未在2023基线表检出,缺失/待官网,低,2026-08-14,A,38
南京理工大学,0,1,茆Pro,院校总表课程结构标签,数学与统计学院,全日制,101思想政治理论,英语二,数学三,432统计学,432统计学；目录未列指定书目,2026研招目录未列指定教材,官方目录未指定；不以机构书单冒充官方,①概率统计（50%）; ②多元统计分析（50%）；官方未指定（小程序院校模块；待官网复核）,就现在考研小程序院校模块，2026-08-14读取；待官网复核,江苏南京玄武区孝陵卫校区,32.031826,118.8521427,"南京理工大学, 东胜巷, 孝陵卫街道, 玄武区, 南京市, 江苏省, 210095, 中国",campus,OpenStreetMap Nominatim,https://www.openstreetmap.org/relation/2196059,机器匹配待人工复核,南京新街口商务区,32.0415,118.7789,代表性公司办公集聚节点；不等同于就业机会排名,研究用节点，待人工复核,地铁为主,地铁2号线,孝陵卫校区至新街口方向,候选线路，待按报名年份逐段复核,https://uri.amap.com/navigation?from=118.8521427%2C32.031826%2C%E5%8D%97%E4%BA%AC%E7%90%86%E5%B7%A5%E5%A4%A7%E5%AD%A6&to=118.7789%2C32.0415%2C%E5%8D%97%E4%BA%AC%E6%96%B0%E8%A1%97%E5%8F%A3%E5%95%86%E5%8A%A1%E5%8C%BA&mode=bus&policy=0&src=applied-stat-risk-lab&callnative=0,高德地图URI API实时公交规划,南京新街口,未在2023基线表检出,未在2023基线表检出,缺失/待官网,低,2026-08-14,A,39
中国海洋大学,1,1,纯贾,院校总表课程结构标签,数学科学学院,全日制,101思想政治理论,英语二,数学三,432统计学,432统计学；目录未列指定书目,2026研招目录未列指定教材,官方目录未指定；不以机构书单冒充官方,笔试科目《应用统计综合》，主要内容为“概率论与数理统计”；官方未指定（小程序院校模块；待官网复核）,就现在考研小程序院校模块，2026-08-14读取；待官网复核,山东青岛崂山区鱼山/崂山校区,36.1614396,120.4935835,"中国海洋大学(崂山校区), 238, 松岭路, 沙子口街道, 崂山区, 青岛市, 山东省, 266100, 中国",campus,OpenStreetMap Nominatim,https://www.openstreetmap.org/relation/8632624,机器匹配待人工复核,青岛金家岭金融聚集区,36.108,120.468,代表性公司办公集聚节点；不等同于就业机会排名,研究用节点，待人工复核,地铁为主,地铁11号线→2号线,崂山校区至金家岭方向,候选线路，待按报名年份逐段复核,https://uri.amap.com/navigation?from=120.4935835%2C36.1614396%2C%E4%B8%AD%E5%9B%BD%E6%B5%B7%E6%B4%8B%E5%A4%A7%E5%AD%A6&to=120.468%2C36.108%2C%E9%9D%92%E5%B2%9B%E9%87%91%E5%AE%B6%E5%B2%AD%E9%87%91%E8%9E%8D%E8%81%9A%E9%9B%86%E5%8C%BA&mode=bus&policy=0&src=applied-stat-risk-lab&callnative=0,高德地图URI API实时公交规划,青岛五四广场,3年,1万元/年,2023机构基线；报考前须核最新,低,2026-08-14,A,40
暨南大学,0,1,贾茆,院校总表课程结构标签,经济学院；信息科学技术学院,全日制,101思想政治理论,英语二,数学三,432统计学,2026官方432大纲：统计学原理75分；概率论与数理统计75分；闭卷；简答60分、计算90分,韩兆洲《统计学原理》第7版（暨南大学出版社，2010）；韩兆洲、王斌会《统计学原理学习指导及Excel数据统计分析》第2版（2011）；《概率论与数理统计教程》第2版（高教，2011）；周纪芗、茆诗松《概率论与数理统计》（中国统计出版社，2007）,2026官方考试大纲列示,经济学院：面试：面试包括外语能力，专业素质与创新能力，综合素质与科研潜质; 笔试：经济计量学、国民经济统计学；赵国庆《计量经济学》；信息科学技术学院：面试：面试包括外语能力20分，专业素质与创新能力60分，综合素质与科研潜质20分; 笔试：概率论与数理统计；盛骤《概率论与数理统计》;周纪芗《概率论与数理统计》（小程序院校模块；待官网复核）,就现在考研小程序院校模块，2026-08-14读取；待官网复核,广东广州天河区石牌校区,23.1334847,113.3428181,"暨南大学(石牌校区), 601, 黄埔大道西, 石牌街道, 天河区, 广州市, 广东省, 510620, 中国",campus,OpenStreetMap Nominatim,https://www.openstreetmap.org/way/360056995,机器匹配待人工复核,广州珠江新城,23.1196,113.322,代表性公司办公集聚节点；不等同于就业机会排名,研究用节点，待人工复核,地铁为主,地铁3号线/APM线,石牌校区至珠江新城方向,候选线路，待按报名年份逐段复核,https://uri.amap.com/navigation?from=113.3428181%2C23.1334847%2C%E6%9A%A8%E5%8D%97%E5%A4%A7%E5%AD%A6&to=113.322%2C23.1196%2C%E5%B9%BF%E5%B7%9E%E7%8F%A0%E6%B1%9F%E6%96%B0%E5%9F%8E&mode=bus&policy=0&src=applied-stat-risk-lab&callnative=0,高德地图URI API实时公交规划,广州珠江新城,2年,非定向：2.2 定向：2.8万元/年,2023机构基线；报考前须核最新,低,2026-08-14,A,41
北京交通大学,0,1,纯贾,院校总表课程结构标签,经济管理学院；数学与统计学院；在职专业学位中心,全日制；非全日制,101思想政治理论,英语二,数学三,432统计学,432统计学；目录未列指定书目,2026研招目录未列指定教材,官方目录未指定；不以机构书单冒充官方,经济管理学院：专业课笔试：03117经济统计分析; 综合面试：外语听力口语测试和综合能力面试以及PPT自我介绍；《商务与经济统计》（第13版），机械工业出版社，2017，戴维·安德森等，张建华等译。（小程序院校模块；待官网复核）,就现在考研小程序院校模块，2026-08-14读取；待官网复核,北京海淀区上园村校区,39.9501,116.3371,北京交通大学校本部，北京市海淀区上园村3号,campus_area,OpenStreetMap campus-area match,https://www.openstreetmap.org/node/2108372992,机器匹配待人工复核,北京中关村科技商务区,39.983,116.316,代表性公司办公集聚节点；不等同于就业机会排名,研究用节点，待人工复核,地铁为主,地铁4号线,上园村校区至中关村方向,候选线路，待按报名年份逐段复核,https://uri.amap.com/navigation?from=116.3371%2C39.9501%2C%E5%8C%97%E4%BA%AC%E4%BA%A4%E9%80%9A%E5%A4%A7%E5%AD%A6&to=116.316%2C39.983%2C%E5%8C%97%E4%BA%AC%E4%B8%AD%E5%85%B3%E6%9D%91%E7%A7%91%E6%8A%80%E5%95%86%E5%8A%A1%E5%8C%BA&mode=bus&policy=0&src=applied-stat-risk-lab&callnative=0,高德地图URI API实时公交规划,北京天安门,2年,0.8万元/年,2023机构基线；报考前须核最新,中,2026-08-14,A,42
华东理工大学,0,1,纯茆,院校总表课程结构标签,数学学院,全日制,101思想政治理论,英语二,数学三,432统计学,432统计学；目录未列指定书目,2026研招目录未列指定教材,官方目录未指定；不以机构书单冒充官方,官方暂未公布；官方暂未公布（小程序院校模块；待官网复核）,就现在考研小程序院校模块，2026-08-14读取；待官网复核,上海徐汇区梅陇校区；奉贤区海湾校区,31.1450814,121.4195085,"华东理工大学, 老沪闵路, 凌云路街道, 徐汇区, 上海市, 200237, 中国",campus,OpenStreetMap Nominatim,https://www.openstreetmap.org/way/70990157,机器匹配待人工复核,上海陆家嘴金融城,31.2354,121.5055,代表性公司办公集聚节点；不等同于就业机会排名,研究用节点，待人工复核,地铁为主,地铁1号线→2号线,徐汇校区至陆家嘴的候选换乘,候选线路，待按报名年份逐段复核,https://uri.amap.com/navigation?from=121.4195085%2C31.1450814%2C%E5%8D%8E%E4%B8%9C%E7%90%86%E5%B7%A5%E5%A4%A7%E5%AD%A6&to=121.5055%2C31.2354%2C%E4%B8%8A%E6%B5%B7%E9%99%86%E5%AE%B6%E5%98%B4%E9%87%91%E8%9E%8D%E5%9F%8E&mode=bus&policy=0&src=applied-stat-risk-lab&callnative=0,高德地图URI API实时公交规划,上海人民广场,未在2023基线表检出,未在2023基线表检出,缺失/待官网,低,2026-08-14,A,43
上海大学,0,1,贾茆,院校总表课程结构标签,经济学院；理学院,全日制,101思想政治理论,英语二,数学三,432统计学,432统计学；目录未列指定书目,2026研招目录未列指定教材,官方目录未指定；不以机构书单冒充官方,经济学院：笔试：统计学综合; 面试：专业知识水平和能力考核、综合素质和能力考核、外语水平测试；官方未指定；理学院：笔试：统计学综合（内容包括：概率论与数理统计等）; 面试：专业知识水平和能力考核、综合素质和能力考核、外语水平测试；官方未指定（小程序院校模块；待官网复核）,就现在考研小程序院校模块，2026-08-14读取；待官网复核,上海宝山区宝山校区,31.3159206,121.3880243,"上海大学（宝山校区）, 南外环路, 祁连, 大场镇, 宝山区, 上海市, 200444, 中国",campus,OpenStreetMap Nominatim,https://www.openstreetmap.org/relation/13058054,机器匹配待人工复核,上海陆家嘴金融城,31.2354,121.5055,代表性公司办公集聚节点；不等同于就业机会排名,研究用节点，待人工复核,地铁为主,地铁7号线→2号线,宝山校区至陆家嘴的候选换乘,候选线路，待按报名年份逐段复核,https://uri.amap.com/navigation?from=121.3880243%2C31.3159206%2C%E4%B8%8A%E6%B5%B7%E5%A4%A7%E5%AD%A6&to=121.5055%2C31.2354%2C%E4%B8%8A%E6%B5%B7%E9%99%86%E5%AE%B6%E5%98%B4%E9%87%91%E8%9E%8D%E5%9F%8E&mode=bus&policy=0&src=applied-stat-risk-lab&callnative=0,高德地图URI API实时公交规划,上海人民广场,2年,6万元/年,2023机构基线；报考前须核最新,低,2026-08-14,A,44
苏州大学,0,1,贾茆Pro,院校总表课程结构标签,数学科学学院,全日制,101思想政治理论,英语二,数学三,432统计学,432统计学；目录未列指定书目,2026研招目录未列指定教材,官方目录未指定；不以机构书单冒充官方,笔试和综合面试; 笔试时长3小时，应用统计综合（笔试）; 综合面试由外语听说能力测试、综合素质考核、思想政治素质和品德考核等部分组成；[1]《统计学》，贾俊平，何晓群，金勇进编，中国人民大学出版社; [2]《概率论与数理统计》，魏宗舒编，高等教育出版社; [3]《应用回归分析》（第2版，R语言版），何晓群，刘赛可编，电子工业出版社; [4]《应用时间序列分析》，王燕编，中国人民大学出版社; [5]《应用多元统计分析》，王学民编，上海财经大学出版社。（小程序院校模块；待官网复核）,就现在考研小程序院校模块，2026-08-14读取；待官网复核,江苏苏州姑苏区天赐庄校区,31.3047627,120.6463631,"苏州大学（天赐庄校区东区）, 50, 东环路, 团结社区, 娄葑街道, 苏州工业园区, 苏州市, 江苏省, 215006, 中国",campus,OpenStreetMap Nominatim,https://www.openstreetmap.org/way/513301275,机器匹配待人工复核,苏州工业园区湖西CBD,31.318,120.682,代表性公司办公集聚节点；不等同于就业机会排名,研究用节点，待人工复核,地铁为主,轨道交通1号线,天赐庄校区至园区湖西CBD方向,候选线路，待按报名年份逐段复核,https://uri.amap.com/navigation?from=120.6463631%2C31.3047627%2C%E8%8B%8F%E5%B7%9E%E5%A4%A7%E5%AD%A6&to=120.682%2C31.318%2C%E8%8B%8F%E5%B7%9E%E5%B7%A5%E4%B8%9A%E5%9B%AD%E5%8C%BA%E6%B9%96%E8%A5%BFCBD&mode=bus&policy=0&src=applied-stat-risk-lab&callnative=0,高德地图URI API实时公交规划,苏州观前街,2年,1万元/年,2023机构基线；报考前须核最新,低,2026-08-14,A,45
河海大学,0,1,纯贾,院校总表课程结构标签,数学学院；前沿交叉科学研究院,全日制,101思想政治理论,英语一,数学三,432统计学,432统计学；目录未列指定书目,2026研招目录未列指定教材,官方目录未指定；不以机构书单冒充官方,前沿交叉科学研究院：专业课笔试：010004大学数学、概率论与数理统计（各占1/2）; 外国语听力及口语测试、综合面试（个人陈述、抽题作答、提问作答）；《微积分》（上册），朱永忠主编，河海大学出版社，2009 年; 《概率论与数理统计》（第四版），盛骤、谢式千、潘承毅主编，高等教育出版社，2010 年；数学学院：专业课笔试：010004大学数学、概率论与数理统计（各占1/2）; 外国语听力及口语测试、综合面试（个人陈述、抽题作答、提问作答）；《微积分》（上册），朱永忠主编，河海大学出版社，2009 年; 《概率论与数理统计》（第四版），盛骤、谢式千、潘承毅主编，高等教育出版社，2010 年（小程序院校模块；待官网复核）,就现在考研小程序院校模块，2026-08-14读取；待官网复核,江苏南京江宁区江宁校区,31.9164367,118.7810077,"河海大学(江宁校区), 8, 佛城西路, 秣陵街道, 江宁区, 南京市, 江苏省, 211100, 中国",campus,OpenStreetMap Nominatim,https://www.openstreetmap.org/way/92364518,机器匹配待人工复核,南京新街口商务区,32.0415,118.7789,代表性公司办公集聚节点；不等同于就业机会排名,研究用节点，待人工复核,地铁为主,地铁S1号线→1号线,江宁校区至新街口的候选换乘,候选线路，待按报名年份逐段复核,https://uri.amap.com/navigation?from=118.7810077%2C31.9164367%2C%E6%B2%B3%E6%B5%B7%E5%A4%A7%E5%AD%A6&to=118.7789%2C32.0415%2C%E5%8D%97%E4%BA%AC%E6%96%B0%E8%A1%97%E5%8F%A3%E5%95%86%E5%8A%A1%E5%8C%BA&mode=bus&policy=0&src=applied-stat-risk-lab&callnative=0,高德地图URI API实时公交规划,南京新街口,3年,1万元/年,2023机构基线；报考前须核最新,低,2026-08-14,A,46
武汉理工大学,0,1,纯贾,院校总表课程结构标签,数学与统计学院,全日制,101思想政治理论,英语二,数学三,432统计学,432统计学；目录未列指定书目,2026研招目录未列指定教材,官方目录未指定；不以机构书单冒充官方,数学与统计学院：专业课笔试：应用时间序列分析、应用随机过程; 面试：考生自述、抽题作答、专家提问；《应用时间序列分析》，何书元编著，北京大学出版社; 《应用随机过程》（第 2 版），张波等编著，清华大学出版社；数学与统计学院（襄阳示范区）：专业课笔试：应用时间序列分析、应用随机过程; 面试：考生自述、抽题作答、专家提问；《应用时间序列分析》，何书元编著，北京大学出版社; 《应用随机过程》（第 2 版），张波等编著，清华大学出版社（小程序院校模块；待官网复核）,就现在考研小程序院校模块，2026-08-14读取；待官网复核,湖北武汉洪山区马房山校区；襄阳专项,30.521734,114.350696,武汉理工大学马房山校区西院，湖北省武汉市洪山区珞狮路122号,campus_entrance,高德地图公开地点页,https://ditu.amap.com/place/B001B0IYJV,机器匹配待人工复核,武汉光谷中心城,30.506,114.414,代表性公司办公集聚节点；不等同于就业机会排名,研究用节点，待人工复核,地铁为主,地铁8号线→2号线,马房山校区至光谷中心城的候选换乘,候选线路，待按报名年份逐段复核,https://uri.amap.com/navigation?from=114.350696%2C30.521734%2C%E6%AD%A6%E6%B1%89%E7%90%86%E5%B7%A5%E5%A4%A7%E5%AD%A6&to=114.414%2C30.506%2C%E6%AD%A6%E6%B1%89%E5%85%89%E8%B0%B7%E4%B8%AD%E5%BF%83%E5%9F%8E&mode=bus&policy=0&src=applied-stat-risk-lab&callnative=0,高德地图URI API实时公交规划,武汉江汉路,3年,0.8万元/年,2023机构基线；报考前须核最新,低,2026-08-14,A,47
东北师范大学,0,1,纯茆,院校总表课程结构标签,数学与统计学院,全日制,101思想政治理论,英语二（可俄/日）,数学三,432统计学,432统计学；复试统计建模,2026研招目录未列指定教材,官方目录未指定；不以机构书单冒充官方,统计建模,2026目录线索,吉林长春南关区净月校区,43.8245708,125.4207774,"东北师范大学（净月大街校区）, 2555, 净月大街, 净月街道, 长春净月高新技术产业开发区, 南关区, 长春市, 南关区, 吉林省, 130117, 中国",campus,OpenStreetMap Nominatim,https://www.openstreetmap.org/way/299869812,机器匹配待人工复核,长春人民广场商务区,43.8874,125.3235,代表性公司办公集聚节点；不等同于就业机会排名,研究用节点，待人工复核,轨道交通为主,轨道交通3号线→1号线,净月校区至人民广场的候选换乘,候选线路，待按报名年份逐段复核,https://uri.amap.com/navigation?from=125.4207774%2C43.8245708%2C%E4%B8%9C%E5%8C%97%E5%B8%88%E8%8C%83%E5%A4%A7%E5%AD%A6&to=125.3235%2C43.8874%2C%E9%95%BF%E6%98%A5%E4%BA%BA%E6%B0%91%E5%B9%BF%E5%9C%BA%E5%95%86%E5%8A%A1%E5%8C%BA&mode=bus&policy=0&src=applied-stat-risk-lab&callnative=0,高德地图URI API实时公交规划,长春人民广场,2年,1万元/年,2023机构基线；报考前须核最新,低,2026-08-14,A,48
东华大学,0,1,贾茆,院校总表课程结构标签,数学与统计学院；应用统计专业学位教育中心,全日制；非全日制,101思想政治理论,英语二,数学三,432统计学,432统计学；目录未列指定书目,2026研招目录未列指定教材,官方目录未指定；不以机构书单冒充官方,专业素质和潜力（基础理论和专业知识）、专业应用能力（本科毕业论文、综合素质）、综合素质和能力、英语能力；官方未指定（小程序院校模块；待官网复核）,就现在考研小程序院校模块，2026-08-14读取；待官网复核,上海松江区松江校区,31.0572856,121.2111004,"东华大学（松江校区）, 2999, 人民北路, 广富林街道, 松江区, 上海市, 201620, 中国",campus,OpenStreetMap Nominatim,https://www.openstreetmap.org/way/257578765,机器匹配待人工复核,上海陆家嘴金融城,31.2354,121.5055,代表性公司办公集聚节点；不等同于就业机会排名,研究用节点，待人工复核,地铁为主,地铁9号线→2号线,松江校区至陆家嘴的候选换乘,候选线路，待按报名年份逐段复核,https://uri.amap.com/navigation?from=121.2111004%2C31.0572856%2C%E4%B8%9C%E5%8D%8E%E5%A4%A7%E5%AD%A6&to=121.5055%2C31.2354%2C%E4%B8%8A%E6%B5%B7%E9%99%86%E5%AE%B6%E5%98%B4%E9%87%91%E8%9E%8D%E5%9F%8E&mode=bus&policy=0&src=applied-stat-risk-lab&callnative=0,高德地图URI API实时公交规划,上海人民广场,2~4年,5万元/年,2023机构基线；报考前须核最新,低,2026-08-14,A,49
北京工业大学,0,1,贾茆,院校总表课程结构标签,数学统计学与力学学院,全日制,101思想政治理论,英语二,数学三,432统计学,432统计学；目录未列指定书目,2026研招目录未列指定教材,官方目录未指定；不以机构书单冒充官方,中英文自述、外语听说能力测试，专业能力考核，综合面试；陈家鼎、郑忠国《概率与统计》1-4章，6-9章，北京大学出版社（小程序院校模块；待官网复核）,就现在考研小程序院校模块，2026-08-14读取；待官网复核,北京朝阳区平乐园校区,39.8739144,116.4772024,"北京工业大学, 双龙路辅路, 南磨房乡, 朝阳区, 北京市, 100122, 中国",campus,OpenStreetMap Nominatim,https://www.openstreetmap.org/way/33617299,机器匹配待人工复核,北京CBD国贸片区,39.909,116.461,代表性公司办公集聚节点；不等同于就业机会排名,研究用节点，待人工复核,地铁为主,地铁14号线→10号线,平乐园校区至国贸片区的候选换乘,候选线路，待按报名年份逐段复核,https://uri.amap.com/navigation?from=116.4772024%2C39.8739144%2C%E5%8C%97%E4%BA%AC%E5%B7%A5%E4%B8%9A%E5%A4%A7%E5%AD%A6&to=116.461%2C39.909%2C%E5%8C%97%E4%BA%ACCBD%E5%9B%BD%E8%B4%B8%E7%89%87%E5%8C%BA&mode=bus&policy=0&src=applied-stat-risk-lab&callnative=0,高德地图URI API实时公交规划,北京天安门,2年,0.8万元/年,2023机构基线；报考前须核最新,中,2026-08-14,A,50
郑州大学,0,1,贾茆,院校总表课程结构标签,数学与统计学院,全日制,101思想政治理论,英语二,数学三,432统计学,432统计学；目录未列指定书目,2026研招目录未列指定教材,官方目录未指定；不以机构书单冒充官方,笔试：概率论与数理统计; 面试：外语口语听力和专业能力考核等；官方未指定（小程序院校模块；待官网复核）,就现在考研小程序院校模块，2026-08-14读取；待官网复核,河南郑州中原区主校区,34.8088168,113.5352664,郑州大学主校区，河南省郑州市科学大道100号,campus_entrance,OpenStreetMap campus entrance,https://www.openstreetmap.org/node/4608190663,机器匹配待人工复核,郑东新区CBD,34.774,113.72,代表性公司办公集聚节点；不等同于就业机会排名,研究用节点，待人工复核,地铁为主,地铁1号线,主校区至郑东新区CBD方向,候选线路，待按报名年份逐段复核,https://uri.amap.com/navigation?from=113.5352664%2C34.8088168%2C%E9%83%91%E5%B7%9E%E5%A4%A7%E5%AD%A6&to=113.72%2C34.774%2C%E9%83%91%E4%B8%9C%E6%96%B0%E5%8C%BACBD&mode=bus&policy=0&src=applied-stat-risk-lab&callnative=0,高德地图URI API实时公交规划,郑州二七广场,2年,0.8万元/年,2023机构基线；报考前须核最新,低,2026-08-14,A,51
华南师范大学,0,1,贾茆,院校总表课程结构标签,数学科学学院；心理学院,全日制,101思想政治理论,英语二,数学三,432统计学,432统计学；目录未列指定书目,2026研招目录未列指定教材,官方目录未指定；不以机构书单冒充官方,数学科学学院：专业课笔试：线性回归; 专业英语复试（笔试）; 综合素质及能力面试；官方未指定；心理学院：复试科目考核：抽题作答①02401|心理学原理与研究方法 或02404|心理统计与数据分析; 综合素质考核；官方未指定（小程序院校模块；待官网复核）,就现在考研小程序院校模块，2026-08-14读取；待官网复核,广东广州天河区石牌校区,23.1414397,113.3467405,"华南师范大学(广州校区石牌校园), 中山大道西, 石牌街道, 天河区, 广州市, 广东省, 510635, 中国",campus,OpenStreetMap Nominatim,https://www.openstreetmap.org/way/370947228,机器匹配待人工复核,广州珠江新城,23.1196,113.322,代表性公司办公集聚节点；不等同于就业机会排名,研究用节点，待人工复核,地铁为主,地铁3号线/APM线,石牌校区至珠江新城方向,候选线路，待按报名年份逐段复核,https://uri.amap.com/navigation?from=113.3467405%2C23.1414397%2C%E5%8D%8E%E5%8D%97%E5%B8%88%E8%8C%83%E5%A4%A7%E5%AD%A6&to=113.322%2C23.1196%2C%E5%B9%BF%E5%B7%9E%E7%8F%A0%E6%B1%9F%E6%96%B0%E5%9F%8E&mode=bus&policy=0&src=applied-stat-risk-lab&callnative=0,高德地图URI API实时公交规划,广州珠江新城,2年,2.25万元/年,2023机构基线；报考前须核最新,低,2026-08-14,A,52
华中师范大学,0,1,茆Pro,院校总表课程结构标签,数学与统计学学院,全日制,101思想政治理论,英语二,数学三,432统计学,432统计学；目录未列指定书目,2026研招目录未列指定教材,官方目录未指定；不以机构书单冒充官方,笔试：计量经济学; 面试：专业综合面试、外语听说能力测试；《计量经济学》（第五版），赵国庆，中国人民大学出版社，2016-6-1;《机器学习方法》（第2版），李航，清华大学出版社，2025-7（小程序院校模块；待官网复核）,就现在考研小程序院校模块，2026-08-14读取；待官网复核,湖北武汉洪山区桂子山校区,30.5204338,114.3563008,"华中师范大学, 152, 珞喻路, 珞南街道, 洪山区, 武汉市, 湖北省, 430079, 中国",campus,OpenStreetMap Nominatim,https://www.openstreetmap.org/relation/20383289,机器匹配待人工复核,武汉光谷中心城,30.506,114.414,代表性公司办公集聚节点；不等同于就业机会排名,研究用节点，待人工复核,地铁为主,地铁2号线,桂子山校区至光谷方向,候选线路，待按报名年份逐段复核,https://uri.amap.com/navigation?from=114.3563008%2C30.5204338%2C%E5%8D%8E%E4%B8%AD%E5%B8%88%E8%8C%83%E5%A4%A7%E5%AD%A6&to=114.414%2C30.506%2C%E6%AD%A6%E6%B1%89%E5%85%89%E8%B0%B7%E4%B8%AD%E5%BF%83%E5%9F%8E&mode=bus&policy=0&src=applied-stat-risk-lab&callnative=0,高德地图URI API实时公交规划,武汉江汉路,2年,1.5万元/年,2023机构基线；报考前须核最新,低,2026-08-14,A,53
西南交通大学,0,1,茆Pro,院校总表课程结构标签,数学学院,全日制,101思想政治理论,英语二,数学三,432统计学,432统计学；目录未列指定书目,2026研招目录未列指定教材,官方目录未指定；不以机构书单冒充官方,官方暂未公布；官方暂未公布（小程序院校模块；待官网复核）,就现在考研小程序院校模块，2026-08-14读取；待官网复核,四川成都郫都区犀浦校区,30.7660599,103.9844831,"西南交通大学（犀浦校区）, 锦宁巷, 犀浦街道, 郫都区, 成都市, 四川省, 610010, 中国",campus,OpenStreetMap Nominatim,https://www.openstreetmap.org/way/207566638,机器匹配待人工复核,成都天府金融城,30.5743,104.0668,代表性公司办公集聚节点；不等同于就业机会排名,研究用节点，待人工复核,地铁为主,地铁6号线→1号线,犀浦校区至天府金融城的候选换乘,候选线路，待按报名年份逐段复核,https://uri.amap.com/navigation?from=103.9844831%2C30.7660599%2C%E8%A5%BF%E5%8D%97%E4%BA%A4%E9%80%9A%E5%A4%A7%E5%AD%A6&to=104.0668%2C30.5743%2C%E6%88%90%E9%83%BD%E5%A4%A9%E5%BA%9C%E9%87%91%E8%9E%8D%E5%9F%8E&mode=bus&policy=0&src=applied-stat-risk-lab&callnative=0,高德地图URI API实时公交规划,成都天府广场,未在2023基线表检出,未在2023基线表检出,缺失/待官网,低,2026-08-14,A,54
西北大学,0,1,纯茆,院校总表课程结构标签,数学学院,全日制,101思想政治理论,英语一,数学三,432统计学,432统计学；目录未列指定书目,2026研招目录未列指定教材,官方目录未指定；不以机构书单冒充官方,机器学习综合，最优化方法; 备注：“机器学习综合”科目含理论知识和程序设计实现；[1]《统计学习方法》，李航著，清华大学出版社; [2]《最优化方法》（第2版），孙文瑜，徐成贤，朱德通编著，高等教育出版社（小程序院校模块；待官网复核）,就现在考研小程序院校模块，2026-08-14读取；待官网复核,陕西西安长安区长安校区,34.14545,108.8699205,"西北大学长安校区, 1, 北门路, 郭杜街道, 长安区, 西安市, 陕西省, 710127, 中国",campus,OpenStreetMap Nominatim,https://www.openstreetmap.org/way/275396172,机器匹配待人工复核,西安高新区科技路商务区,34.2308,108.893,代表性公司办公集聚节点；不等同于就业机会排名,研究用节点，待人工复核,地铁为主,地铁6号线,长安校区至高新区方向,候选线路，待按报名年份逐段复核,https://uri.amap.com/navigation?from=108.8699205%2C34.14545%2C%E8%A5%BF%E5%8C%97%E5%A4%A7%E5%AD%A6&to=108.893%2C34.2308%2C%E8%A5%BF%E5%AE%89%E9%AB%98%E6%96%B0%E5%8C%BA%E7%A7%91%E6%8A%80%E8%B7%AF%E5%95%86%E5%8A%A1%E5%8C%BA&mode=bus&policy=0&src=applied-stat-risk-lab&callnative=0,高德地图URI API实时公交规划,西安钟楼,3年,1.2万元/年,2023机构基线；报考前须核最新,低,2026-08-14,A,55
中国石油大学（北京）,0,1,贾茆,院校总表课程结构标签,理学院；克拉玛依校区,全日制,101思想政治理论,英语二,数学三,432统计学,432统计学；目录未列指定书目,2026研招目录未列指定教材,官方目录未指定；不以机构书单冒充官方,理学院：1、专业知识考核：高等数学、线性代数、概率论与数理统计; 2、专业能力考核; 3、外语听力、口语水平考核; 4、综合素质考核；官方未指定；克拉玛依校区：1、专业知识考核和专业能力考核; 2、外语听力、口语水平考核; 3、思想政治素质和道德品质考核；官方未指定（小程序院校模块；待官网复核）,就现在考研小程序院校模块，2026-08-14读取；待官网复核,北京昌平区；新疆克拉玛依市克拉玛依区,40.2182737,116.2413961,"中国石油大学（北京）, 18, 府学路, 燕平路社区, 城北街道, 昌平区, 北京市, 102249, 中国",campus,OpenStreetMap Nominatim,https://www.openstreetmap.org/relation/13644491,机器匹配待人工复核,北京中关村科技商务区,39.983,116.316,代表性公司办公集聚节点；不等同于就业机会排名,研究用节点，待人工复核,地铁为主,地铁昌平线→13号线→10号线/4号线,昌平校区至中关村的候选换乘,候选线路，待按报名年份逐段复核,https://uri.amap.com/navigation?from=116.2413961%2C40.2182737%2C%E4%B8%AD%E5%9B%BD%E7%9F%B3%E6%B2%B9%E5%A4%A7%E5%AD%A6%EF%BC%88%E5%8C%97%E4%BA%AC%EF%BC%89&to=116.316%2C39.983%2C%E5%8C%97%E4%BA%AC%E4%B8%AD%E5%85%B3%E6%9D%91%E7%A7%91%E6%8A%80%E5%95%86%E5%8A%A1%E5%8C%BA&mode=bus&policy=0&src=applied-stat-risk-lab&callnative=0,高德地图URI API实时公交规划,北京天安门；克拉玛依人民广场,3年,1万元/年,2023机构基线；报考前须核最新,低,2026-08-14,B,56
华北电力大学,0,1,贾茆Pro,原表合并校区规则（北京/保定取较高阶）,北京数理学院；保定数理系,全日制；非全日制,101思想政治理论,英语二,数学三,432统计学,432统计学；保定复试科目为概率论与数理统计,2026研招目录未列指定教材,官方目录未指定；不以机构书单冒充官方,数理学院：复试科目：概率论与数理统计; 面试：综合面试、外语听力及口语测试；官方未指定；数理系：（1）专业课笔试，满分120分：概率论与数理统计; （2）综合面试，满分100分; （3）外语听力及口语测试，满分30分；官方未指定（小程序院校模块；待官网复核）,就现在考研小程序院校模块，2026-08-14读取；待官网复核,北京昌平区回龙观；河北保定莲池区,40.0881244,116.3035388,华北电力大学北京校部，北京市昌平区北农路2号,campus,OpenStreetMap Nominatim,https://www.openstreetmap.org/way/48049618,机器匹配待人工复核,北京中关村科技商务区,39.983,116.316,代表性公司办公集聚节点；不等同于就业机会排名,研究用节点，待人工复核,地铁为主,地铁昌平线→13号线→10号线/4号线,北京校部至中关村的候选换乘,候选线路，待按报名年份逐段复核,https://uri.amap.com/navigation?from=116.3035388%2C40.0881244%2C%E5%8D%8E%E5%8C%97%E7%94%B5%E5%8A%9B%E5%A4%A7%E5%AD%A6&to=116.316%2C39.983%2C%E5%8C%97%E4%BA%AC%E4%B8%AD%E5%85%B3%E6%9D%91%E7%A7%91%E6%8A%80%E5%95%86%E5%8A%A1%E5%8C%BA&mode=bus&policy=0&src=applied-stat-risk-lab&callnative=0,高德地图URI API实时公交规划,北京天安门；保定万博广场,3年,0.8万元/年,2023机构基线；报考前须核最新,低,2026-08-14,A,57
南京师范大学,0,1,贾茆,院校总表课程结构标签,数学科学学院,全日制,101思想政治理论,英语二,数学三,432统计学,432统计学；目录未列指定书目,2026研招目录未列指定教材,官方目录未指定；不以机构书单冒充官方,专业课笔试：F077概率论与数理统计; 面试；《概率论与数理统计》（上下册），梁之舜等编，高等教育出版社; 《概率论与数理统计》，刘国祥著，甘肃教育出版社; 《概率论》，应坚刚等，复旦大学出版社; 《数理统计讲义》，郑明等，复旦大学出版社（小程序院校模块；待官网复核）,就现在考研小程序院校模块，2026-08-14读取；待官网复核,江苏南京栖霞区仙林校区,32.1072982,118.9046537,"南京师范大学(仙林校区), 1号, 文苑路, 仙林大学城, 仙林街道, 栖霞区, 南京市, 江苏省, 210023, 中国",campus,OpenStreetMap Nominatim,https://www.openstreetmap.org/relation/9356340,机器匹配待人工复核,南京新街口商务区,32.0415,118.7789,代表性公司办公集聚节点；不等同于就业机会排名,研究用节点，待人工复核,地铁为主,地铁2号线,仙林校区至新街口方向,候选线路，待按报名年份逐段复核,https://uri.amap.com/navigation?from=118.9046537%2C32.1072982%2C%E5%8D%97%E4%BA%AC%E5%B8%88%E8%8C%83%E5%A4%A7%E5%AD%A6&to=118.7789%2C32.0415%2C%E5%8D%97%E4%BA%AC%E6%96%B0%E8%A1%97%E5%8F%A3%E5%95%86%E5%8A%A1%E5%8C%BA&mode=bus&policy=0&src=applied-stat-risk-lab&callnative=0,高德地图URI API实时公交规划,南京新街口,2年,1万元/年,2023机构基线；报考前须核最新,低,2026-08-14,A,58
中国石油大学（华东）,0,1,贾茆,院校总表课程结构标签,理学院,全日制,101思想政治理论,英语二,数学三,432统计学,432统计学；目录未列指定书目,2026研招目录未列指定教材,官方目录未指定；不以机构书单冒充官方,专业课笔试：概率论与数理统计；1.《概率论与数理统计》（第4版） 盛骤等编，高等教育出版社。（小程序院校模块；待官网复核）,就现在考研小程序院校模块，2026-08-14读取；待官网复核,山东青岛黄岛区唐岛湾校区,35.9430351,120.1698165,"中国石油大学（华东）(唐岛湾校区), 66, 长江西路, 莲花山社区, 长江路街道, 青岛西海岸新区, 黄岛区, 青岛市, 山东省, 266580, 中国",campus,OpenStreetMap Nominatim,https://www.openstreetmap.org/way/222840628,机器匹配待人工复核,青岛西海岸新区商务区,35.96,120.198,代表性公司办公集聚节点；不等同于就业机会排名,研究用节点，待人工复核,地铁为主,地铁1号线,唐岛湾校区至西海岸商务区方向,候选线路，待按报名年份逐段复核,https://uri.amap.com/navigation?from=120.1698165%2C35.9430351%2C%E4%B8%AD%E5%9B%BD%E7%9F%B3%E6%B2%B9%E5%A4%A7%E5%AD%A6%EF%BC%88%E5%8D%8E%E4%B8%9C%EF%BC%89&to=120.198%2C35.96%2C%E9%9D%92%E5%B2%9B%E8%A5%BF%E6%B5%B7%E5%B2%B8%E6%96%B0%E5%8C%BA%E5%95%86%E5%8A%A1%E5%8C%BA&mode=bus&policy=0&src=applied-stat-risk-lab&callnative=0,高德地图URI API实时公交规划,青岛五四广场,3年,1万元/年,2023机构基线；报考前须核最新,低,2026-08-14,A,59
中国地质大学（武汉）,0,1,贾茆,院校总表课程结构标签,经济管理学院；数学与物理学院,全日制,101思想政治理论,英语二,数学三,432统计学,432统计学；目录未列指定书目,2026研招目录未列指定教材,官方目录未指定；不以机构书单冒充官方,数学与物理学院：专业课笔试：概率论与数理统计; 外语听说（含英语自我介绍）、专业能力及综合素质面试；参考大纲https://slxy.cug.edu.cn/zsjy1/yjszs.htm；经济管理学院：专业课笔试：BL4|计量经济学; 外语听说、专业能力及综合素质面试；[1]《计量经济学基础》（第五版），古扎拉蒂等，中国人民大学出版社; [2]《计量经济学》（第五版），庞皓，科学出版社; [3]《基于R的计量经济学应用》，李忠武等，中国统计出版社。（小程序院校模块；待官网复核）,就现在考研小程序院校模块，2026-08-14读取；待官网复核,湖北武汉洪山区南望山校区,30.5253223,114.3938141,"中国地质大学（武汉）, 388号, 鲁磨路, 关东街道, 关山街道, 洪山区, 武汉市, 湖北省, 430074, 中国",campus,OpenStreetMap Nominatim,https://www.openstreetmap.org/relation/10790904,机器匹配待人工复核,武汉光谷中心城,30.506,114.414,代表性公司办公集聚节点；不等同于就业机会排名,研究用节点，待人工复核,地铁为主,地铁2号线,南望山校区至光谷方向,候选线路，待按报名年份逐段复核,https://uri.amap.com/navigation?from=114.3938141%2C30.5253223%2C%E4%B8%AD%E5%9B%BD%E5%9C%B0%E8%B4%A8%E5%A4%A7%E5%AD%A6%EF%BC%88%E6%AD%A6%E6%B1%89%EF%BC%89&to=114.414%2C30.506%2C%E6%AD%A6%E6%B1%89%E5%85%89%E8%B0%B7%E4%B8%AD%E5%BF%83%E5%9F%8E&mode=bus&policy=0&src=applied-stat-risk-lab&callnative=0,高德地图URI API实时公交规划,武汉江汉路,3年,1万元/年,2023机构基线；报考前须核最新,低,2026-08-14,A,60
中国地质大学（北京）,0,1,贾茆,院校总表课程结构标签,数理学院,全日制；单独考试,101思想政治理论,英语二（统考）,数学三（统考）,432统计学,432统计学；单考科目另列，不与统考混淆,2026研招目录未列指定教材,官方目录未指定；不以机构书单冒充官方,专业知识笔试：线上现场抽题，拍照留档; 外语测试; 综合素质面试；官方未指定（小程序院校模块；待官网复核）,就现在考研小程序院校模块，2026-08-14读取；待官网复核,北京海淀区学院路校区,39.9886573,116.3406423,"中国地质大学（北京）, 29, 学院路, 学院路街道, 海淀区, 北京市, 100083, 中国",campus,OpenStreetMap Nominatim,https://www.openstreetmap.org/way/245164271,机器匹配待人工复核,北京中关村科技商务区,39.983,116.316,代表性公司办公集聚节点；不等同于就业机会排名,研究用节点，待人工复核,地铁为主,地铁15号线→13号线/4号线,学院路校区至中关村的候选换乘,候选线路，待按报名年份逐段复核,https://uri.amap.com/navigation?from=116.3406423%2C39.9886573%2C%E4%B8%AD%E5%9B%BD%E5%9C%B0%E8%B4%A8%E5%A4%A7%E5%AD%A6%EF%BC%88%E5%8C%97%E4%BA%AC%EF%BC%89&to=116.316%2C39.983%2C%E5%8C%97%E4%BA%AC%E4%B8%AD%E5%85%B3%E6%9D%91%E7%A7%91%E6%8A%80%E5%95%86%E5%8A%A1%E5%8C%BA&mode=bus&policy=0&src=applied-stat-risk-lab&callnative=0,高德地图URI API实时公交规划,北京天安门,3年,0.8万元/年,2023机构基线；报考前须核最新,低,2026-08-14,A,61
福州大学,0,1,纯贾,院校总表课程结构标签,数学与统计学院,全日制,101思想政治理论,英语二,数学三,432统计学,432统计学；目录未列指定书目,2026研招目录未列指定教材,官方目录未指定；不以机构书单冒充官方,专业能力测试笔试：计量经济学; 面试：外语能力测试（含听力、口语等）、综合素质及能力测试等内容；[1]李子奈，潘文卿等.计量经济学（第5版）.高等教育出版社，2020.（小程序院校模块；待官网复核）,就现在考研小程序院校模块，2026-08-14读取；待官网复核,福建福州闽侯县旗山校区,26.0614068,119.1933416,"福州大学旗山校区, 西环路, 闽侯县, 福州市, 福建省, 350100, 中国",campus,OpenStreetMap Nominatim,https://www.openstreetmap.org/relation/12658065,机器匹配待人工复核,福州高新区科技商务区,26.006,119.205,代表性公司办公集聚节点；不等同于就业机会排名,研究用节点，待人工复核,地铁为主,地铁2号线,旗山校区至福州高新区方向,候选线路，待按报名年份逐段复核,https://uri.amap.com/navigation?from=119.1933416%2C26.0614068%2C%E7%A6%8F%E5%B7%9E%E5%A4%A7%E5%AD%A6&to=119.205%2C26.006%2C%E7%A6%8F%E5%B7%9E%E9%AB%98%E6%96%B0%E5%8C%BA%E7%A7%91%E6%8A%80%E5%95%86%E5%8A%A1%E5%8C%BA&mode=bus&policy=0&src=applied-stat-risk-lab&callnative=0,高德地图URI API实时公交规划,福州东街口,3年,0.8万元/年,2023机构基线；报考前须核最新,低,2026-08-14,A,62
西南大学,0,1,纯茆,院校总表课程结构标签,数学与统计学院,全日制,101思想政治理论,英语二,数学三,432统计学,432统计学；目录未列指定书目,2026研招目录未列指定教材,官方目录未指定；不以机构书单冒充官方,笔试：统计学及应用; 面试：专业能力和综合素质、外语听说能力；官方未指定（小程序院校模块；待官网复核）,就现在考研小程序院校模块，2026-08-14读取；待官网复核,重庆北碚区北碚校区,29.8232372,106.4195884,西南大学北碚校区，重庆市北碚区天生路2号,campus,OpenStreetMap Nominatim,https://www.openstreetmap.org/way/413071891,机器匹配待人工复核,重庆江北嘴金融城,29.5754,106.5743,代表性公司办公集聚节点；不等同于就业机会排名,研究用节点，待人工复核,地铁为主,轨道交通6号线,北碚校区至江北嘴方向,候选线路，待按报名年份逐段复核,https://uri.amap.com/navigation?from=106.4195884%2C29.8232372%2C%E8%A5%BF%E5%8D%97%E5%A4%A7%E5%AD%A6&to=106.5743%2C29.5754%2C%E9%87%8D%E5%BA%86%E6%B1%9F%E5%8C%97%E5%98%B4%E9%87%91%E8%9E%8D%E5%9F%8E&mode=bus&policy=0&src=applied-stat-risk-lab&callnative=0,高德地图URI API实时公交规划,重庆解放碑,3年,1万元/年,2026官方招生简章公开镜像,低,2026-08-14,A,63
陕西师范大学,0,1,贾茆,院校总表课程结构标签,数学与统计学院,全日制,101思想政治理论,英语二,数学三,432统计学,432统计学；目录未列指定书目,2026研招目录未列指定教材,官方目录未指定；不以机构书单冒充官方,专业课笔试：《随机过程》（75分） 《数值分析》（75分） ; 专业综合面试; 外语听力及口语测试；1. 《应用随机过程》 张波 商豪 中国人民大学出版社; 2. 《概率论与数理统计教程》 茆诗 松、程依明、濮晓龙主编 高等教育 出版社 ; 3. 《数值分析》李庆扬编著 清华大学出版社（小程序院校模块；待官网复核）,就现在考研小程序院校模块，2026-08-14读取；待官网复核,陕西西安长安区长安校区,34.1552786,108.8866313,"陕西师范大学（长安校区）, 620, 西长安街, 郭杜街道, 长安区, 西安市, 陕西省, 710119, 中国",campus,OpenStreetMap Nominatim,https://www.openstreetmap.org/way/246285589,机器匹配待人工复核,西安高新区科技路商务区,34.2308,108.893,代表性公司办公集聚节点；不等同于就业机会排名,研究用节点，待人工复核,地铁为主,地铁2号线→3号线/6号线,长安校区至高新区的候选换乘,候选线路，待按报名年份逐段复核,https://uri.amap.com/navigation?from=108.8866313%2C34.1552786%2C%E9%99%95%E8%A5%BF%E5%B8%88%E8%8C%83%E5%A4%A7%E5%AD%A6&to=108.893%2C34.2308%2C%E8%A5%BF%E5%AE%89%E9%AB%98%E6%96%B0%E5%8C%BA%E7%A7%91%E6%8A%80%E8%B7%AF%E5%95%86%E5%8A%A1%E5%8C%BA&mode=bus&policy=0&src=applied-stat-risk-lab&callnative=0,高德地图URI API实时公交规划,西安钟楼,3年,待定,2023机构基线；报考前须核最新,中,2026-08-14,A,64
中央民族大学,1,1,贾茆Pro,院校总表课程结构标签,理学院,全日制,101思想政治理论,英语二,数学三,432统计学,432统计学；目录未列指定书目,2026研招目录未列指定教材,官方目录未指定；不以机构书单冒充官方,专业笔试、综合面试（含专业实践考核、外国语听说能力测试）；官方未指定（小程序院校模块；待官网复核）,就现在考研小程序院校模块，2026-08-14读取；待官网复核,北京海淀区中关村南大街校区,39.9496858,116.3148443,"中央民族大学, 中关村南大街, 紫竹院街道, 海淀区, 北京市, 100081, 中国",campus,OpenStreetMap Nominatim,https://www.openstreetmap.org/way/365025448,机器匹配待人工复核,北京中关村科技商务区,39.983,116.316,代表性公司办公集聚节点；不等同于就业机会排名,研究用节点，待人工复核,地铁为主,地铁4号线,中关村南大街校区至中关村方向,候选线路，待按报名年份逐段复核,https://uri.amap.com/navigation?from=116.3148443%2C39.9496858%2C%E4%B8%AD%E5%A4%AE%E6%B0%91%E6%97%8F%E5%A4%A7%E5%AD%A6&to=116.316%2C39.983%2C%E5%8C%97%E4%BA%AC%E4%B8%AD%E5%85%B3%E6%9D%91%E7%A7%91%E6%8A%80%E5%95%86%E5%8A%A1%E5%8C%BA&mode=bus&policy=0&src=applied-stat-risk-lab&callnative=0,高德地图URI API实时公交规划,北京天安门,3年,1.5万元/年,2026学校研究生院,低,2026-08-14,A,65
辽宁大学,0,1,贾茆Pro,院校总表课程结构标签,经济学院；数学与统计学院,全日制,101思想政治理论,英语二,数学三,432统计学,432统计学；目录未列指定书目,2026研招目录未列指定教材,官方目录未指定；不以机构书单冒充官方,数学与统计学院：（一）外国语口语和听力测试; （二）专业课及综合素质测试; （三）思想政治素质和品德考核；官方未指定；经济学院：（一）外国语口语和听力测试; （二）专业课及综合素质测试; （三）思想政治素质和品德考核；官方未指定（小程序院校模块；待官网复核）,就现在考研小程序院校模块，2026-08-14读取；待官网复核,辽宁沈阳皇姑区崇山校区；沈北新区蒲河校区,41.8314278,123.4007626,"辽宁大学（崇山校区）, 66号, 崇山中路, 新乐街道, 皇姑区, 沈阳市, 辽宁省, 110036, 中国",campus,OpenStreetMap Nominatim,https://www.openstreetmap.org/way/368463199,机器匹配待人工复核,沈阳青年大街金廊,41.775,123.431,代表性公司办公集聚节点；不等同于就业机会排名,研究用节点，待人工复核,地铁为主,地铁10号线→2号线,崇山校区至青年大街的候选换乘,候选线路，待按报名年份逐段复核,https://uri.amap.com/navigation?from=123.4007626%2C41.8314278%2C%E8%BE%BD%E5%AE%81%E5%A4%A7%E5%AD%A6&to=123.431%2C41.775%2C%E6%B2%88%E9%98%B3%E9%9D%92%E5%B9%B4%E5%A4%A7%E8%A1%97%E9%87%91%E5%BB%8A&mode=bus&policy=0&src=applied-stat-risk-lab&callnative=0,高德地图URI API实时公交规划,沈阳中街,2年,1.5万元/年,2023机构基线；报考前须核最新,低,2026-08-14,A,66
湖南师范大学,0,1,贾茆Pro,院校总表课程结构标签,数学与统计学院,全日制；非全日制,101思想政治理论,英语二,数学三,432统计学,432统计学；复试含概率论数理统计、回归分析,2026研招目录未列指定教材,官方目录未指定；不以机构书单冒充官方,概率论与数理统计、回归分析,2026目录线索,湖南长沙岳麓区二里半校区,28.1909652,112.9450813,"湖南师范大学, 麓山路, 石门楼社区, 桔子洲街道, 岳麓区, 湘江新区, 岳麓区, 长沙市, 湖南省, 410006, 中国",campus,OpenStreetMap Nominatim,https://www.openstreetmap.org/way/486904541,机器匹配待人工复核,长沙滨江金融中心,28.231,112.956,代表性公司办公集聚节点；不等同于就业机会排名,研究用节点，待人工复核,地铁为主,地铁4号线,二里半校区至滨江金融中心方向,候选线路，待按报名年份逐段复核,https://uri.amap.com/navigation?from=112.9450813%2C28.1909652%2C%E6%B9%96%E5%8D%97%E5%B8%88%E8%8C%83%E5%A4%A7%E5%AD%A6&to=112.956%2C28.231%2C%E9%95%BF%E6%B2%99%E6%BB%A8%E6%B1%9F%E9%87%91%E8%9E%8D%E4%B8%AD%E5%BF%83&mode=bus&policy=0&src=applied-stat-risk-lab&callnative=0,高德地图URI API实时公交规划,长沙五一广场,3年,1.4万元/年,2023机构基线；报考前须核最新,低,2026-08-14,A,67
北京林业大学,0,1,贾茆,院校总表课程结构标签,经济管理学院,全日制,101思想政治理论,英语二,数学三,432统计学,432统计学；目录未列指定书目,2026研招目录未列指定教材,官方目录未指定；不以机构书单冒充官方,1. 专业知识笔试：统计学综合（满分 100 分）  ; 2. 外语听力及口语测试（满分 100 分） ; 3. 综合面试（满分 150 分）；1.贾俊平等编著，《统计学》（第8版），中国人民大学出版社，2021年; 2.茆诗松等编著，《概率论与数理统计》（第3版），科学出版社，2013年; 3.数据分析相关理论知识。（小程序院校模块；待官网复核）,就现在考研小程序院校模块，2026-08-14读取；待官网复核,北京海淀区清华东路校区,40.002875,116.3354804,"北京林业大学, 清华东路, 学院路街道, 海淀区, 北京市, 100083, 中国",campus,OpenStreetMap Nominatim,https://www.openstreetmap.org/way/412323504,机器匹配待人工复核,北京中关村科技商务区,39.983,116.316,代表性公司办公集聚节点；不等同于就业机会排名,研究用节点，待人工复核,地铁为主,地铁15号线→13号线/4号线,清华东路校区至中关村的候选换乘,候选线路，待按报名年份逐段复核,https://uri.amap.com/navigation?from=116.3354804%2C40.002875%2C%E5%8C%97%E4%BA%AC%E6%9E%97%E4%B8%9A%E5%A4%A7%E5%AD%A6&to=116.316%2C39.983%2C%E5%8C%97%E4%BA%AC%E4%B8%AD%E5%85%B3%E6%9D%91%E7%A7%91%E6%8A%80%E5%95%86%E5%8A%A1%E5%8C%BA&mode=bus&policy=0&src=applied-stat-risk-lab&callnative=0,高德地图URI API实时公交规划,北京天安门,2年,0.8万元/年,2023机构基线；报考前须核最新,低,2026-08-14,A,68
河北工业大学,0,1,茆Pro,院校总表课程结构标签,理学院,全日制；非全日制,101思想政治理论,英语一,数学三,432统计学,2026官方432大纲：概率论、数理统计；试题以计算题和证明题为主,李贤平《概率论基础》第3版（高教，2010）；茆诗松等《概率论与数理统计教程》第3版（高教，2016）；陈家鼎等《数理统计学讲义》第3版（高教，2015）,2026官方考试大纲指定,F1103应用统计基础；官方未指定（小程序院校模块；待官网复核）,就现在考研小程序院校模块，2026-08-14读取；待官网复核,天津北辰区北辰校区,39.2367294,117.0526402,"河北工业大学（北辰校区）, 自强道, 河北工业大学教师公寓, 双口镇, 北辰区, 天津市, 中国",campus,OpenStreetMap Nominatim,https://www.openstreetmap.org/way/517503748,机器匹配待人工复核,天津小白楼商务区,39.118,117.207,代表性公司办公集聚节点；不等同于就业机会排名,研究用节点，待人工复核,地铁为主,地铁1号线,北辰校区至小白楼商务区方向,候选线路，待按报名年份逐段复核,https://uri.amap.com/navigation?from=117.0526402%2C39.2367294%2C%E6%B2%B3%E5%8C%97%E5%B7%A5%E4%B8%9A%E5%A4%A7%E5%AD%A6&to=117.207%2C39.118%2C%E5%A4%A9%E6%B4%A5%E5%B0%8F%E7%99%BD%E6%A5%BC%E5%95%86%E5%8A%A1%E5%8C%BA&mode=bus&policy=0&src=applied-stat-risk-lab&callnative=0,高德地图URI API实时公交规划,天津和平路/小白楼,3年,0.7万元/年,2023机构基线；报考前须核最新,低,2026-08-14,A,69
中国药科大学,0,1,纯茆,院校总表课程结构标签,理学院,全日制,101思想政治理论,英语一,数学三,432统计学,432统计学；目录未列指定书目,2026研招目录未列指定教材,官方目录未指定；不以机构书单冒充官方,思想品德考核、专业课笔试（统计学综合，包括：概率论占20%，医药数理统计占80%）、实验技能考核、综合测试（含专业英语测试及面试）；《医药数理统计方法》高祖新，人民卫生出版社，第五版; 《概率论与数理统计》高祖新，言方荣，南京大学出版社，第二版; 《概率论与数理统计》盛骤等，高等教育出版社，第四版（小程序院校模块；待官网复核）,就现在考研小程序院校模块，2026-08-14读取；待官网复核,江苏南京江宁区江宁校区,31.9041707,118.9128238,"中国药科大学(江宁校区), 639, 龙眠大道, 淳化街道, 江宁区, 南京市, 江苏省, 211198, 中国",campus,OpenStreetMap Nominatim,https://www.openstreetmap.org/way/92626954,机器匹配待人工复核,南京新街口商务区,32.0415,118.7789,代表性公司办公集聚节点；不等同于就业机会排名,研究用节点，待人工复核,地铁为主,地铁1号线,江宁校区至新街口方向,候选线路，待按报名年份逐段复核,https://uri.amap.com/navigation?from=118.9128238%2C31.9041707%2C%E4%B8%AD%E5%9B%BD%E8%8D%AF%E7%A7%91%E5%A4%A7%E5%AD%A6&to=118.7789%2C32.0415%2C%E5%8D%97%E4%BA%AC%E6%96%B0%E8%A1%97%E5%8F%A3%E5%95%86%E5%8A%A1%E5%8C%BA&mode=bus&policy=0&src=applied-stat-risk-lab&callnative=0,高德地图URI API实时公交规划,南京新街口,3年,1万元/年,2023机构基线；报考前须核最新,低,2026-08-14,A,70
南昌大学,0,1,纯贾,院校总表课程结构标签,经济管理学院,全日制,101思想政治理论,英语二,数学三,432统计学,432统计学；目录未列指定书目,2026研招目录未列指定教材,官方目录未指定；不以机构书单冒充官方,专业课笔试：西方经济学; 专业综合面试和听力与口语测试；《西方经济学》（第二版）（上、下册），《西方经济学》编写组编，高等教育出版社、人民出版社，马克思主义理论研究与建设工程重点教材， 2019年10月（小程序院校模块；待官网复核）,就现在考研小程序院校模块，2026-08-14读取；待官网复核,江西南昌红谷滩区前湖校区,28.657219,115.7931408,南昌大学前湖校区，江西省南昌市红谷滩区学府大道999号,campus,OpenStreetMap Nominatim,https://www.openstreetmap.org/way/223390772,机器匹配待人工复核,南昌红谷滩CBD,28.683,115.858,代表性公司办公集聚节点；不等同于就业机会排名,研究用节点，待人工复核,地铁为主,地铁2号线,前湖校区至红谷滩CBD方向,候选线路，待按报名年份逐段复核,https://uri.amap.com/navigation?from=115.7931408%2C28.657219%2C%E5%8D%97%E6%98%8C%E5%A4%A7%E5%AD%A6&to=115.858%2C28.683%2C%E5%8D%97%E6%98%8C%E7%BA%A2%E8%B0%B7%E6%BB%A9CBD&mode=bus&policy=0&src=applied-stat-risk-lab&callnative=0,高德地图URI API实时公交规划,南昌八一广场,3年,1.2万元/年,2023机构基线；报考前须核最新,低,2026-08-14,A,71
华中农业大学,0,1,贾茆,院校总表课程结构标签,信息学院,全日制；非全日制,101思想政治理论,英语二,数学三,432统计学,432统计学；复试含概率论、数理统计、R上机,2026研招目录未列指定教材,官方目录未指定；不以机构书单冒充官方,概率论、数理统计、R上机,2026目录线索,湖北武汉洪山区狮子山校区,30.4739905,114.348398,"华中农业大学, 1, 狮子山大道, 狮子山街道, 洪山区, 武汉市, 湖北省, 430070, 中国",campus,OpenStreetMap Nominatim,https://www.openstreetmap.org/relation/10811687,机器匹配待人工复核,武汉光谷中心城,30.506,114.414,代表性公司办公集聚节点；不等同于就业机会排名,研究用节点，待人工复核,地铁为主,地铁8号线→2号线,狮子山校区至光谷中心城的候选换乘,候选线路，待按报名年份逐段复核,https://uri.amap.com/navigation?from=114.348398%2C30.4739905%2C%E5%8D%8E%E4%B8%AD%E5%86%9C%E4%B8%9A%E5%A4%A7%E5%AD%A6&to=114.414%2C30.506%2C%E6%AD%A6%E6%B1%89%E5%85%89%E8%B0%B7%E4%B8%AD%E5%BF%83%E5%9F%8E&mode=bus&policy=0&src=applied-stat-risk-lab&callnative=0,高德地图URI API实时公交规划,武汉江汉路,2年,0.8万元/年,2023机构基线；报考前须核最新,低,2026-08-14,A,72
安徽大学,0,1,纯贾,院校总表课程结构标签,大数据与统计学院,全日制,101思想政治理论,英语二,数学三,432统计学,432统计学；目录未列指定书目,2026研招目录未列指定教材,官方目录未指定；不以机构书单冒充官方,笔试（应用统计专硕（0252）：计量经济学、多元统计; 面试：英语自我介绍、随机抽取专业课问题并作答、其他专业知识提问；官方未指定（小程序院校模块；待官网复核）,就现在考研小程序院校模块，2026-08-14读取；待官网复核,安徽合肥蜀山区磬苑校区,31.7692436,117.1781285,"安徽大学(磬苑校区), 111, 九龙路, 九龙居民委员会, 芙蓉社区, 合肥经济技术开发区, 蜀山区, 合肥市, 安徽省, 230601, 中国",campus,OpenStreetMap Nominatim,https://www.openstreetmap.org/relation/20701346,机器匹配待人工复核,合肥政务文化新区,31.8179,117.228,代表性公司办公集聚节点；不等同于就业机会排名,研究用节点，待人工复核,地铁为主,地铁3号线→4号线,磬苑校区至政务区的候选换乘,候选线路，待按报名年份逐段复核,https://uri.amap.com/navigation?from=117.1781285%2C31.7692436%2C%E5%AE%89%E5%BE%BD%E5%A4%A7%E5%AD%A6&to=117.228%2C31.8179%2C%E5%90%88%E8%82%A5%E6%94%BF%E5%8A%A1%E6%96%87%E5%8C%96%E6%96%B0%E5%8C%BA&mode=bus&policy=0&src=applied-stat-risk-lab&callnative=0,高德地图URI API实时公交规划,合肥四牌楼,3年,1.1万元/年,2023机构基线；报考前须核最新,低,2026-08-14,A,73
南京农业大学,0,1,纯贾,院校总表课程结构标签,理学院,全日制,101思想政治理论,英语二,数学三,432统计学,432统计学；目录未列指定书目,2026研招目录未列指定教材,官方目录未指定；不以机构书单冒充官方,专业课笔试：统计综合（概率论与数理统计、 统计软件）; 面试：英语（含自我介绍）、综合能力面试；《概率论与数理统计（第五版）》主编：盛骤，谢式千，潘承毅，高等教育出版社，2020年;  《统计建模与R软件(第2版)》主编：薛毅，陈立萍，清华大学出版社，2021年;  《数理统计与MATLAB数据分析（第2版）》，主编：王岩，隋思涟，清华大学出版社，2014年; 《统计学——Python实现》主编：贾俊平，高等教育出版社，2021年（小程序院校模块；待官网复核）,就现在考研小程序院校模块，2026-08-14读取；待官网复核,江苏南京玄武区卫岗校区,32.0357088,118.838978,"南京农业大学(卫岗校区), 1, 钟山路, 孝陵卫街道, 玄武区, 南京市, 江苏省, 210095, 中国",campus,OpenStreetMap Nominatim,https://www.openstreetmap.org/way/590891898,机器匹配待人工复核,南京新街口商务区,32.0415,118.7789,代表性公司办公集聚节点；不等同于就业机会排名,研究用节点，待人工复核,地铁为主,地铁2号线,卫岗校区至新街口方向,候选线路，待按报名年份逐段复核,https://uri.amap.com/navigation?from=118.838978%2C32.0357088%2C%E5%8D%97%E4%BA%AC%E5%86%9C%E4%B8%9A%E5%A4%A7%E5%AD%A6&to=118.7789%2C32.0415%2C%E5%8D%97%E4%BA%AC%E6%96%B0%E8%A1%97%E5%8F%A3%E5%95%86%E5%8A%A1%E5%8C%BA&mode=bus&policy=0&src=applied-stat-risk-lab&callnative=0,高德地图URI API实时公交规划,南京新街口,未在2023基线表检出,未在2023基线表检出,缺失/待官网,低,2026-08-14,A,74
东北农业大学,0,1,贾茆,院校总表课程结构标签,文理学院,全日制,101思想政治理论,英语二,数学三,432统计学,432统计学；目录未列指定书目,2026研招目录未列指定教材,官方目录未指定；不以机构书单冒充官方,概率论与数理统计；《概率论与数理统计教程》(第3版)，茆诗松，程依明，濮晓龙，高等教育出版社，2020.10。（小程序院校模块；待官网复核）,就现在考研小程序院校模块，2026-08-14读取；待官网复核,黑龙江哈尔滨香坊区,45.7421537,126.723275,"东北农业大学, 木材东街, 铁东街道, 香坊区, 哈尔滨市, 香坊区, 黑龙江省, 150000, 中国",campus,OpenStreetMap Nominatim,https://www.openstreetmap.org/way/573792237,机器匹配待人工复核,哈尔滨哈西商务区,45.705,126.586,代表性公司办公集聚节点；不等同于就业机会排名,研究用节点，待人工复核,地铁为主,地铁2号线→3号线,香坊校区至哈西商务区的候选换乘,候选线路，待按报名年份逐段复核,https://uri.amap.com/navigation?from=126.723275%2C45.7421537%2C%E4%B8%9C%E5%8C%97%E5%86%9C%E4%B8%9A%E5%A4%A7%E5%AD%A6&to=126.586%2C45.705%2C%E5%93%88%E5%B0%94%E6%BB%A8%E5%93%88%E8%A5%BF%E5%95%86%E5%8A%A1%E5%8C%BA&mode=bus&policy=0&src=applied-stat-risk-lab&callnative=0,高德地图URI API实时公交规划,哈尔滨中央大街,未在2023基线表检出,未在2023基线表检出,缺失/待官网,低,2026-08-14,A,75
东北林业大学,0,1,纯贾,院校总表课程结构标签,理学院,全日制,101思想政治理论,英语二,数学三,432统计学,432统计学；目录未列指定书目,2026研招目录未列指定教材,官方目录未指定；不以机构书单冒充官方,专业能力考核：概率论与数理统计; 综合素质考核；《概率论与数理统计教程》（第2版），茆诗松，程依明，濮晓龙，高等教育出版社，2011（小程序院校模块；待官网复核）,就现在考研小程序院校模块，2026-08-14读取；待官网复核,黑龙江哈尔滨香坊区,45.7186275,126.6287385,"东北林业大学, 桃李桥, 文政街道, 香坊区, 哈尔滨市, 香坊区, 黑龙江省, 150000, 中国",campus,OpenStreetMap Nominatim,https://www.openstreetmap.org/way/316890410,机器匹配待人工复核,哈尔滨哈西商务区,45.705,126.586,代表性公司办公集聚节点；不等同于就业机会排名,研究用节点，待人工复核,地铁为主,地铁2号线→3号线,香坊校区至哈西商务区的候选换乘,候选线路，待按报名年份逐段复核,https://uri.amap.com/navigation?from=126.6287385%2C45.7186275%2C%E4%B8%9C%E5%8C%97%E6%9E%97%E4%B8%9A%E5%A4%A7%E5%AD%A6&to=126.586%2C45.705%2C%E5%93%88%E5%B0%94%E6%BB%A8%E5%93%88%E8%A5%BF%E5%95%86%E5%8A%A1%E5%8C%BA&mode=bus&policy=0&src=applied-stat-risk-lab&callnative=0,高德地图URI API实时公交规划,哈尔滨中央大街,未在2023基线表检出,未在2023基线表检出,缺失/待官网,低,2026-08-14,A,76
延边大学,0,1,纯茆,院校总表课程结构标签,理学院,全日制,101思想政治理论,英语二,数学三,432统计学,432统计学；目录未列指定书目,2026研招目录未列指定教材,官方目录未指定；不以机构书单冒充官方,"包括专业素质和能力测试：应用回归分析、应用多元统计分析; 综合素质和能力测试; 外语听说能力测试；1、应用回归分析(第四版)，何晓群, 刘文卿，中国人民大学出版社, 2015; 2、应用多元统计分析，高惠璇，北京大学出版社, 2014（小程序院校模块；待官网复核）",就现在考研小程序院校模块，2026-08-14读取；待官网复核,吉林延边州延吉市,42.9100364,129.4809001,"延边大学(延吉校区), 977, 公园路, 园艺社区, 公园街道, 延吉市, 延边朝鲜族自治州, 吉林省, 133002, 中国",campus,OpenStreetMap Nominatim,https://www.openstreetmap.org/way/248259366,机器匹配待人工复核,延吉人民路商务区,42.907,129.514,代表性公司办公集聚节点；不等同于就业机会排名,研究用节点，待人工复核,公交为主,公交4路/16路（候选）,延吉校区至人民路商务区；线路待逐段复核,候选线路，待按报名年份逐段复核,https://uri.amap.com/navigation?from=129.4809001%2C42.9100364%2C%E5%BB%B6%E8%BE%B9%E5%A4%A7%E5%AD%A6&to=129.514%2C42.907%2C%E5%BB%B6%E5%90%89%E4%BA%BA%E6%B0%91%E8%B7%AF%E5%95%86%E5%8A%A1%E5%8C%BA&mode=bus&policy=0&src=applied-stat-risk-lab&callnative=0,高德地图URI API实时公交规划,延吉时代广场,2年,0.8万元/年,2023机构基线；报考前须核最新,低,2026-08-14,A,77
云南大学,0,1,贾茆,院校总表课程结构标签,数学与统计学院,全日制,101思想政治理论,英语二,数学三,432统计学,432统计学；目录未列指定书目,2026研招目录未列指定教材,官方目录未指定；不以机构书单冒充官方,1. 思想政治素质和品德;2. 专业素质和能力;3. 综合素质和能力; 应用统计专业硕士主要考核本科阶段统计学专业相关课程知识；官方未指定（小程序院校模块；待官网复核）；卡方2026录取文章正文补充：专业考核范围含概率论与数理统计、统计学概论、应用回归分析、应用多元统计分析、应用时间序列分析等；复试100分中外语听说20%、专业与综合80%；总成绩=(初试/5)×50%+复试×50%。正文未明确单列笔试，故笔试栏仍待核。,卡方2026录取文章正文与统计战线小程序交叉验证，2026-08-14读取；待学校官网复核,云南昆明呈贡区呈贡校区,24.8297177,102.8511808,"云南大学（呈贡校区）, 兴园路, 吴家营街道, 呈贡区, 昆明市, 云南省, 中国",campus,OpenStreetMap Nominatim,https://www.openstreetmap.org/way/287663050,机器匹配待人工复核,昆明呈贡总部基地,24.883,102.834,代表性公司办公集聚节点；不等同于就业机会排名,研究用节点，待人工复核,地铁为主,地铁1号线,呈贡校区至呈贡总部基地方向,候选线路，待按报名年份逐段复核,https://uri.amap.com/navigation?from=102.8511808%2C24.8297177%2C%E4%BA%91%E5%8D%97%E5%A4%A7%E5%AD%A6&to=102.834%2C24.883%2C%E6%98%86%E6%98%8E%E5%91%88%E8%B4%A1%E6%80%BB%E9%83%A8%E5%9F%BA%E5%9C%B0&mode=bus&policy=0&src=applied-stat-risk-lab&callnative=0,高德地图URI API实时公交规划,昆明东风广场,3年,1.2万元/年,2023机构基线；报考前须核最新,低,2026-08-14,B,78
贵州大学,0,1,纯茆,院校总表课程结构标签,数学与统计学院,全日制,101思想政治理论,英语二,数学三,432统计学,432统计学；目录未列指定书目,2026研招目录未列指定教材,官方目录未指定；不以机构书单冒充官方,专业笔试科目：概率论与数理统计; 面试：综合面试（不放回抽题作答）；官方未指定（小程序院校模块；待官网复核）,就现在考研小程序院校模块，2026-08-14读取；待官网复核,贵州贵阳花溪区西校区,26.4495922,106.654026,贵州大学西校区，贵州省贵阳市花溪区甲秀南路,campus,OpenStreetMap Nominatim,https://www.openstreetmap.org/relation/12845727,机器匹配待人工复核,贵阳观山湖金融城,26.647,106.653,代表性公司办公集聚节点；不等同于就业机会排名,研究用节点，待人工复核,地铁为主,地铁3号线→1号线,西校区至观山湖金融城的候选换乘,候选线路，待按报名年份逐段复核,https://uri.amap.com/navigation?from=106.654026%2C26.4495922%2C%E8%B4%B5%E5%B7%9E%E5%A4%A7%E5%AD%A6&to=106.653%2C26.647%2C%E8%B4%B5%E9%98%B3%E8%A7%82%E5%B1%B1%E6%B9%96%E9%87%91%E8%9E%8D%E5%9F%8E&mode=bus&policy=0&src=applied-stat-risk-lab&callnative=0,高德地图URI API实时公交规划,贵阳喷水池,3年,0.8万元/年,2023机构基线；报考前须核最新,低,2026-08-14,B,79
内蒙古大学,0,1,贾茆,院校总表课程结构标签,数学科学学院,全日制,101思想政治理论,英语二,数学三,432统计学,432统计学；目录未列指定书目,2026研招目录未列指定教材,官方目录未指定；不以机构书单冒充官方,包括外国语听力及口语测试、专业课（高等数学三、统计学）和思想政治理论；官方未指定（小程序院校模块；待官网复核）,就现在考研小程序院校模块，2026-08-14读取；待官网复核,内蒙古呼和浩特赛罕区,40.8087054,111.683724,内蒙古大学北校区，内蒙古自治区呼和浩特市赛罕区大学西街235号,campus_entrance,OpenStreetMap campus entrance,https://www.openstreetmap.org/node/13108698977,机器匹配待人工复核,呼和浩特如意总部基地,40.842,111.748,代表性公司办公集聚节点；不等同于就业机会排名,研究用节点，待人工复核,地铁为主,地铁2号线→1号线,北校区至如意总部基地的候选换乘,候选线路，待按报名年份逐段复核,https://uri.amap.com/navigation?from=111.683724%2C40.8087054%2C%E5%86%85%E8%92%99%E5%8F%A4%E5%A4%A7%E5%AD%A6&to=111.748%2C40.842%2C%E5%91%BC%E5%92%8C%E6%B5%A9%E7%89%B9%E5%A6%82%E6%84%8F%E6%80%BB%E9%83%A8%E5%9F%BA%E5%9C%B0&mode=bus&policy=0&src=applied-stat-risk-lab&callnative=0,高德地图URI API实时公交规划,呼和浩特新华广场,3年,1.2万元/年,2023机构基线；报考前须核最新,低,2026-08-14,B,80
新疆大学,0,1,纯茆,院校总表课程结构标签,数学与系统科学学院,全日制,101思想政治理论,英语二,数学三,432统计学,432统计学；目录未列指定书目,2026研招目录未列指定教材,官方目录未指定；不以机构书单冒充官方,综合面试：思想政治素质、外语水平、专业综合能力（概率统计）; 专业基础知识考核：随机抽题作答；《概率论与数理统计教程》，魏宗舒，高等教育出版社，2008年第2版;《概率论》，杨振明，科学出版社，2004年第2版;《数理统计》，何书元，高等教育出版社，2012年第1版（小程序院校模块；待官网复核）,就现在考研小程序院校模块，2026-08-14读取；待官网复核,新疆乌鲁木齐水磨沟区博达校区,43.8467785,87.7366251,"新疆大学（博达校区）, 777号, 华瑞街, 水磨沟街道, 水磨沟区, 乌鲁木齐市, 新疆维吾尔自治区, 830046, 中国",campus,OpenStreetMap Nominatim,https://www.openstreetmap.org/way/923019317,机器匹配待人工复核,乌鲁木齐会展商务区,43.878,87.635,代表性公司办公集聚节点；不等同于就业机会排名,研究用节点，待人工复核,公交为主,公交105路等（候选）,博达校区至会展商务区；线路待逐段复核,候选线路，待按报名年份逐段复核,https://uri.amap.com/navigation?from=87.7366251%2C43.8467785%2C%E6%96%B0%E7%96%86%E5%A4%A7%E5%AD%A6&to=87.635%2C43.878%2C%E4%B9%8C%E9%B2%81%E6%9C%A8%E9%BD%90%E4%BC%9A%E5%B1%95%E5%95%86%E5%8A%A1%E5%8C%BA&mode=bus&policy=0&src=applied-stat-risk-lab&callnative=0,高德地图URI API实时公交规划,乌鲁木齐人民广场,3年,0.9万元/年,2023机构基线；报考前须核最新,低,2026-08-14,B,81
宁夏大学,0,1,纯贾,院校总表课程结构标签,数学统计学院,全日制,101思想政治理论,英语二,数学三,432统计学,432统计学；目录未列指定书目,2026研招目录未列指定教材,官方目录未指定；不以机构书单冒充官方,概率论与数理统计；《概论统计引论》，魏立力、刘国军、张选德主编，科学出版社，2020年第2版。（小程序院校模块；待官网复核）,就现在考研小程序院校模块，2026-08-14读取；待官网复核,宁夏银川西夏区贺兰山校区,38.502432,106.12801,"宁夏大学(文萃校区), 539, 贺兰山西路, 怀远路街道, 西夏区, 银川市, 宁夏回族自治区, 750021, 中国",campus,OpenStreetMap Nominatim,https://www.openstreetmap.org/way/1334170719,机器匹配待人工复核,银川阅海湾中央商务区,38.505,106.221,代表性公司办公集聚节点；不等同于就业机会排名,研究用节点，待人工复核,公交为主,公交42路/49路（候选）,贺兰山校区至阅海湾CBD；线路待逐段复核,候选线路，待按报名年份逐段复核,https://uri.amap.com/navigation?from=106.12801%2C38.502432%2C%E5%AE%81%E5%A4%8F%E5%A4%A7%E5%AD%A6&to=106.221%2C38.505%2C%E9%93%B6%E5%B7%9D%E9%98%85%E6%B5%B7%E6%B9%BE%E4%B8%AD%E5%A4%AE%E5%95%86%E5%8A%A1%E5%8C%BA&mode=bus&policy=0&src=applied-stat-risk-lab&callnative=0,高德地图URI API实时公交规划,银川鼓楼,未在2023基线表检出,未在2023基线表检出,缺失/待官网,低,2026-08-14,B,82
石河子大学,0,1,贾茆,院校总表课程结构标签,经济与管理学院,全日制,101思想政治理论,英语二,数学三,432统计学,432统计学；目录未列指定书目,2026研招目录未列指定教材,官方目录未指定；不以机构书单冒充官方,"（1）专业基础笔试：应用统计专业综合; （2）英语测试; （3）综合能力考核；[1]统计学（第 8 版），贾俊平，何晓群，金勇进编著，中国人民大学出版社，2021年;
[2]应用多元统计分析(第 6 版)，王学民著，上海财经大学出版社，2021 年;
[3]计量经济学（第 5 版），孙敬水，马淑琴著，清华大学出版社，2022 年（小程序院校模块；待官网复核）",就现在考研小程序院校模块，2026-08-14读取；待官网复核,新疆石河子市北四路校区,44.3079869,86.0549057,"石河子大学, 北四路, 向阳街道, 兵团一五二团, 石河子市, 第八师, 新疆维吾尔自治区, 832000, 中国",campus,OpenStreetMap Nominatim,https://www.openstreetmap.org/relation/3432003,机器匹配待人工复核,石河子经济技术开发区,44.305,86.08,代表性公司办公集聚节点；不等同于就业机会排名,研究用节点，待人工复核,公交为主,公交1路/31路（候选）,北四路校区至开发区；线路待逐段复核,候选线路，待按报名年份逐段复核,https://uri.amap.com/navigation?from=86.0549057%2C44.3079869%2C%E7%9F%B3%E6%B2%B3%E5%AD%90%E5%A4%A7%E5%AD%A6&to=86.08%2C44.305%2C%E7%9F%B3%E6%B2%B3%E5%AD%90%E7%BB%8F%E6%B5%8E%E6%8A%80%E6%9C%AF%E5%BC%80%E5%8F%91%E5%8C%BA&mode=bus&policy=0&src=applied-stat-risk-lab&callnative=0,高德地图URI API实时公交规划,石河子幸福路商圈,3年,0.7万元/年,2023机构基线；报考前须核最新,低,2026-08-14,B,83
