source_name,evidence_level,covered_fields,url,url_count,notes,source_sheet,source_row
教育部211名单,官方,院校范围,https://www.moe.gov.cn/srcsite/A22/s7065/200512/t20051223_82762.html,1,传统211名单口径,来源台账,5
研招网2026硕士目录,官方,2026开设状态、学院、初试科目,https://yzst.chsi.com.cn/zsml/,1,本表最新科目首要来源,来源台账,6
教育部2026国家线,官方,国家线底线,https://www.moe.gov.cn/jyb_xwfb/gzdt_gzdt/s5987/202602/W020260228373276320816.pdf,1,不得替代学院实际线,来源台账,7
研招网2023复试线专题,官方汇总,2023自主划线学校,https://yz.chsi.com.cn/kyzx/zt/lnfsx2023.shtml,1,图像OCR后人工摘录重点学校,来源台账,8
希赛2022应用统计复试线,机构,2022分数线,https://www.educity.cn/kyyy/5009654.html,1,二次来源；已在单元格标注,来源台账,9
路灯考研分数线库,机构,2024-2026分数线补齐,https://www.ludengkaoyan.com/major3/fsx/,1,常含校级/国家线底线，需官网逐项复核,来源台账,10
希赛2023学制学费,机构,学制学费基线,https://www.educity.cn/kyyy/5005546.html,1,仅作2023基线；新官方值已覆盖,来源台账,11
卡方训练营432定向班相册,机构,教材/课程结构交叉验证,https://mp.weixin.qq.com/mp/appmsgalbum?action=getalbum&__biz=MzIxNTM0MjQ3OA==&scene=1&album_id=4165954014905073674&count=3#wechat_redirect,1,共55篇，南昌大学重复1篇；仅使用432定向班,来源台账,12
清华2026复试细则,官方学院,2026线、复试形式,https://www.math.tsinghua.edu.cn/qinghuadaxue2026nianshuxuekexuexi2026nianshuoshitongzhaoshengfushiluqushishixize.pdf,1,,来源台账,13
清华2022-2026拟录取名单,官方学院,五年拟录取初试分布,https://www.math.tsinghua.edu.cn/zsjy.htm,1,逐年链接见录取明细,来源台账,14
南京大学2026复试与拟录取,官方学院,2026线、名单、复录比,https://math.nju.edu.cn/zs/sszs/20260402/i371514.html,1,,来源台账,15
南京大学2025参考书,官方学院,初试/复试教材,https://math.nju.edu.cn/DFS/file/2024/10/23/202410231005570921nldll.pdf,1,2026报考前复核是否更新,来源台账,16
人大统计学院2025复试线,官方学院,2025线,https://stat.ruc.edu.cn/tzgg/44b0a2b212b9477494645db69c1efd8f.htm,1,,来源台账,17
人大统计学院2025复试方案,官方学院,复录比例、计划,https://stat.ruc.edu.cn/tzgg/8fb8c0c652e04a7c9e6c30b4adb218f6.htm,1,129%，统考计划28,来源台账,18
人大统计学院2026招生简章,官方学院,学制学费,https://stat.ruc.edu.cn/docs/2025-10/75cc7eade489405e8f7c2a2aee9638cf.pdf,1,2年，2.5万元/年,来源台账,19
重庆大学2025拟录取名单,官方,拟录取分布,https://yz.cqu.edu.cn/upload/202505/9adafabf.pdf,1,52名普通全日制025200,来源台账,20
中南财经政法大学2025拟录取名单,官方学院,拟录取分布,https://tsxy.zuel.edu.cn/_upload/article/files/15/fa/e5c1c0e24e4190959c6705735842/2b97dccb-1810-4a22-befa-d8a3bced99b9.pdf,1,178名非专项全日制拟录取,来源台账,21
就现在考研-上海财经,机构,参考书与复试形式交叉验证,https://www.sjds.net/a/462113.html,1,明确为非官方经验书单,来源台账,22
就现在考研-华中科技,机构,参考书与复试形式交叉验证,https://www.sjds.net/a/462173.html,1,,来源台账,23
就现在考研-厦门大学,机构,参考书与复试形式交叉验证,https://www.sjds.net/a/461938.html,1,,来源台账,24
就现在考研432历年真题索引,机构索引（仅线索）,逐校可检索年份线索,https://www.sjds.net/a/462580.html,1,72/81校命中；未逐份展示原卷，不能用于题型判断或完整份数统计。,来源台账,25
中国海洋大学往年试题库,官方,2018/2019/2021年432原卷,https://yz.ouc.edu.cn/5924/list.htm,1,三份原卷已逐页核验。,来源台账,26
山东大学2015年432原题,官方学院,历年真题题型,https://qlyxjxgl.sdu.edu.cn/info/1003/1210.htm,1,官方提示以后题型可能变化。,来源台账,27
暨南大学2026年432考试大纲,官方,最新范围、题型、参考书,https://yz.jnu.edu.cn/2025/0728/c36355a841104/page.htm,1,简答60、计算90。,来源台账,28
中国科大2026年432考试大纲,官方,最新范围、题型、参考书,https://yz.ustc.edu.cn/static/upload/article/ueditor/e46ee8c77b754548b9f1eadaa3278b21.pdf,1,填空、选择、解答；不得使用计算器。,来源台账,29
河北工大2026年432考试大纲,官方,最新范围、题型、参考书,https://yjs.hebut.edu.cn/docs/2025-09/1b4436ded93548a48e17c73f389b0301.pdf,1,以计算题和证明题为主。,来源台账,30
中国科大2026复试与拟录取名单,官方学院,复录比、拟录取最低分/中位数,https://som.ustc.edu.cn/2026/0402/c36754a725336/page.htm,1,17人复试、12人拟录取；最低392、中位403.5。,来源台账,31
湖南大学金融与统计学院2026复试细则,官方学院,复试线、复试形式、计划,https://jt.hnu.edu.cn/info/1089/8977.htm,1,025200非全日制340分、计划22，仅综合面试。,来源台账,32
合肥工业大学2026复试线,官方,复试线、学习方式,https://yjszs.hfut.edu.cn/2026/0320/c13533a317912/pagem.htm,1,025200非全日制332分；数学学院计划差额比例120%。,来源台账,33
合肥工业大学2026招生简章,官方,学费,https://yjszs.hfut.edu.cn/2025/0928/c13526a315413/pagem.htm,1,非全日制应用统计5.1万元/全程。,来源台账,34
复旦大学2027年432考试大纲,官方学院,最新范围、题型、指定教材,https://scms.fudan.edu.cn/info/1047/12891.htm,1,单选50、简答40、计算与分析60；指定2025/2026新版教材。,来源台账,35
复旦大学2026专业—院系对照表与学校线,官方,培养单位、2026复试线,https://gsao.fudan.edu.cn/72/7e/c15015a750206/page.htm ; https://gsao.fudan.edu.cn/_upload/article/files/18/fc/7a23e1c8471c8cf6eab8c0459cb0/d2f601bf-0bfd-4275-ab86-535e691b9f49.pdf,2,官方确认0252四个培养单位；学校基本线380。,来源台账,36
复旦数学科学学院2026复试,官方学院,复试形式、复试人数,https://math.fudan.edu.cn/ca/b0/c33035a772784/page.htm ; https://math.fudan.edu.cn/ca/cc/c30374a772812/page.htm,2,025200计划22；名单22人，普通考生现场面试。,来源台账,37
复旦上海数学中心2026复试,官方学院,复试形式、复试人数,https://scms.fudan.edu.cn/info/1047/12011.htm ; https://scms.fudan.edu.cn/info/1047/12031.htm,2,025200计划8；名单8人，普通考生现场面试。,来源台账,38
复旦大数据学院2026复试,官方学院,复试形式、复试人数,https://sds.fudan.edu.cn/_t2392/ca/b3/c17433a772787/page.htm ; https://sds.fudan.edu.cn/ca/bd/c17701a772797/page.htm,2,官方名单同时含071400与025200；按最终名单考号分组闭合，025200为92人。,来源台账,39
复旦上海数学与交叉学科研究院2026复试,官方培养单位,复试形式、复试人数,https://www.simis.cn/2026%E5%B9%B4%E7%A1%95%E5%A3%AB%E7%A0%94%E7%A9%B6%E7%94%9F%E5%A4%8D%E8%AF%95%E7%BB%86%E5%88%99/ ; https://www.simis.cn/2026%E5%B9%B4%E7%A1%95%E5%A3%AB%E7%A0%94%E7%A9%B6%E5%A4%8D%E8%AF%95%E5%90%8D%E5%8D%95/,2,025200计划30；36人复试，现场面试。,来源台账,40
复旦大学2026拟录取总名单,官方,拟录取人数、初试最低/中位/最高、实际复录比,https://gsao.fudan.edu.cn/e6/ec/c15906a780012/page.htm,1,与四单位复试名单按考号闭合：025200共148人，初试最低380、中位412、最高451。,来源台账,41
就现在考研小程序院校模块（统计战线）,主流应统机构,学制学费、初复试科目、参考书、复试线、最低录取线、复试/录取人数、结果名单,https://admin.jiuxianzai.cn/api/applet/home/index/school,1,2026-08-14只读读取；80/81校、108个培养单位；详情接口逐条留在年度备注。,来源台账,42
华东师大统计学院2026复试成绩,官方学院,拟录取人数、初试最低/中位/最高、复录比,https://stat.ecnu.edu.cn/76/4a/c9708a751178/page.htm,1,官方首批60名推荐拟录取；后续补录2人由卡方最新专辑与小程序当前62人名单双重闭环。最终最低392、中位407、最高439；72人复试。,来源台账,43
中国地大（北京）2026拟录取名单,官方,拟录取人数、初试最低/中位/最高,https://bm.cugb.edu.cn/yjsyzsb/upload/resources/file/2026/04/10/302702.pdf,1,普通全日制非定向12人；排除非全、单考和专项后最低380、中位400、最高430。,来源台账,44
华东师大统计学院2027考试变化预公告,官方学院,最新432参考教材与范围变化,https://stat.ecnu.edu.cn/c2/dd/c9708a770781/page.htm,1,指定茆诗松等第4版、贾俊平等第9版；最终以2027招生简章/目录为准。,来源台账,45
吉林大学2026应用统计结果名单,主流应统机构名单图,拟录取人数、初试最低/中位/最高、复录比,https://jiuxianzai.oss-cn-beijing.aliyuncs.com/kaoyan/2026/05/14/bb2e4ecdadfe486db188cb4f994d1467.png,1,绿色明确标记未拟录取；与12复试/9录取及最低390闭合，中位403。,来源台账,46
卡方训练营26录取名单专辑,主流应统机构,2026拟录取最低线与人数交叉验证,https://mp.weixin.qq.com/mp/appmsgalbum?action=getalbum&__biz=MzIxNTM0MjQ3OA==&album_id=4440486531434364928,1,公开专辑101篇；80条与小程序2026最低线精确匹配，覆盖75所表内学校；明确补录更新1条。,来源台账,47
统计战线小程序2026名单图人工下滑复核,主流应统机构名单图,2026拟录取最低/中位/最高、普通计划复录比,https://admin.jiuxianzai.cn/api/applet/home/index/school,1,逐页下滑并放大核对绿色未录取标记，再与卡方录取专辑人数闭合；本轮新增9校2026中位数。专项计划单列并从普通计划分布/复录比中剔除；无法闭合者不写。,来源台账,48
卡方训练营26录取名单正文逐页深读,主流应统机构,学校概况、复试内容、参考书、名单图、成绩分布,https://mp.weixin.qq.com/mp/appmsgalbum?action=getalbum&__biz=MzIxNTM0MjQ3OA==&album_id=4440486531434364928,1,微信内置浏览器已登录可见页面低频逐篇下滑；本轮重点闭合武汉大学、中南财经政法大学、中南大学、北京师范大学、云南大学2026拟录取分布，并补强3校复试细节。未抓登录态、未批量请求公众号接口。,来源台账,49
卡方训练营《27最新版：高校应统考研的五大门派》,主流应用统计考研机构,五大门派分类、经验教材、茆书星级要求,https://mp.weixin.qq.com/s/YscsWES7OVZe_hi4wCtykA,1,2026-08-14在微信内置浏览器逐段下滑并读取五张名单长图；78个主表学校获得分类，3所未出现学校保持白色。华北电力北京/保定分属贾茆/贾茆Pro，合并行按较高阶Pro着色并同时保留两校区教材。机构经验教材作为交叉验证线索追加，不覆盖官方信息。,来源台账,50
院校坐标：OpenStreetMap Nominatim,第三方坐标，待人工复核,院校培养校区经纬度、匹配名称、精度状态,https://nominatim.org/release-docs/latest/api/Search/,1,一次性限速查询并本地缓存；网页运行时不调用地理编码服务。,补充坐标台账,
武汉理工大学马房山校区坐标：高德地图公开地点页,地图平台公开地点页，待人工复核,武汉理工大学马房山校区坐标,https://ditu.amap.com/place/B001B0IYJV,1,使用公开地点页显示的校区西院东门坐标。,补充坐标台账,
院校至办公集聚区实时公交规划：高德地图URI API,官方地图平台接口；静态候选线路待人工复核,实时公交规划链接、候选地铁/公交线路,https://lbs.amap.com/api/uri-api/guide/travel/route,1,静态线路只作候选提示；点击链接后由高德按当前路网重新规划。,补充通勤台账,
上海交通大学2025统考分专业计划,官方,报名时普通统考名额,https://yzb.sjtu.edu.cn/storage/gs/web/yzbcn/article/2024/10/cd6251314a81eb2a29f7645907d10b1b.pdf,1,2024-10-15发布与正式报名首日同日；仅进入registration_window敏感性分析,补充名额台账,51
上海交通大学2026统考分专业计划,官方,报名时普通统考名额,https://yzb.sjtu.edu.cn/post/3334,1,2025-10-15发布；页面注明仅供统考报名参考；025200统考43人,补充名额台账,52
中南财经政法大学2025硕士招生章程及附件5,官方,总计划、推免、普通统考名额,https://yzb.zuel.edu.cn/2024/1008/c4643a373831/page.htm,1,2024-10-08发布；025200全日制非专项总计划122、推免32、统考90,补充名额台账,53
中南财经政法大学2026硕士招生章程及附件5,官方,总计划、推免、普通统考名额,https://yzb.zuel.edu.cn/2025/0930/c4640a407019/page.htm,1,2025-09-30发布；025200全日制非专项总计划177、推免75、统考102,补充名额台账,54
重庆大学2025硕士招生章程及专业目录,官方,总计划、推免、普通统考名额,https://yz.chsi.com.cn/kyzx/zsjz/202410/20241009/2293341219.html,1,2024-10-09发布；025200普通计划68、公招34、推免34,补充名额台账,55
重庆大学2026硕士招生简章及专业目录,官方,总计划、推免、普通统考名额,https://yz.cqu.edu.cn/news/2025-09/2409.html,1,2025-09-17发布；025200普通计划76、公招38、推免38,补充名额台账,56
河北工业大学2027硕士招生专业目录,官方,报名时普通统考名额,https://yjs.hebut.edu.cn/zsgz/ssyjszszl/zsmly/5493ba2da4a04a069b53f3cfab45d243.htm,1,2026-10-02发布；全日制025200统考17、推免5；非全日制另列,补充名额台账,57
