source_name,declared_level,covered_fields,source_url,source_index_in_cell,source_count_in_cell,source_domain,source_type,authority_grade,authority_rank,notes,workbook_sha256,source_sheet,source_cell,source_row
教育部211名单,官方,院校范围,https://www.moe.gov.cn/srcsite/A22/s7065/200512/t20051223_82762.html,1,1,www.moe.gov.cn,government_official,primary_official,1,传统211名单口径,7104049cab26bbfe9db59035e71aa0d9e4430873cacc7b319742a370a6244865,来源台账,D5,5
研招网2026硕士目录,官方,2026开设状态、学院、初试科目,https://yzst.chsi.com.cn/zsml/,1,1,yzst.chsi.com.cn,government_official,primary_official,1,本表最新科目首要来源,7104049cab26bbfe9db59035e71aa0d9e4430873cacc7b319742a370a6244865,来源台账,D6,6
教育部2026国家线,官方,国家线底线,https://www.moe.gov.cn/jyb_xwfb/gzdt_gzdt/s5987/202602/W020260228373276320816.pdf,1,1,www.moe.gov.cn,government_official,primary_official,1,不得替代学院实际线,7104049cab26bbfe9db59035e71aa0d9e4430873cacc7b319742a370a6244865,来源台账,D7,7
研招网2023复试线专题,官方汇总,2023自主划线学校,https://yz.chsi.com.cn/kyzx/zt/lnfsx2023.shtml,1,1,yz.chsi.com.cn,government_official,primary_official,1,图像OCR后人工摘录重点学校,7104049cab26bbfe9db59035e71aa0d9e4430873cacc7b319742a370a6244865,来源台账,D8,8
希赛2022应用统计复试线,机构,2022分数线,https://www.educity.cn/kyyy/5009654.html,1,1,www.educity.cn,web_page,unclassified_web,4,二次来源；已在单元格标注,7104049cab26bbfe9db59035e71aa0d9e4430873cacc7b319742a370a6244865,来源台账,D9,9
路灯考研分数线库,机构,2024-2026分数线补齐,https://www.ludengkaoyan.com/major3/fsx/,1,1,www.ludengkaoyan.com,web_page,unclassified_web,4,常含校级/国家线底线，需官网逐项复核,7104049cab26bbfe9db59035e71aa0d9e4430873cacc7b319742a370a6244865,来源台账,D10,10
希赛2023学制学费,机构,学制学费基线,https://www.educity.cn/kyyy/5005546.html,1,1,www.educity.cn,web_page,unclassified_web,4,仅作2023基线；新官方值已覆盖,7104049cab26bbfe9db59035e71aa0d9e4430873cacc7b319742a370a6244865,来源台账,D11,11
卡方训练营432定向班相册,机构,教材/课程结构交叉验证,https://mp.weixin.qq.com/mp/appmsgalbum?action=getalbum&__biz=MzIxNTM0MjQ3OA==&scene=1&album_id=4165954014905073674&count=3#wechat_redirect,1,1,mp.weixin.qq.com,wechat_article,secondary_article,3,共55篇，南昌大学重复1篇；仅使用432定向班,7104049cab26bbfe9db59035e71aa0d9e4430873cacc7b319742a370a6244865,来源台账,D12,12
清华2026复试细则,官方学院,2026线、复试形式,https://www.math.tsinghua.edu.cn/qinghuadaxue2026nianshuxuekexuexi2026nianshuoshitongzhaoshengfushiluqushishixize.pdf,1,1,www.math.tsinghua.edu.cn,university_official,primary_official,1,,7104049cab26bbfe9db59035e71aa0d9e4430873cacc7b319742a370a6244865,来源台账,D13,13
清华2022-2026拟录取名单,官方学院,五年拟录取初试分布,https://www.math.tsinghua.edu.cn/zsjy.htm,1,1,www.math.tsinghua.edu.cn,university_official,primary_official,1,逐年链接见录取明细,7104049cab26bbfe9db59035e71aa0d9e4430873cacc7b319742a370a6244865,来源台账,D14,14
南京大学2026复试与拟录取,官方学院,2026线、名单、复录比,https://math.nju.edu.cn/zs/sszs/20260402/i371514.html,1,1,math.nju.edu.cn,university_official,primary_official,1,,7104049cab26bbfe9db59035e71aa0d9e4430873cacc7b319742a370a6244865,来源台账,D15,15
南京大学2025参考书,官方学院,初试/复试教材,https://math.nju.edu.cn/DFS/file/2024/10/23/202410231005570921nldll.pdf,1,1,math.nju.edu.cn,university_official,primary_official,1,2026报考前复核是否更新,7104049cab26bbfe9db59035e71aa0d9e4430873cacc7b319742a370a6244865,来源台账,D16,16
人大统计学院2025复试线,官方学院,2025线,https://stat.ruc.edu.cn/tzgg/44b0a2b212b9477494645db69c1efd8f.htm,1,1,stat.ruc.edu.cn,university_official,primary_official,1,,7104049cab26bbfe9db59035e71aa0d9e4430873cacc7b319742a370a6244865,来源台账,D17,17
人大统计学院2025复试方案,官方学院,复录比例、计划,https://stat.ruc.edu.cn/tzgg/8fb8c0c652e04a7c9e6c30b4adb218f6.htm,1,1,stat.ruc.edu.cn,university_official,primary_official,1,129%，统考计划28,7104049cab26bbfe9db59035e71aa0d9e4430873cacc7b319742a370a6244865,来源台账,D18,18
人大统计学院2026招生简章,官方学院,学制学费,https://stat.ruc.edu.cn/docs/2025-10/75cc7eade489405e8f7c2a2aee9638cf.pdf,1,1,stat.ruc.edu.cn,university_official,primary_official,1,2年，2.5万元/年,7104049cab26bbfe9db59035e71aa0d9e4430873cacc7b319742a370a6244865,来源台账,D19,19
重庆大学2025拟录取名单,官方,拟录取分布,https://yz.cqu.edu.cn/upload/202505/9adafabf.pdf,1,1,yz.cqu.edu.cn,university_official,primary_official,1,52名普通全日制025200,7104049cab26bbfe9db59035e71aa0d9e4430873cacc7b319742a370a6244865,来源台账,D20,20
中南财经政法大学2025拟录取名单,官方学院,拟录取分布,https://tsxy.zuel.edu.cn/_upload/article/files/15/fa/e5c1c0e24e4190959c6705735842/2b97dccb-1810-4a22-befa-d8a3bced99b9.pdf,1,1,tsxy.zuel.edu.cn,university_official,primary_official,1,178名非专项全日制拟录取,7104049cab26bbfe9db59035e71aa0d9e4430873cacc7b319742a370a6244865,来源台账,D21,21
就现在考研-上海财经,机构,参考书与复试形式交叉验证,https://www.sjds.net/a/462113.html,1,1,www.sjds.net,web_page,unclassified_web,4,明确为非官方经验书单,7104049cab26bbfe9db59035e71aa0d9e4430873cacc7b319742a370a6244865,来源台账,D22,22
就现在考研-华中科技,机构,参考书与复试形式交叉验证,https://www.sjds.net/a/462173.html,1,1,www.sjds.net,web_page,unclassified_web,4,,7104049cab26bbfe9db59035e71aa0d9e4430873cacc7b319742a370a6244865,来源台账,D23,23
就现在考研-厦门大学,机构,参考书与复试形式交叉验证,https://www.sjds.net/a/461938.html,1,1,www.sjds.net,web_page,unclassified_web,4,,7104049cab26bbfe9db59035e71aa0d9e4430873cacc7b319742a370a6244865,来源台账,D24,24
就现在考研432历年真题索引,机构索引（仅线索）,逐校可检索年份线索,https://www.sjds.net/a/462580.html,1,1,www.sjds.net,web_page,unclassified_web,4,72/81校命中；未逐份展示原卷，不能用于题型判断或完整份数统计。,7104049cab26bbfe9db59035e71aa0d9e4430873cacc7b319742a370a6244865,来源台账,D25,25
中国海洋大学往年试题库,官方,2018/2019/2021年432原卷,https://yz.ouc.edu.cn/5924/list.htm,1,1,yz.ouc.edu.cn,university_official,primary_official,1,三份原卷已逐页核验。,7104049cab26bbfe9db59035e71aa0d9e4430873cacc7b319742a370a6244865,来源台账,D26,26
山东大学2015年432原题,官方学院,历年真题题型,https://qlyxjxgl.sdu.edu.cn/info/1003/1210.htm,1,1,qlyxjxgl.sdu.edu.cn,university_official,primary_official,1,官方提示以后题型可能变化。,7104049cab26bbfe9db59035e71aa0d9e4430873cacc7b319742a370a6244865,来源台账,D27,27
暨南大学2026年432考试大纲,官方,最新范围、题型、参考书,https://yz.jnu.edu.cn/2025/0728/c36355a841104/page.htm,1,1,yz.jnu.edu.cn,university_official,primary_official,1,简答60、计算90。,7104049cab26bbfe9db59035e71aa0d9e4430873cacc7b319742a370a6244865,来源台账,D28,28
中国科大2026年432考试大纲,官方,最新范围、题型、参考书,https://yz.ustc.edu.cn/static/upload/article/ueditor/e46ee8c77b754548b9f1eadaa3278b21.pdf,1,1,yz.ustc.edu.cn,university_official,primary_official,1,填空、选择、解答；不得使用计算器。,7104049cab26bbfe9db59035e71aa0d9e4430873cacc7b319742a370a6244865,来源台账,D29,29
河北工大2026年432考试大纲,官方,最新范围、题型、参考书,https://yjs.hebut.edu.cn/docs/2025-09/1b4436ded93548a48e17c73f389b0301.pdf,1,1,yjs.hebut.edu.cn,university_official,primary_official,1,以计算题和证明题为主。,7104049cab26bbfe9db59035e71aa0d9e4430873cacc7b319742a370a6244865,来源台账,D30,30
中国科大2026复试与拟录取名单,官方学院,复录比、拟录取最低分/中位数,https://som.ustc.edu.cn/2026/0402/c36754a725336/page.htm,1,1,som.ustc.edu.cn,university_official,primary_official,1,17人复试、12人拟录取；最低392、中位403.5。,7104049cab26bbfe9db59035e71aa0d9e4430873cacc7b319742a370a6244865,来源台账,D31,31
湖南大学金融与统计学院2026复试细则,官方学院,复试线、复试形式、计划,https://jt.hnu.edu.cn/info/1089/8977.htm,1,1,jt.hnu.edu.cn,university_official,primary_official,1,025200非全日制340分、计划22，仅综合面试。,7104049cab26bbfe9db59035e71aa0d9e4430873cacc7b319742a370a6244865,来源台账,D32,32
合肥工业大学2026复试线,官方,复试线、学习方式,https://yjszs.hfut.edu.cn/2026/0320/c13533a317912/pagem.htm,1,1,yjszs.hfut.edu.cn,university_official,primary_official,1,025200非全日制332分；数学学院计划差额比例120%。,7104049cab26bbfe9db59035e71aa0d9e4430873cacc7b319742a370a6244865,来源台账,D33,33
合肥工业大学2026招生简章,官方,学费,https://yjszs.hfut.edu.cn/2025/0928/c13526a315413/pagem.htm,1,1,yjszs.hfut.edu.cn,university_official,primary_official,1,非全日制应用统计5.1万元/全程。,7104049cab26bbfe9db59035e71aa0d9e4430873cacc7b319742a370a6244865,来源台账,D34,34
复旦大学2027年432考试大纲,官方学院,最新范围、题型、指定教材,https://scms.fudan.edu.cn/info/1047/12891.htm,1,1,scms.fudan.edu.cn,university_official,primary_official,1,单选50、简答40、计算与分析60；指定2025/2026新版教材。,7104049cab26bbfe9db59035e71aa0d9e4430873cacc7b319742a370a6244865,来源台账,D35,35
复旦大学2026专业—院系对照表与学校线,官方,培养单位、2026复试线,https://gsao.fudan.edu.cn/72/7e/c15015a750206/page.htm,1,2,gsao.fudan.edu.cn,university_official,primary_official,1,官方确认0252四个培养单位；学校基本线380。,7104049cab26bbfe9db59035e71aa0d9e4430873cacc7b319742a370a6244865,来源台账,D36,36
复旦大学2026专业—院系对照表与学校线,官方,培养单位、2026复试线,https://gsao.fudan.edu.cn/_upload/article/files/18/fc/7a23e1c8471c8cf6eab8c0459cb0/d2f601bf-0bfd-4275-ab86-535e691b9f49.pdf,2,2,gsao.fudan.edu.cn,university_official,primary_official,1,官方确认0252四个培养单位；学校基本线380。,7104049cab26bbfe9db59035e71aa0d9e4430873cacc7b319742a370a6244865,来源台账,D36,36
复旦数学科学学院2026复试,官方学院,复试形式、复试人数,https://math.fudan.edu.cn/ca/b0/c33035a772784/page.htm,1,2,math.fudan.edu.cn,university_official,primary_official,1,025200计划22；名单22人，普通考生现场面试。,7104049cab26bbfe9db59035e71aa0d9e4430873cacc7b319742a370a6244865,来源台账,D37,37
复旦数学科学学院2026复试,官方学院,复试形式、复试人数,https://math.fudan.edu.cn/ca/cc/c30374a772812/page.htm,2,2,math.fudan.edu.cn,university_official,primary_official,1,025200计划22；名单22人，普通考生现场面试。,7104049cab26bbfe9db59035e71aa0d9e4430873cacc7b319742a370a6244865,来源台账,D37,37
复旦上海数学中心2026复试,官方学院,复试形式、复试人数,https://scms.fudan.edu.cn/info/1047/12011.htm,1,2,scms.fudan.edu.cn,university_official,primary_official,1,025200计划8；名单8人，普通考生现场面试。,7104049cab26bbfe9db59035e71aa0d9e4430873cacc7b319742a370a6244865,来源台账,D38,38
复旦上海数学中心2026复试,官方学院,复试形式、复试人数,https://scms.fudan.edu.cn/info/1047/12031.htm,2,2,scms.fudan.edu.cn,university_official,primary_official,1,025200计划8；名单8人，普通考生现场面试。,7104049cab26bbfe9db59035e71aa0d9e4430873cacc7b319742a370a6244865,来源台账,D38,38
复旦大数据学院2026复试,官方学院,复试形式、复试人数,https://sds.fudan.edu.cn/_t2392/ca/b3/c17433a772787/page.htm,1,2,sds.fudan.edu.cn,university_official,primary_official,1,官方名单同时含071400与025200；按最终名单考号分组闭合，025200为92人。,7104049cab26bbfe9db59035e71aa0d9e4430873cacc7b319742a370a6244865,来源台账,D39,39
复旦大数据学院2026复试,官方学院,复试形式、复试人数,https://sds.fudan.edu.cn/ca/bd/c17701a772797/page.htm,2,2,sds.fudan.edu.cn,university_official,primary_official,1,官方名单同时含071400与025200；按最终名单考号分组闭合，025200为92人。,7104049cab26bbfe9db59035e71aa0d9e4430873cacc7b319742a370a6244865,来源台账,D39,39
复旦上海数学与交叉学科研究院2026复试,官方培养单位,复试形式、复试人数,https://www.simis.cn/2026%E5%B9%B4%E7%A1%95%E5%A3%AB%E7%A0%94%E7%A9%B6%E7%94%9F%E5%A4%8D%E8%AF%95%E7%BB%86%E5%88%99/,1,2,www.simis.cn,web_page,unclassified_web,4,025200计划30；36人复试，现场面试。,7104049cab26bbfe9db59035e71aa0d9e4430873cacc7b319742a370a6244865,来源台账,D40,40
复旦上海数学与交叉学科研究院2026复试,官方培养单位,复试形式、复试人数,https://www.simis.cn/2026%E5%B9%B4%E7%A1%95%E5%A3%AB%E7%A0%94%E7%A9%B6%E5%A4%8D%E8%AF%95%E5%90%8D%E5%8D%95/,2,2,www.simis.cn,web_page,unclassified_web,4,025200计划30；36人复试，现场面试。,7104049cab26bbfe9db59035e71aa0d9e4430873cacc7b319742a370a6244865,来源台账,D40,40
复旦大学2026拟录取总名单,官方,拟录取人数、初试最低/中位/最高、实际复录比,https://gsao.fudan.edu.cn/e6/ec/c15906a780012/page.htm,1,1,gsao.fudan.edu.cn,university_official,primary_official,1,与四单位复试名单按考号闭合：025200共148人，初试最低380、中位412、最高451。,7104049cab26bbfe9db59035e71aa0d9e4430873cacc7b319742a370a6244865,来源台账,D41,41
就现在考研小程序院校模块（统计战线）,主流应统机构,学制学费、初复试科目、参考书、复试线、最低录取线、复试/录取人数、结果名单,https://admin.jiuxianzai.cn/api/applet/home/index/school,1,1,admin.jiuxianzai.cn,mini_program_api,secondary_structured,2,2026-08-14只读读取；80/81校、108个培养单位；详情接口逐条留在年度备注。,7104049cab26bbfe9db59035e71aa0d9e4430873cacc7b319742a370a6244865,来源台账,D42,42
华东师大统计学院2026复试成绩,官方学院,拟录取人数、初试最低/中位/最高、复录比,https://stat.ecnu.edu.cn/76/4a/c9708a751178/page.htm,1,1,stat.ecnu.edu.cn,university_official,primary_official,1,官方首批60名推荐拟录取；后续补录2人由卡方最新专辑与小程序当前62人名单双重闭环。最终最低392、中位407、最高439；72人复试。,7104049cab26bbfe9db59035e71aa0d9e4430873cacc7b319742a370a6244865,来源台账,D43,43
中国地大（北京）2026拟录取名单,官方,拟录取人数、初试最低/中位/最高,https://bm.cugb.edu.cn/yjsyzsb/upload/resources/file/2026/04/10/302702.pdf,1,1,bm.cugb.edu.cn,university_official,primary_official,1,普通全日制非定向12人；排除非全、单考和专项后最低380、中位400、最高430。,7104049cab26bbfe9db59035e71aa0d9e4430873cacc7b319742a370a6244865,来源台账,D44,44
华东师大统计学院2027考试变化预公告,官方学院,最新432参考教材与范围变化,https://stat.ecnu.edu.cn/c2/dd/c9708a770781/page.htm,1,1,stat.ecnu.edu.cn,university_official,primary_official,1,指定茆诗松等第4版、贾俊平等第9版；最终以2027招生简章/目录为准。,7104049cab26bbfe9db59035e71aa0d9e4430873cacc7b319742a370a6244865,来源台账,D45,45
吉林大学2026应用统计结果名单,主流应统机构名单图,拟录取人数、初试最低/中位/最高、复录比,https://jiuxianzai.oss-cn-beijing.aliyuncs.com/kaoyan/2026/05/14/bb2e4ecdadfe486db188cb4f994d1467.png,1,1,jiuxianzai.oss-cn-beijing.aliyuncs.com,mini_program_asset,secondary_snapshot,2,绿色明确标记未拟录取；与12复试/9录取及最低390闭合，中位403。,7104049cab26bbfe9db59035e71aa0d9e4430873cacc7b319742a370a6244865,来源台账,D46,46
卡方训练营26录取名单专辑,主流应统机构,2026拟录取最低线与人数交叉验证,https://mp.weixin.qq.com/mp/appmsgalbum?action=getalbum&__biz=MzIxNTM0MjQ3OA==&album_id=4440486531434364928,1,1,mp.weixin.qq.com,wechat_article,secondary_article,3,公开专辑101篇；80条与小程序2026最低线精确匹配，覆盖75所表内学校；明确补录更新1条。,7104049cab26bbfe9db59035e71aa0d9e4430873cacc7b319742a370a6244865,来源台账,D47,47
统计战线小程序2026名单图人工下滑复核,主流应统机构名单图,2026拟录取最低/中位/最高、普通计划复录比,https://admin.jiuxianzai.cn/api/applet/home/index/school,1,1,admin.jiuxianzai.cn,mini_program_api,secondary_structured,2,逐页下滑并放大核对绿色未录取标记，再与卡方录取专辑人数闭合；本轮新增9校2026中位数。专项计划单列并从普通计划分布/复录比中剔除；无法闭合者不写。,7104049cab26bbfe9db59035e71aa0d9e4430873cacc7b319742a370a6244865,来源台账,D48,48
卡方训练营26录取名单正文逐页深读,主流应统机构,学校概况、复试内容、参考书、名单图、成绩分布,https://mp.weixin.qq.com/mp/appmsgalbum?action=getalbum&__biz=MzIxNTM0MjQ3OA==&album_id=4440486531434364928,1,1,mp.weixin.qq.com,wechat_article,secondary_article,3,微信内置浏览器已登录可见页面低频逐篇下滑；本轮重点闭合武汉大学、中南财经政法大学、中南大学、北京师范大学、云南大学2026拟录取分布，并补强3校复试细节。未抓登录态、未批量请求公众号接口。,7104049cab26bbfe9db59035e71aa0d9e4430873cacc7b319742a370a6244865,来源台账,D49,49
卡方训练营《27最新版：高校应统考研的五大门派》,主流应用统计考研机构,五大门派分类、经验教材、茆书星级要求,https://mp.weixin.qq.com/s/YscsWES7OVZe_hi4wCtykA,1,1,mp.weixin.qq.com,wechat_article,secondary_article,3,2026-08-14在微信内置浏览器逐段下滑并读取五张名单长图；78个主表学校获得分类，3所未出现学校保持白色。华北电力北京/保定分属贾茆/贾茆Pro，合并行按较高阶Pro着色并同时保留两校区教材。机构经验教材作为交叉验证线索追加，不覆盖官方信息。,7104049cab26bbfe9db59035e71aa0d9e4430873cacc7b319742a370a6244865,来源台账,D50,50
