strategy,rows,effective_rows,mae,median_absolute_error,asymmetric_loss_3x,underprediction_rate,wis,approx_crps,q05_coverage,q05_pinball,q10_coverage,q10_pinball,q20_coverage,q20_pinball,q50_coverage,q50_pinball,q80_coverage,q80_pinball,q90_coverage,q90_pinball,q95_coverage,q95_pinball,width_80,width_90,upper_width_90,upper_width_90_sd,upper_width_90_cv,q90_calibration_error,wis_non_worse,calibration_closer,promotion_eligible
raw,155,141.44801415396563,18.56345460322504,16.50999999999999,34.545546270553665,0.4908412105806657,9.97500312971642,12.882111960441659,0.21056477877512111,3.5596765668440713,0.27900548097545474,5.267277829851459,0.35094129795853535,7.48290011915164,0.5091587894193343,9.28172730161252,0.7138771943760427,6.468283294940027,0.7968067360393996,4.230854047184049,0.8512987528794982,2.597972078798952,35.675124473746926,45.85357502581619,17.67649837159425,3.469743670576498,0.196757215063953,0.10319326396060047,True,False,False
pooled_floor,155,141.44801415396563,18.56345460322504,16.50999999999999,34.545546270553665,0.4908412105806657,10.040056959726316,13.095645169775963,0.21056477877512111,3.5596765668440713,0.27900548097545474,5.267277829851459,0.35094129795853535,7.48290011915164,0.5091587894193343,9.28172730161252,0.7138771943760427,6.938882144911091,0.8123758837079992,4.402473453130492,0.8867265072682501,2.5889872478772458,39.621604026483126,51.74311084010623,21.622977924330446,4.059221554818705,0.18397918043233186,0.08762411629200084,False,True,False
recent_floor,155,141.44801415396563,18.56345460322504,16.50999999999999,34.545546270553665,0.4908412105806657,10.132825445768235,13.113015183063212,0.21056477877512111,3.5596765668440713,0.27900548097545474,5.267277829851459,0.35094129795853535,7.48290011915164,0.5091587894193343,9.28172730161252,0.7138771943760427,6.938882144911089,0.8123758837079992,4.460212978450578,0.8668679005480976,2.7631689376619626,39.454010473996604,50.80939877071481,21.45538437184394,4.211042919223706,0.1921208564271136,0.08762411629200084,False,True,False
worst_origin_floor,155,141.44801415396563,18.56345460322504,16.50999999999999,34.545546270553665,0.4908412105806657,9.633191644097797,12.699995822245574,0.21056477877512111,3.5596765668440713,0.27900548097545474,5.267277829851459,0.35094129795853535,7.48290011915164,0.5091587894193343,9.28172730161252,0.7890221622050999,6.2345624472936345,0.8975295893240132,3.7718404128320624,0.958058622607038,2.202456999104384,43.58202765777065,56.19943264677873,25.58340155561797,1.2914947351765822,0.05045309227018491,0.002470410675986856,True,True,True
pooled_tail,155,141.44801415396563,18.56345460322504,16.50999999999999,34.545546270553665,0.4908412105806657,10.0145829344434,12.891323112255236,0.21056477877512111,3.5596765668440713,0.27900548097545474,5.267277829851459,0.35094129795853535,7.48290011915164,0.5091587894193343,9.28172730161252,0.7138771943760427,6.468283294940027,0.7968067360393996,4.273490809411122,0.859083326713798,2.6542848283893328,36.33161836678117,48.60893497406599,18.332992264628498,3.488212857903568,0.18979898444838972,0.10319326396060047,False,False,False
recent_tail,155,141.44801415396563,18.56345460322504,16.50999999999999,34.545546270553665,0.4908412105806657,10.014582934443403,12.891323112255236,0.21056477877512111,3.5596765668440713,0.27900548097545474,5.267277829851459,0.35094129795853535,7.48290011915164,0.5091587894193343,9.28172730161252,0.7138771943760427,6.468283294940027,0.7968067360393996,4.273490809411122,0.859083326713798,2.6542848283893354,36.33161836678117,48.60893497406607,18.332992264628498,3.488212857903568,0.18979898444838972,0.10319326396060047,False,False,False
worst_origin_tail,155,141.44801415396563,18.56345460322504,16.50999999999999,34.545546270553665,0.4908412105806657,9.754983313824042,12.839658686141147,0.21056477877512111,3.5596765668440713,0.27900548097545474,5.267277829851459,0.35094129795853535,7.48290011915164,0.5091587894193343,9.28172730161252,0.7138771943760427,6.468283294940027,0.8045913098736995,4.081346074044428,0.919135753435539,2.1974305122076228,37.15321611795198,52.057249666964694,19.1545900157993,3.469743670576498,0.18154091200475606,0.09540869012630049,True,True,True
scaled_pooled_floor,155,141.44801415396563,18.56345460322504,16.50999999999999,34.545546270553665,0.4908412105806657,9.980917743424348,13.100856525659404,0.21056477877512111,3.5596765668440713,0.27900548097545474,5.267277829851459,0.35094129795853535,7.48290011915164,0.5091587894193343,9.28172730161252,0.7138771943760427,6.983051150256129,0.8357296052108986,4.351835010962215,0.8975295893240132,2.4917776492906007,42.23744835959204,52.94630470470746,24.238822257439363,6.142907202070216,0.249341628849664,0.06427039478910146,False,True,False
scaled_worst_origin_floor,155,141.44801415396563,18.56345460322504,16.50999999999999,34.545546270553665,0.4908412105806657,9.6976347798464,12.741530965929545,0.21056477877512111,3.5596765668440713,0.27900548097545474,5.267277829851459,0.35094129795853535,7.48290011915164,0.5091587894193343,9.28172730161252,0.8512987528794982,6.279816108595645,0.9208833108269125,3.925623284777974,0.958058622607038,2.2097819665299734,47.34635226747192,58.171346324072005,29.347726165319244,6.278170298074515,0.2145677408868938,0.020883310826912527,True,True,True
