school,office_hub,office_hub_latitude,office_hub_longitude,office_hub_definition,office_hub_review_status,transit_mode,transit_lines,transit_summary,transit_review_status,live_route_url,route_source
南京大学,南京新街口商务区,32.0415,118.7789,代表性公司办公集聚节点；不等同于就业机会排名,研究用节点，待人工复核,地铁为主,地铁2号线,仙林大学城方向至新街口，候选为2号线直达,候选线路，待按报名年份逐段复核,https://uri.amap.com/navigation?from=118.9509277%2C32.119739%2C%E5%8D%97%E4%BA%AC%E5%A4%A7%E5%AD%A6&to=118.7789%2C32.0415%2C%E5%8D%97%E4%BA%AC%E6%96%B0%E8%A1%97%E5%8F%A3%E5%95%86%E5%8A%A1%E5%8C%BA&mode=bus&policy=0&src=applied-stat-risk-lab&callnative=0,高德地图URI API实时公交规划
华东师范大学,上海陆家嘴金融城,31.2354,121.5055,代表性公司办公集聚节点；不等同于就业机会排名,研究用节点，待人工复核,地铁为主,地铁15号线→2号线,闵行校区至陆家嘴的候选换乘,候选线路，待按报名年份逐段复核,https://uri.amap.com/navigation?from=121.4473662%2C31.032131%2C%E5%8D%8E%E4%B8%9C%E5%B8%88%E8%8C%83%E5%A4%A7%E5%AD%A6&to=121.5055%2C31.2354%2C%E4%B8%8A%E6%B5%B7%E9%99%86%E5%AE%B6%E5%98%B4%E9%87%91%E8%9E%8D%E5%9F%8E&mode=bus&policy=0&src=applied-stat-risk-lab&callnative=0,高德地图URI API实时公交规划
上海交通大学,上海陆家嘴金融城,31.2354,121.5055,代表性公司办公集聚节点；不等同于就业机会排名,研究用节点，待人工复核,地铁为主,地铁15号线→2号线,闵行校区至陆家嘴的候选换乘,候选线路，待按报名年份逐段复核,https://uri.amap.com/navigation?from=121.4323084%2C31.0275548%2C%E4%B8%8A%E6%B5%B7%E4%BA%A4%E9%80%9A%E5%A4%A7%E5%AD%A6&to=121.5055%2C31.2354%2C%E4%B8%8A%E6%B5%B7%E9%99%86%E5%AE%B6%E5%98%B4%E9%87%91%E8%9E%8D%E5%9F%8E&mode=bus&policy=0&src=applied-stat-risk-lab&callnative=0,高德地图URI API实时公交规划
中国科学技术大学,合肥政务文化新区,31.8179,117.228,代表性公司办公集聚节点；不等同于就业机会排名,研究用节点，待人工复核,地铁为主,地铁5号线→4号线,东校区至政务区的候选换乘,候选线路，待按报名年份逐段复核,https://uri.amap.com/navigation?from=117.2642075%2C31.839072%2C%E4%B8%AD%E5%9B%BD%E7%A7%91%E5%AD%A6%E6%8A%80%E6%9C%AF%E5%A4%A7%E5%AD%A6&to=117.228%2C31.8179%2C%E5%90%88%E8%82%A5%E6%94%BF%E5%8A%A1%E6%96%87%E5%8C%96%E6%96%B0%E5%8C%BA&mode=bus&policy=0&src=applied-stat-risk-lab&callnative=0,高德地图URI API实时公交规划
四川大学,成都天府金融城,30.5743,104.0668,代表性公司办公集聚节点；不等同于就业机会排名,研究用节点，待人工复核,地铁为主,地铁8号线→1号线,望江校区至金融城的候选换乘,候选线路，待按报名年份逐段复核,https://uri.amap.com/navigation?from=104.0815556%2C30.6335392%2C%E5%9B%9B%E5%B7%9D%E5%A4%A7%E5%AD%A6&to=104.0668%2C30.5743%2C%E6%88%90%E9%83%BD%E5%A4%A9%E5%BA%9C%E9%87%91%E8%9E%8D%E5%9F%8E&mode=bus&policy=0&src=applied-stat-risk-lab&callnative=0,高德地图URI API实时公交规划
复旦大学,上海陆家嘴金融城,31.2354,121.5055,代表性公司办公集聚节点；不等同于就业机会排名,研究用节点，待人工复核,地铁为主,地铁18号线→14号线,邯郸校区至陆家嘴的候选换乘,候选线路，待按报名年份逐段复核,https://uri.amap.com/navigation?from=121.4974703%2C31.3011748%2C%E5%A4%8D%E6%97%A6%E5%A4%A7%E5%AD%A6&to=121.5055%2C31.2354%2C%E4%B8%8A%E6%B5%B7%E9%99%86%E5%AE%B6%E5%98%B4%E9%87%91%E8%9E%8D%E5%9F%8E&mode=bus&policy=0&src=applied-stat-risk-lab&callnative=0,高德地图URI API实时公交规划
东南大学,南京新街口商务区,32.0415,118.7789,代表性公司办公集聚节点；不等同于就业机会排名,研究用节点，待人工复核,地铁为主,地铁3号线→2号线,九龙湖校区至新街口的候选换乘,候选线路，待按报名年份逐段复核,https://uri.amap.com/navigation?from=118.815607%2C31.8891787%2C%E4%B8%9C%E5%8D%97%E5%A4%A7%E5%AD%A6&to=118.7789%2C32.0415%2C%E5%8D%97%E4%BA%AC%E6%96%B0%E8%A1%97%E5%8F%A3%E5%95%86%E5%8A%A1%E5%8C%BA&mode=bus&policy=0&src=applied-stat-risk-lab&callnative=0,高德地图URI API实时公交规划
清华大学,北京中关村科技商务区,39.983,116.316,代表性公司办公集聚节点；不等同于就业机会排名,研究用节点，待人工复核,地铁为主,地铁4号线,清华园至中关村的候选线路,候选线路，待按报名年份逐段复核,https://uri.amap.com/navigation?from=116.3237942%2C39.9980752%2C%E6%B8%85%E5%8D%8E%E5%A4%A7%E5%AD%A6&to=116.316%2C39.983%2C%E5%8C%97%E4%BA%AC%E4%B8%AD%E5%85%B3%E6%9D%91%E7%A7%91%E6%8A%80%E5%95%86%E5%8A%A1%E5%8C%BA&mode=bus&policy=0&src=applied-stat-risk-lab&callnative=0,高德地图URI API实时公交规划
华中科技大学,武汉光谷中心城,30.506,114.414,代表性公司办公集聚节点；不等同于就业机会排名,研究用节点，待人工复核,地铁为主,地铁2号线,主校区至光谷中心城方向,候选线路，待按报名年份逐段复核,https://uri.amap.com/navigation?from=114.4118463%2C30.5202172%2C%E5%8D%8E%E4%B8%AD%E7%A7%91%E6%8A%80%E5%A4%A7%E5%AD%A6&to=114.414%2C30.506%2C%E6%AD%A6%E6%B1%89%E5%85%89%E8%B0%B7%E4%B8%AD%E5%BF%83%E5%9F%8E&mode=bus&policy=0&src=applied-stat-risk-lab&callnative=0,高德地图URI API实时公交规划
北京师范大学,珠海高新区唐家湾产业带,22.3674,113.576,代表性公司办公集聚节点；不等同于就业机会排名,研究用节点，待人工复核,公交为主,公交70路/72A路（候选）,珠海校区至唐家湾产业带；班次待复核,候选线路，待按报名年份逐段复核,https://uri.amap.com/navigation?from=113.5322245%2C22.3525551%2C%E5%8C%97%E4%BA%AC%E5%B8%88%E8%8C%83%E5%A4%A7%E5%AD%A6&to=113.576%2C22.3674%2C%E7%8F%A0%E6%B5%B7%E9%AB%98%E6%96%B0%E5%8C%BA%E5%94%90%E5%AE%B6%E6%B9%BE%E4%BA%A7%E4%B8%9A%E5%B8%A6&mode=bus&policy=0&src=applied-stat-risk-lab&callnative=0,高德地图URI API实时公交规划
吉林大学,长春人民广场商务区,43.8874,125.3235,代表性公司办公集聚节点；不等同于就业机会排名,研究用节点，待人工复核,轨道交通为主,轨道交通3号线→1号线,前卫南区至人民广场的候选换乘,候选线路，待按报名年份逐段复核,https://uri.amap.com/navigation?from=125.2711103%2C43.8206879%2C%E5%90%89%E6%9E%97%E5%A4%A7%E5%AD%A6&to=125.3235%2C43.8874%2C%E9%95%BF%E6%98%A5%E4%BA%BA%E6%B0%91%E5%B9%BF%E5%9C%BA%E5%95%86%E5%8A%A1%E5%8C%BA&mode=bus&policy=0&src=applied-stat-risk-lab&callnative=0,高德地图URI API实时公交规划
兰州大学,兰州东方红广场商务区,36.0542,103.844,代表性公司办公集聚节点；不等同于就业机会排名,研究用节点，待人工复核,地铁为主,地铁1号线,城关校区至东方红广场方向,候选线路，待按报名年份逐段复核,https://uri.amap.com/navigation?from=103.861184%2C36.046646%2C%E5%85%B0%E5%B7%9E%E5%A4%A7%E5%AD%A6&to=103.844%2C36.0542%2C%E5%85%B0%E5%B7%9E%E4%B8%9C%E6%96%B9%E7%BA%A2%E5%B9%BF%E5%9C%BA%E5%95%86%E5%8A%A1%E5%8C%BA&mode=bus&policy=0&src=applied-stat-risk-lab&callnative=0,高德地图URI API实时公交规划
西安交通大学,西安高新区科技路商务区,34.2308,108.893,代表性公司办公集聚节点；不等同于就业机会排名,研究用节点，待人工复核,地铁为主,地铁6号线,兴庆校区至高新区方向,候选线路，待按报名年份逐段复核,https://uri.amap.com/navigation?from=108.9789725%2C34.2476753%2C%E8%A5%BF%E5%AE%89%E4%BA%A4%E9%80%9A%E5%A4%A7%E5%AD%A6&to=108.893%2C34.2308%2C%E8%A5%BF%E5%AE%89%E9%AB%98%E6%96%B0%E5%8C%BA%E7%A7%91%E6%8A%80%E8%B7%AF%E5%95%86%E5%8A%A1%E5%8C%BA&mode=bus&policy=0&src=applied-stat-risk-lab&callnative=0,高德地图URI API实时公交规划
中南大学,长沙滨江金融中心,28.231,112.956,代表性公司办公集聚节点；不等同于就业机会排名,研究用节点，待人工复核,地铁为主,地铁4号线,校本部至滨江金融中心方向,候选线路，待按报名年份逐段复核,https://uri.amap.com/navigation?from=112.92852%2C28.1692907%2C%E4%B8%AD%E5%8D%97%E5%A4%A7%E5%AD%A6&to=112.956%2C28.231%2C%E9%95%BF%E6%B2%99%E6%BB%A8%E6%B1%9F%E9%87%91%E8%9E%8D%E4%B8%AD%E5%BF%83&mode=bus&policy=0&src=applied-stat-risk-lab&callnative=0,高德地图URI API实时公交规划
重庆大学,重庆江北嘴金融城,29.5754,106.5743,代表性公司办公集聚节点；不等同于就业机会排名,研究用节点，待人工复核,地铁为主,轨道交通1号线→6号线,A区至江北嘴的候选换乘,候选线路，待按报名年份逐段复核,https://uri.amap.com/navigation?from=106.4596103%2C29.5699522%2C%E9%87%8D%E5%BA%86%E5%A4%A7%E5%AD%A6&to=106.5743%2C29.5754%2C%E9%87%8D%E5%BA%86%E6%B1%9F%E5%8C%97%E5%98%B4%E9%87%91%E8%9E%8D%E5%9F%8E&mode=bus&policy=0&src=applied-stat-risk-lab&callnative=0,高德地图URI API实时公交规划
西北工业大学,西安高新区科技路商务区,34.2308,108.893,代表性公司办公集聚节点；不等同于就业机会排名,研究用节点，待人工复核,地铁为主,地铁6号线,长安校区至高新区方向,候选线路，待按报名年份逐段复核,https://uri.amap.com/navigation?from=108.7598012%2C34.0296926%2C%E8%A5%BF%E5%8C%97%E5%B7%A5%E4%B8%9A%E5%A4%A7%E5%AD%A6&to=108.893%2C34.2308%2C%E8%A5%BF%E5%AE%89%E9%AB%98%E6%96%B0%E5%8C%BA%E7%A7%91%E6%8A%80%E8%B7%AF%E5%95%86%E5%8A%A1%E5%8C%BA&mode=bus&policy=0&src=applied-stat-risk-lab&callnative=0,高德地图URI API实时公交规划
大连理工大学,大连高新园区软件产业带,38.858,121.526,代表性公司办公集聚节点；不等同于就业机会排名,研究用节点，待人工复核,地铁为主,地铁1号线,凌水校区至高新园区方向,候选线路，待按报名年份逐段复核,https://uri.amap.com/navigation?from=121.52016%2C38.8812564%2C%E5%A4%A7%E8%BF%9E%E7%90%86%E5%B7%A5%E5%A4%A7%E5%AD%A6&to=121.526%2C38.858%2C%E5%A4%A7%E8%BF%9E%E9%AB%98%E6%96%B0%E5%9B%AD%E5%8C%BA%E8%BD%AF%E4%BB%B6%E4%BA%A7%E4%B8%9A%E5%B8%A6&mode=bus&policy=0&src=applied-stat-risk-lab&callnative=0,高德地图URI API实时公交规划
东北大学,沈阳青年大街金廊,41.775,123.431,代表性公司办公集聚节点；不等同于就业机会排名,研究用节点，待人工复核,地铁为主,地铁4号线→2号线,南湖校区至青年大街的候选换乘,候选线路，待按报名年份逐段复核,https://uri.amap.com/navigation?from=123.4117577%2C41.7634632%2C%E4%B8%9C%E5%8C%97%E5%A4%A7%E5%AD%A6&to=123.431%2C41.775%2C%E6%B2%88%E9%98%B3%E9%9D%92%E5%B9%B4%E5%A4%A7%E8%A1%97%E9%87%91%E5%BB%8A&mode=bus&policy=0&src=applied-stat-risk-lab&callnative=0,高德地图URI API实时公交规划
中国人民大学,北京中关村科技商务区,39.983,116.316,代表性公司办公集聚节点；不等同于就业机会排名,研究用节点，待人工复核,地铁为主,地铁4号线,中关村校区至中关村方向,候选线路，待按报名年份逐段复核,https://uri.amap.com/navigation?from=116.3071291%2C39.9695397%2C%E4%B8%AD%E5%9B%BD%E4%BA%BA%E6%B0%91%E5%A4%A7%E5%AD%A6&to=116.316%2C39.983%2C%E5%8C%97%E4%BA%AC%E4%B8%AD%E5%85%B3%E6%9D%91%E7%A7%91%E6%8A%80%E5%95%86%E5%8A%A1%E5%8C%BA&mode=bus&policy=0&src=applied-stat-risk-lab&callnative=0,高德地图URI API实时公交规划
哈尔滨工业大学,哈尔滨哈西商务区,45.705,126.586,代表性公司办公集聚节点；不等同于就业机会排名,研究用节点，待人工复核,地铁为主,地铁1号线→3号线,校本部至哈西商务区的候选换乘,候选线路，待按报名年份逐段复核,https://uri.amap.com/navigation?from=126.6255626%2C45.741589%2C%E5%93%88%E5%B0%94%E6%BB%A8%E5%B7%A5%E4%B8%9A%E5%A4%A7%E5%AD%A6&to=126.586%2C45.705%2C%E5%93%88%E5%B0%94%E6%BB%A8%E5%93%88%E8%A5%BF%E5%95%86%E5%8A%A1%E5%8C%BA&mode=bus&policy=0&src=applied-stat-risk-lab&callnative=0,高德地图URI API实时公交规划
合肥工业大学,合肥政务文化新区,31.8179,117.228,代表性公司办公集聚节点；不等同于就业机会排名,研究用节点，待人工复核,地铁为主,地铁1号线→4号线,屯溪路校区至政务区的候选换乘,候选线路，待按报名年份逐段复核,https://uri.amap.com/navigation?from=117.2905698%2C31.8467178%2C%E5%90%88%E8%82%A5%E5%B7%A5%E4%B8%9A%E5%A4%A7%E5%AD%A6&to=117.228%2C31.8179%2C%E5%90%88%E8%82%A5%E6%94%BF%E5%8A%A1%E6%96%87%E5%8C%96%E6%96%B0%E5%8C%BA&mode=bus&policy=0&src=applied-stat-risk-lab&callnative=0,高德地图URI API实时公交规划
中山大学,广州珠江新城,23.1196,113.322,代表性公司办公集聚节点；不等同于就业机会排名,研究用节点，待人工复核,地铁为主,地铁8号线→3号线/APM线,南校园至珠江新城的候选换乘,候选线路，待按报名年份逐段复核,https://uri.amap.com/navigation?from=113.2923509%2C23.0996034%2C%E4%B8%AD%E5%B1%B1%E5%A4%A7%E5%AD%A6&to=113.322%2C23.1196%2C%E5%B9%BF%E5%B7%9E%E7%8F%A0%E6%B1%9F%E6%96%B0%E5%9F%8E&mode=bus&policy=0&src=applied-stat-risk-lab&callnative=0,高德地图URI API实时公交规划
厦门大学,厦门软件园二期,24.489,118.187,代表性公司办公集聚节点；不等同于就业机会排名,研究用节点，待人工复核,公交为主,公交29路/751路（候选）,思明校区至软件园二期；线路待逐段复核,候选线路，待按报名年份逐段复核,https://uri.amap.com/navigation?from=118.0930178%2C24.4399419%2C%E5%8E%A6%E9%97%A8%E5%A4%A7%E5%AD%A6&to=118.187%2C24.489%2C%E5%8E%A6%E9%97%A8%E8%BD%AF%E4%BB%B6%E5%9B%AD%E4%BA%8C%E6%9C%9F&mode=bus&policy=0&src=applied-stat-risk-lab&callnative=0,高德地图URI API实时公交规划
山东大学,济南汉峪金谷商务区,36.651,117.128,代表性公司办公集聚节点；不等同于就业机会排名,研究用节点，待人工复核,公交+地铁,公交接驳→地铁2号线/3号线,中心校区至汉峪金谷的候选组合,候选线路，待按报名年份逐段复核,https://uri.amap.com/navigation?from=117.0538936%2C36.6762518%2C%E5%B1%B1%E4%B8%9C%E5%A4%A7%E5%AD%A6&to=117.128%2C36.651%2C%E6%B5%8E%E5%8D%97%E6%B1%89%E5%B3%AA%E9%87%91%E8%B0%B7%E5%95%86%E5%8A%A1%E5%8C%BA&mode=bus&policy=0&src=applied-stat-risk-lab&callnative=0,高德地图URI API实时公交规划
武汉大学,武汉光谷中心城,30.506,114.414,代表性公司办公集聚节点；不等同于就业机会排名,研究用节点，待人工复核,地铁为主,地铁2号线,珞珈山校区至光谷方向,候选线路，待按报名年份逐段复核,https://uri.amap.com/navigation?from=114.361535%2C30.5373773%2C%E6%AD%A6%E6%B1%89%E5%A4%A7%E5%AD%A6&to=114.414%2C30.506%2C%E6%AD%A6%E6%B1%89%E5%85%89%E8%B0%B7%E4%B8%AD%E5%BF%83%E5%9F%8E&mode=bus&policy=0&src=applied-stat-risk-lab&callnative=0,高德地图URI API实时公交规划
太原理工大学,太原长风商务区,37.818,112.557,代表性公司办公集聚节点；不等同于就业机会排名,研究用节点，待人工复核,地铁为主,地铁1号线→2号线,迎西校区至长风商务区的候选换乘,候选线路，待按报名年份逐段复核,https://uri.amap.com/navigation?from=112.5158226%2C37.861047%2C%E5%A4%AA%E5%8E%9F%E7%90%86%E5%B7%A5%E5%A4%A7%E5%AD%A6&to=112.557%2C37.818%2C%E5%A4%AA%E5%8E%9F%E9%95%BF%E9%A3%8E%E5%95%86%E5%8A%A1%E5%8C%BA&mode=bus&policy=0&src=applied-stat-risk-lab&callnative=0,高德地图URI API实时公交规划
上海财经大学,上海陆家嘴金融城,31.2354,121.5055,代表性公司办公集聚节点；不等同于就业机会排名,研究用节点，待人工复核,地铁为主,地铁10号线→2号线,国定路校区至陆家嘴的候选换乘,候选线路，待按报名年份逐段复核,https://uri.amap.com/navigation?from=121.4943346%2C31.3068662%2C%E4%B8%8A%E6%B5%B7%E8%B4%A2%E7%BB%8F%E5%A4%A7%E5%AD%A6&to=121.5055%2C31.2354%2C%E4%B8%8A%E6%B5%B7%E9%99%86%E5%AE%B6%E5%98%B4%E9%87%91%E8%9E%8D%E5%9F%8E&mode=bus&policy=0&src=applied-stat-risk-lab&callnative=0,高德地图URI API实时公交规划
西南财经大学,成都天府金融城,30.5743,104.0668,代表性公司办公集聚节点；不等同于就业机会排名,研究用节点，待人工复核,地铁为主,地铁4号线→9号线→1号线,柳林校区至金融城的候选换乘,候选线路，待按报名年份逐段复核,https://uri.amap.com/navigation?from=103.8200878%2C30.6834841%2C%E8%A5%BF%E5%8D%97%E8%B4%A2%E7%BB%8F%E5%A4%A7%E5%AD%A6&to=104.0668%2C30.5743%2C%E6%88%90%E9%83%BD%E5%A4%A9%E5%BA%9C%E9%87%91%E8%9E%8D%E5%9F%8E&mode=bus&policy=0&src=applied-stat-risk-lab&callnative=0,高德地图URI API实时公交规划
中央财经大学,北京中关村科技商务区,39.983,116.316,代表性公司办公集聚节点；不等同于就业机会排名,研究用节点，待人工复核,地铁为主,地铁4号线,学院南路校区至中关村方向,候选线路，待按报名年份逐段复核,https://uri.amap.com/navigation?from=116.3362796%2C39.9581476%2C%E4%B8%AD%E5%A4%AE%E8%B4%A2%E7%BB%8F%E5%A4%A7%E5%AD%A6&to=116.316%2C39.983%2C%E5%8C%97%E4%BA%AC%E4%B8%AD%E5%85%B3%E6%9D%91%E7%A7%91%E6%8A%80%E5%95%86%E5%8A%A1%E5%8C%BA&mode=bus&policy=0&src=applied-stat-risk-lab&callnative=0,高德地图URI API实时公交规划
湖南大学,长沙滨江金融中心,28.231,112.956,代表性公司办公集聚节点；不等同于就业机会排名,研究用节点，待人工复核,地铁为主,地铁4号线,财院校区至滨江金融中心方向,候选线路，待按报名年份逐段复核,https://uri.amap.com/navigation?from=112.9255484%2C28.2018758%2C%E6%B9%96%E5%8D%97%E5%A4%A7%E5%AD%A6&to=112.956%2C28.231%2C%E9%95%BF%E6%B2%99%E6%BB%A8%E6%B1%9F%E9%87%91%E8%9E%8D%E4%B8%AD%E5%BF%83&mode=bus&policy=0&src=applied-stat-risk-lab&callnative=0,高德地图URI API实时公交规划
对外经济贸易大学,北京望京商务区,40.0,116.481,代表性公司办公集聚节点；不等同于就业机会排名,研究用节点，待人工复核,地铁为主,地铁10号线→14号线,惠新东街至望京的候选换乘,候选线路，待按报名年份逐段复核,https://uri.amap.com/navigation?from=116.4215242%2C39.977598%2C%E5%AF%B9%E5%A4%96%E7%BB%8F%E6%B5%8E%E8%B4%B8%E6%98%93%E5%A4%A7%E5%AD%A6&to=116.481%2C40.0%2C%E5%8C%97%E4%BA%AC%E6%9C%9B%E4%BA%AC%E5%95%86%E5%8A%A1%E5%8C%BA&mode=bus&policy=0&src=applied-stat-risk-lab&callnative=0,高德地图URI API实时公交规划
同济大学,上海陆家嘴金融城,31.2354,121.5055,代表性公司办公集聚节点；不等同于就业机会排名,研究用节点，待人工复核,地铁为主,地铁10号线→2号线,四平路校区至陆家嘴的候选换乘,候选线路，待按报名年份逐段复核,https://uri.amap.com/navigation?from=121.4969124%2C31.2834256%2C%E5%90%8C%E6%B5%8E%E5%A4%A7%E5%AD%A6&to=121.5055%2C31.2354%2C%E4%B8%8A%E6%B5%B7%E9%99%86%E5%AE%B6%E5%98%B4%E9%87%91%E8%9E%8D%E5%9F%8E&mode=bus&policy=0&src=applied-stat-risk-lab&callnative=0,高德地图URI API实时公交规划
中南财经政法大学,武汉光谷中心城,30.506,114.414,代表性公司办公集聚节点；不等同于就业机会排名,研究用节点，待人工复核,地铁+公交,地铁2号线+公交接驳,南湖校区至光谷中心城；接驳段待复核,候选线路，待按报名年份逐段复核,https://uri.amap.com/navigation?from=114.3801735%2C30.4764327%2C%E4%B8%AD%E5%8D%97%E8%B4%A2%E7%BB%8F%E6%94%BF%E6%B3%95%E5%A4%A7%E5%AD%A6&to=114.414%2C30.506%2C%E6%AD%A6%E6%B1%89%E5%85%89%E8%B0%B7%E4%B8%AD%E5%BF%83%E5%9F%8E&mode=bus&policy=0&src=applied-stat-risk-lab&callnative=0,高德地图URI API实时公交规划
国防科技大学,长沙滨江金融中心,28.231,112.956,代表性公司办公集聚节点；不等同于就业机会排名,研究用节点，待人工复核,地铁为主,地铁5号线→4号线,三号院至滨江金融中心的候选换乘,候选线路，待按报名年份逐段复核,https://uri.amap.com/navigation?from=113.0425%2C28.25968%2C%E5%9B%BD%E9%98%B2%E7%A7%91%E6%8A%80%E5%A4%A7%E5%AD%A6&to=112.956%2C28.231%2C%E9%95%BF%E6%B2%99%E6%BB%A8%E6%B1%9F%E9%87%91%E8%9E%8D%E4%B8%AD%E5%BF%83&mode=bus&policy=0&src=applied-stat-risk-lab&callnative=0,高德地图URI API实时公交规划
西安电子科技大学,西安高新区科技路商务区,34.2308,108.893,代表性公司办公集聚节点；不等同于就业机会排名,研究用节点，待人工复核,地铁为主,地铁6号线,南校区至高新区方向,候选线路，待按报名年份逐段复核,https://uri.amap.com/navigation?from=108.8289653%2C34.1251589%2C%E8%A5%BF%E5%AE%89%E7%94%B5%E5%AD%90%E7%A7%91%E6%8A%80%E5%A4%A7%E5%AD%A6&to=108.893%2C34.2308%2C%E8%A5%BF%E5%AE%89%E9%AB%98%E6%96%B0%E5%8C%BA%E7%A7%91%E6%8A%80%E8%B7%AF%E5%95%86%E5%8A%A1%E5%8C%BA&mode=bus&policy=0&src=applied-stat-risk-lab&callnative=0,高德地图URI API实时公交规划
南京航空航天大学,南京新街口商务区,32.0415,118.7789,代表性公司办公集聚节点；不等同于就业机会排名,研究用节点，待人工复核,地铁为主,地铁S1号线→1号线,将军路校区至新街口的候选换乘,候选线路，待按报名年份逐段复核,https://uri.amap.com/navigation?from=118.787381%2C31.9402131%2C%E5%8D%97%E4%BA%AC%E8%88%AA%E7%A9%BA%E8%88%AA%E5%A4%A9%E5%A4%A7%E5%AD%A6&to=118.7789%2C32.0415%2C%E5%8D%97%E4%BA%AC%E6%96%B0%E8%A1%97%E5%8F%A3%E5%95%86%E5%8A%A1%E5%8C%BA&mode=bus&policy=0&src=applied-stat-risk-lab&callnative=0,高德地图URI API实时公交规划
南京理工大学,南京新街口商务区,32.0415,118.7789,代表性公司办公集聚节点；不等同于就业机会排名,研究用节点，待人工复核,地铁为主,地铁2号线,孝陵卫校区至新街口方向,候选线路，待按报名年份逐段复核,https://uri.amap.com/navigation?from=118.8521427%2C32.031826%2C%E5%8D%97%E4%BA%AC%E7%90%86%E5%B7%A5%E5%A4%A7%E5%AD%A6&to=118.7789%2C32.0415%2C%E5%8D%97%E4%BA%AC%E6%96%B0%E8%A1%97%E5%8F%A3%E5%95%86%E5%8A%A1%E5%8C%BA&mode=bus&policy=0&src=applied-stat-risk-lab&callnative=0,高德地图URI API实时公交规划
中国海洋大学,青岛金家岭金融聚集区,36.108,120.468,代表性公司办公集聚节点；不等同于就业机会排名,研究用节点，待人工复核,地铁为主,地铁11号线→2号线,崂山校区至金家岭方向,候选线路，待按报名年份逐段复核,https://uri.amap.com/navigation?from=120.4935835%2C36.1614396%2C%E4%B8%AD%E5%9B%BD%E6%B5%B7%E6%B4%8B%E5%A4%A7%E5%AD%A6&to=120.468%2C36.108%2C%E9%9D%92%E5%B2%9B%E9%87%91%E5%AE%B6%E5%B2%AD%E9%87%91%E8%9E%8D%E8%81%9A%E9%9B%86%E5%8C%BA&mode=bus&policy=0&src=applied-stat-risk-lab&callnative=0,高德地图URI API实时公交规划
暨南大学,广州珠江新城,23.1196,113.322,代表性公司办公集聚节点；不等同于就业机会排名,研究用节点，待人工复核,地铁为主,地铁3号线/APM线,石牌校区至珠江新城方向,候选线路，待按报名年份逐段复核,https://uri.amap.com/navigation?from=113.3428181%2C23.1334847%2C%E6%9A%A8%E5%8D%97%E5%A4%A7%E5%AD%A6&to=113.322%2C23.1196%2C%E5%B9%BF%E5%B7%9E%E7%8F%A0%E6%B1%9F%E6%96%B0%E5%9F%8E&mode=bus&policy=0&src=applied-stat-risk-lab&callnative=0,高德地图URI API实时公交规划
北京交通大学,北京中关村科技商务区,39.983,116.316,代表性公司办公集聚节点；不等同于就业机会排名,研究用节点，待人工复核,地铁为主,地铁4号线,上园村校区至中关村方向,候选线路，待按报名年份逐段复核,https://uri.amap.com/navigation?from=116.3371%2C39.9501%2C%E5%8C%97%E4%BA%AC%E4%BA%A4%E9%80%9A%E5%A4%A7%E5%AD%A6&to=116.316%2C39.983%2C%E5%8C%97%E4%BA%AC%E4%B8%AD%E5%85%B3%E6%9D%91%E7%A7%91%E6%8A%80%E5%95%86%E5%8A%A1%E5%8C%BA&mode=bus&policy=0&src=applied-stat-risk-lab&callnative=0,高德地图URI API实时公交规划
华东理工大学,上海陆家嘴金融城,31.2354,121.5055,代表性公司办公集聚节点；不等同于就业机会排名,研究用节点，待人工复核,地铁为主,地铁1号线→2号线,徐汇校区至陆家嘴的候选换乘,候选线路，待按报名年份逐段复核,https://uri.amap.com/navigation?from=121.4195085%2C31.1450814%2C%E5%8D%8E%E4%B8%9C%E7%90%86%E5%B7%A5%E5%A4%A7%E5%AD%A6&to=121.5055%2C31.2354%2C%E4%B8%8A%E6%B5%B7%E9%99%86%E5%AE%B6%E5%98%B4%E9%87%91%E8%9E%8D%E5%9F%8E&mode=bus&policy=0&src=applied-stat-risk-lab&callnative=0,高德地图URI API实时公交规划
上海大学,上海陆家嘴金融城,31.2354,121.5055,代表性公司办公集聚节点；不等同于就业机会排名,研究用节点，待人工复核,地铁为主,地铁7号线→2号线,宝山校区至陆家嘴的候选换乘,候选线路，待按报名年份逐段复核,https://uri.amap.com/navigation?from=121.3880243%2C31.3159206%2C%E4%B8%8A%E6%B5%B7%E5%A4%A7%E5%AD%A6&to=121.5055%2C31.2354%2C%E4%B8%8A%E6%B5%B7%E9%99%86%E5%AE%B6%E5%98%B4%E9%87%91%E8%9E%8D%E5%9F%8E&mode=bus&policy=0&src=applied-stat-risk-lab&callnative=0,高德地图URI API实时公交规划
苏州大学,苏州工业园区湖西CBD,31.318,120.682,代表性公司办公集聚节点；不等同于就业机会排名,研究用节点，待人工复核,地铁为主,轨道交通1号线,天赐庄校区至园区湖西CBD方向,候选线路，待按报名年份逐段复核,https://uri.amap.com/navigation?from=120.6463631%2C31.3047627%2C%E8%8B%8F%E5%B7%9E%E5%A4%A7%E5%AD%A6&to=120.682%2C31.318%2C%E8%8B%8F%E5%B7%9E%E5%B7%A5%E4%B8%9A%E5%9B%AD%E5%8C%BA%E6%B9%96%E8%A5%BFCBD&mode=bus&policy=0&src=applied-stat-risk-lab&callnative=0,高德地图URI API实时公交规划
河海大学,南京新街口商务区,32.0415,118.7789,代表性公司办公集聚节点；不等同于就业机会排名,研究用节点，待人工复核,地铁为主,地铁S1号线→1号线,江宁校区至新街口的候选换乘,候选线路，待按报名年份逐段复核,https://uri.amap.com/navigation?from=118.7810077%2C31.9164367%2C%E6%B2%B3%E6%B5%B7%E5%A4%A7%E5%AD%A6&to=118.7789%2C32.0415%2C%E5%8D%97%E4%BA%AC%E6%96%B0%E8%A1%97%E5%8F%A3%E5%95%86%E5%8A%A1%E5%8C%BA&mode=bus&policy=0&src=applied-stat-risk-lab&callnative=0,高德地图URI API实时公交规划
武汉理工大学,武汉光谷中心城,30.506,114.414,代表性公司办公集聚节点；不等同于就业机会排名,研究用节点，待人工复核,地铁为主,地铁8号线→2号线,马房山校区至光谷中心城的候选换乘,候选线路，待按报名年份逐段复核,https://uri.amap.com/navigation?from=114.350696%2C30.521734%2C%E6%AD%A6%E6%B1%89%E7%90%86%E5%B7%A5%E5%A4%A7%E5%AD%A6&to=114.414%2C30.506%2C%E6%AD%A6%E6%B1%89%E5%85%89%E8%B0%B7%E4%B8%AD%E5%BF%83%E5%9F%8E&mode=bus&policy=0&src=applied-stat-risk-lab&callnative=0,高德地图URI API实时公交规划
东北师范大学,长春人民广场商务区,43.8874,125.3235,代表性公司办公集聚节点；不等同于就业机会排名,研究用节点，待人工复核,轨道交通为主,轨道交通3号线→1号线,净月校区至人民广场的候选换乘,候选线路，待按报名年份逐段复核,https://uri.amap.com/navigation?from=125.4207774%2C43.8245708%2C%E4%B8%9C%E5%8C%97%E5%B8%88%E8%8C%83%E5%A4%A7%E5%AD%A6&to=125.3235%2C43.8874%2C%E9%95%BF%E6%98%A5%E4%BA%BA%E6%B0%91%E5%B9%BF%E5%9C%BA%E5%95%86%E5%8A%A1%E5%8C%BA&mode=bus&policy=0&src=applied-stat-risk-lab&callnative=0,高德地图URI API实时公交规划
东华大学,上海陆家嘴金融城,31.2354,121.5055,代表性公司办公集聚节点；不等同于就业机会排名,研究用节点，待人工复核,地铁为主,地铁9号线→2号线,松江校区至陆家嘴的候选换乘,候选线路，待按报名年份逐段复核,https://uri.amap.com/navigation?from=121.2111004%2C31.0572856%2C%E4%B8%9C%E5%8D%8E%E5%A4%A7%E5%AD%A6&to=121.5055%2C31.2354%2C%E4%B8%8A%E6%B5%B7%E9%99%86%E5%AE%B6%E5%98%B4%E9%87%91%E8%9E%8D%E5%9F%8E&mode=bus&policy=0&src=applied-stat-risk-lab&callnative=0,高德地图URI API实时公交规划
北京工业大学,北京CBD国贸片区,39.909,116.461,代表性公司办公集聚节点；不等同于就业机会排名,研究用节点，待人工复核,地铁为主,地铁14号线→10号线,平乐园校区至国贸片区的候选换乘,候选线路，待按报名年份逐段复核,https://uri.amap.com/navigation?from=116.4772024%2C39.8739144%2C%E5%8C%97%E4%BA%AC%E5%B7%A5%E4%B8%9A%E5%A4%A7%E5%AD%A6&to=116.461%2C39.909%2C%E5%8C%97%E4%BA%ACCBD%E5%9B%BD%E8%B4%B8%E7%89%87%E5%8C%BA&mode=bus&policy=0&src=applied-stat-risk-lab&callnative=0,高德地图URI API实时公交规划
郑州大学,郑东新区CBD,34.774,113.72,代表性公司办公集聚节点；不等同于就业机会排名,研究用节点，待人工复核,地铁为主,地铁1号线,主校区至郑东新区CBD方向,候选线路，待按报名年份逐段复核,https://uri.amap.com/navigation?from=113.5352664%2C34.8088168%2C%E9%83%91%E5%B7%9E%E5%A4%A7%E5%AD%A6&to=113.72%2C34.774%2C%E9%83%91%E4%B8%9C%E6%96%B0%E5%8C%BACBD&mode=bus&policy=0&src=applied-stat-risk-lab&callnative=0,高德地图URI API实时公交规划
华南师范大学,广州珠江新城,23.1196,113.322,代表性公司办公集聚节点；不等同于就业机会排名,研究用节点，待人工复核,地铁为主,地铁3号线/APM线,石牌校区至珠江新城方向,候选线路，待按报名年份逐段复核,https://uri.amap.com/navigation?from=113.3467405%2C23.1414397%2C%E5%8D%8E%E5%8D%97%E5%B8%88%E8%8C%83%E5%A4%A7%E5%AD%A6&to=113.322%2C23.1196%2C%E5%B9%BF%E5%B7%9E%E7%8F%A0%E6%B1%9F%E6%96%B0%E5%9F%8E&mode=bus&policy=0&src=applied-stat-risk-lab&callnative=0,高德地图URI API实时公交规划
华中师范大学,武汉光谷中心城,30.506,114.414,代表性公司办公集聚节点；不等同于就业机会排名,研究用节点，待人工复核,地铁为主,地铁2号线,桂子山校区至光谷方向,候选线路，待按报名年份逐段复核,https://uri.amap.com/navigation?from=114.3563008%2C30.5204338%2C%E5%8D%8E%E4%B8%AD%E5%B8%88%E8%8C%83%E5%A4%A7%E5%AD%A6&to=114.414%2C30.506%2C%E6%AD%A6%E6%B1%89%E5%85%89%E8%B0%B7%E4%B8%AD%E5%BF%83%E5%9F%8E&mode=bus&policy=0&src=applied-stat-risk-lab&callnative=0,高德地图URI API实时公交规划
西南交通大学,成都天府金融城,30.5743,104.0668,代表性公司办公集聚节点；不等同于就业机会排名,研究用节点，待人工复核,地铁为主,地铁6号线→1号线,犀浦校区至天府金融城的候选换乘,候选线路，待按报名年份逐段复核,https://uri.amap.com/navigation?from=103.9844831%2C30.7660599%2C%E8%A5%BF%E5%8D%97%E4%BA%A4%E9%80%9A%E5%A4%A7%E5%AD%A6&to=104.0668%2C30.5743%2C%E6%88%90%E9%83%BD%E5%A4%A9%E5%BA%9C%E9%87%91%E8%9E%8D%E5%9F%8E&mode=bus&policy=0&src=applied-stat-risk-lab&callnative=0,高德地图URI API实时公交规划
西北大学,西安高新区科技路商务区,34.2308,108.893,代表性公司办公集聚节点；不等同于就业机会排名,研究用节点，待人工复核,地铁为主,地铁6号线,长安校区至高新区方向,候选线路，待按报名年份逐段复核,https://uri.amap.com/navigation?from=108.8699205%2C34.14545%2C%E8%A5%BF%E5%8C%97%E5%A4%A7%E5%AD%A6&to=108.893%2C34.2308%2C%E8%A5%BF%E5%AE%89%E9%AB%98%E6%96%B0%E5%8C%BA%E7%A7%91%E6%8A%80%E8%B7%AF%E5%95%86%E5%8A%A1%E5%8C%BA&mode=bus&policy=0&src=applied-stat-risk-lab&callnative=0,高德地图URI API实时公交规划
中国石油大学（北京）,北京中关村科技商务区,39.983,116.316,代表性公司办公集聚节点；不等同于就业机会排名,研究用节点，待人工复核,地铁为主,地铁昌平线→13号线→10号线/4号线,昌平校区至中关村的候选换乘,候选线路，待按报名年份逐段复核,https://uri.amap.com/navigation?from=116.2413961%2C40.2182737%2C%E4%B8%AD%E5%9B%BD%E7%9F%B3%E6%B2%B9%E5%A4%A7%E5%AD%A6%EF%BC%88%E5%8C%97%E4%BA%AC%EF%BC%89&to=116.316%2C39.983%2C%E5%8C%97%E4%BA%AC%E4%B8%AD%E5%85%B3%E6%9D%91%E7%A7%91%E6%8A%80%E5%95%86%E5%8A%A1%E5%8C%BA&mode=bus&policy=0&src=applied-stat-risk-lab&callnative=0,高德地图URI API实时公交规划
华北电力大学,北京中关村科技商务区,39.983,116.316,代表性公司办公集聚节点；不等同于就业机会排名,研究用节点，待人工复核,地铁为主,地铁昌平线→13号线→10号线/4号线,北京校部至中关村的候选换乘,候选线路，待按报名年份逐段复核,https://uri.amap.com/navigation?from=116.3035388%2C40.0881244%2C%E5%8D%8E%E5%8C%97%E7%94%B5%E5%8A%9B%E5%A4%A7%E5%AD%A6&to=116.316%2C39.983%2C%E5%8C%97%E4%BA%AC%E4%B8%AD%E5%85%B3%E6%9D%91%E7%A7%91%E6%8A%80%E5%95%86%E5%8A%A1%E5%8C%BA&mode=bus&policy=0&src=applied-stat-risk-lab&callnative=0,高德地图URI API实时公交规划
南京师范大学,南京新街口商务区,32.0415,118.7789,代表性公司办公集聚节点；不等同于就业机会排名,研究用节点，待人工复核,地铁为主,地铁2号线,仙林校区至新街口方向,候选线路，待按报名年份逐段复核,https://uri.amap.com/navigation?from=118.9046537%2C32.1072982%2C%E5%8D%97%E4%BA%AC%E5%B8%88%E8%8C%83%E5%A4%A7%E5%AD%A6&to=118.7789%2C32.0415%2C%E5%8D%97%E4%BA%AC%E6%96%B0%E8%A1%97%E5%8F%A3%E5%95%86%E5%8A%A1%E5%8C%BA&mode=bus&policy=0&src=applied-stat-risk-lab&callnative=0,高德地图URI API实时公交规划
中国石油大学（华东）,青岛西海岸新区商务区,35.96,120.198,代表性公司办公集聚节点；不等同于就业机会排名,研究用节点，待人工复核,地铁为主,地铁1号线,唐岛湾校区至西海岸商务区方向,候选线路，待按报名年份逐段复核,https://uri.amap.com/navigation?from=120.1698165%2C35.9430351%2C%E4%B8%AD%E5%9B%BD%E7%9F%B3%E6%B2%B9%E5%A4%A7%E5%AD%A6%EF%BC%88%E5%8D%8E%E4%B8%9C%EF%BC%89&to=120.198%2C35.96%2C%E9%9D%92%E5%B2%9B%E8%A5%BF%E6%B5%B7%E5%B2%B8%E6%96%B0%E5%8C%BA%E5%95%86%E5%8A%A1%E5%8C%BA&mode=bus&policy=0&src=applied-stat-risk-lab&callnative=0,高德地图URI API实时公交规划
中国地质大学（武汉）,武汉光谷中心城,30.506,114.414,代表性公司办公集聚节点；不等同于就业机会排名,研究用节点，待人工复核,地铁为主,地铁2号线,南望山校区至光谷方向,候选线路，待按报名年份逐段复核,https://uri.amap.com/navigation?from=114.3938141%2C30.5253223%2C%E4%B8%AD%E5%9B%BD%E5%9C%B0%E8%B4%A8%E5%A4%A7%E5%AD%A6%EF%BC%88%E6%AD%A6%E6%B1%89%EF%BC%89&to=114.414%2C30.506%2C%E6%AD%A6%E6%B1%89%E5%85%89%E8%B0%B7%E4%B8%AD%E5%BF%83%E5%9F%8E&mode=bus&policy=0&src=applied-stat-risk-lab&callnative=0,高德地图URI API实时公交规划
中国地质大学（北京）,北京中关村科技商务区,39.983,116.316,代表性公司办公集聚节点；不等同于就业机会排名,研究用节点，待人工复核,地铁为主,地铁15号线→13号线/4号线,学院路校区至中关村的候选换乘,候选线路，待按报名年份逐段复核,https://uri.amap.com/navigation?from=116.3406423%2C39.9886573%2C%E4%B8%AD%E5%9B%BD%E5%9C%B0%E8%B4%A8%E5%A4%A7%E5%AD%A6%EF%BC%88%E5%8C%97%E4%BA%AC%EF%BC%89&to=116.316%2C39.983%2C%E5%8C%97%E4%BA%AC%E4%B8%AD%E5%85%B3%E6%9D%91%E7%A7%91%E6%8A%80%E5%95%86%E5%8A%A1%E5%8C%BA&mode=bus&policy=0&src=applied-stat-risk-lab&callnative=0,高德地图URI API实时公交规划
福州大学,福州高新区科技商务区,26.006,119.205,代表性公司办公集聚节点；不等同于就业机会排名,研究用节点，待人工复核,地铁为主,地铁2号线,旗山校区至福州高新区方向,候选线路，待按报名年份逐段复核,https://uri.amap.com/navigation?from=119.1933416%2C26.0614068%2C%E7%A6%8F%E5%B7%9E%E5%A4%A7%E5%AD%A6&to=119.205%2C26.006%2C%E7%A6%8F%E5%B7%9E%E9%AB%98%E6%96%B0%E5%8C%BA%E7%A7%91%E6%8A%80%E5%95%86%E5%8A%A1%E5%8C%BA&mode=bus&policy=0&src=applied-stat-risk-lab&callnative=0,高德地图URI API实时公交规划
西南大学,重庆江北嘴金融城,29.5754,106.5743,代表性公司办公集聚节点；不等同于就业机会排名,研究用节点，待人工复核,地铁为主,轨道交通6号线,北碚校区至江北嘴方向,候选线路，待按报名年份逐段复核,https://uri.amap.com/navigation?from=106.4195884%2C29.8232372%2C%E8%A5%BF%E5%8D%97%E5%A4%A7%E5%AD%A6&to=106.5743%2C29.5754%2C%E9%87%8D%E5%BA%86%E6%B1%9F%E5%8C%97%E5%98%B4%E9%87%91%E8%9E%8D%E5%9F%8E&mode=bus&policy=0&src=applied-stat-risk-lab&callnative=0,高德地图URI API实时公交规划
陕西师范大学,西安高新区科技路商务区,34.2308,108.893,代表性公司办公集聚节点；不等同于就业机会排名,研究用节点，待人工复核,地铁为主,地铁2号线→3号线/6号线,长安校区至高新区的候选换乘,候选线路，待按报名年份逐段复核,https://uri.amap.com/navigation?from=108.8866313%2C34.1552786%2C%E9%99%95%E8%A5%BF%E5%B8%88%E8%8C%83%E5%A4%A7%E5%AD%A6&to=108.893%2C34.2308%2C%E8%A5%BF%E5%AE%89%E9%AB%98%E6%96%B0%E5%8C%BA%E7%A7%91%E6%8A%80%E8%B7%AF%E5%95%86%E5%8A%A1%E5%8C%BA&mode=bus&policy=0&src=applied-stat-risk-lab&callnative=0,高德地图URI API实时公交规划
中央民族大学,北京中关村科技商务区,39.983,116.316,代表性公司办公集聚节点；不等同于就业机会排名,研究用节点，待人工复核,地铁为主,地铁4号线,中关村南大街校区至中关村方向,候选线路，待按报名年份逐段复核,https://uri.amap.com/navigation?from=116.3148443%2C39.9496858%2C%E4%B8%AD%E5%A4%AE%E6%B0%91%E6%97%8F%E5%A4%A7%E5%AD%A6&to=116.316%2C39.983%2C%E5%8C%97%E4%BA%AC%E4%B8%AD%E5%85%B3%E6%9D%91%E7%A7%91%E6%8A%80%E5%95%86%E5%8A%A1%E5%8C%BA&mode=bus&policy=0&src=applied-stat-risk-lab&callnative=0,高德地图URI API实时公交规划
辽宁大学,沈阳青年大街金廊,41.775,123.431,代表性公司办公集聚节点；不等同于就业机会排名,研究用节点，待人工复核,地铁为主,地铁10号线→2号线,崇山校区至青年大街的候选换乘,候选线路，待按报名年份逐段复核,https://uri.amap.com/navigation?from=123.4007626%2C41.8314278%2C%E8%BE%BD%E5%AE%81%E5%A4%A7%E5%AD%A6&to=123.431%2C41.775%2C%E6%B2%88%E9%98%B3%E9%9D%92%E5%B9%B4%E5%A4%A7%E8%A1%97%E9%87%91%E5%BB%8A&mode=bus&policy=0&src=applied-stat-risk-lab&callnative=0,高德地图URI API实时公交规划
湖南师范大学,长沙滨江金融中心,28.231,112.956,代表性公司办公集聚节点；不等同于就业机会排名,研究用节点，待人工复核,地铁为主,地铁4号线,二里半校区至滨江金融中心方向,候选线路，待按报名年份逐段复核,https://uri.amap.com/navigation?from=112.9450813%2C28.1909652%2C%E6%B9%96%E5%8D%97%E5%B8%88%E8%8C%83%E5%A4%A7%E5%AD%A6&to=112.956%2C28.231%2C%E9%95%BF%E6%B2%99%E6%BB%A8%E6%B1%9F%E9%87%91%E8%9E%8D%E4%B8%AD%E5%BF%83&mode=bus&policy=0&src=applied-stat-risk-lab&callnative=0,高德地图URI API实时公交规划
北京林业大学,北京中关村科技商务区,39.983,116.316,代表性公司办公集聚节点；不等同于就业机会排名,研究用节点，待人工复核,地铁为主,地铁15号线→13号线/4号线,清华东路校区至中关村的候选换乘,候选线路，待按报名年份逐段复核,https://uri.amap.com/navigation?from=116.3354804%2C40.002875%2C%E5%8C%97%E4%BA%AC%E6%9E%97%E4%B8%9A%E5%A4%A7%E5%AD%A6&to=116.316%2C39.983%2C%E5%8C%97%E4%BA%AC%E4%B8%AD%E5%85%B3%E6%9D%91%E7%A7%91%E6%8A%80%E5%95%86%E5%8A%A1%E5%8C%BA&mode=bus&policy=0&src=applied-stat-risk-lab&callnative=0,高德地图URI API实时公交规划
河北工业大学,天津小白楼商务区,39.118,117.207,代表性公司办公集聚节点；不等同于就业机会排名,研究用节点，待人工复核,地铁为主,地铁1号线,北辰校区至小白楼商务区方向,候选线路，待按报名年份逐段复核,https://uri.amap.com/navigation?from=117.0526402%2C39.2367294%2C%E6%B2%B3%E5%8C%97%E5%B7%A5%E4%B8%9A%E5%A4%A7%E5%AD%A6&to=117.207%2C39.118%2C%E5%A4%A9%E6%B4%A5%E5%B0%8F%E7%99%BD%E6%A5%BC%E5%95%86%E5%8A%A1%E5%8C%BA&mode=bus&policy=0&src=applied-stat-risk-lab&callnative=0,高德地图URI API实时公交规划
中国药科大学,南京新街口商务区,32.0415,118.7789,代表性公司办公集聚节点；不等同于就业机会排名,研究用节点，待人工复核,地铁为主,地铁1号线,江宁校区至新街口方向,候选线路，待按报名年份逐段复核,https://uri.amap.com/navigation?from=118.9128238%2C31.9041707%2C%E4%B8%AD%E5%9B%BD%E8%8D%AF%E7%A7%91%E5%A4%A7%E5%AD%A6&to=118.7789%2C32.0415%2C%E5%8D%97%E4%BA%AC%E6%96%B0%E8%A1%97%E5%8F%A3%E5%95%86%E5%8A%A1%E5%8C%BA&mode=bus&policy=0&src=applied-stat-risk-lab&callnative=0,高德地图URI API实时公交规划
南昌大学,南昌红谷滩CBD,28.683,115.858,代表性公司办公集聚节点；不等同于就业机会排名,研究用节点，待人工复核,地铁为主,地铁2号线,前湖校区至红谷滩CBD方向,候选线路，待按报名年份逐段复核,https://uri.amap.com/navigation?from=115.7931408%2C28.657219%2C%E5%8D%97%E6%98%8C%E5%A4%A7%E5%AD%A6&to=115.858%2C28.683%2C%E5%8D%97%E6%98%8C%E7%BA%A2%E8%B0%B7%E6%BB%A9CBD&mode=bus&policy=0&src=applied-stat-risk-lab&callnative=0,高德地图URI API实时公交规划
华中农业大学,武汉光谷中心城,30.506,114.414,代表性公司办公集聚节点；不等同于就业机会排名,研究用节点，待人工复核,地铁为主,地铁8号线→2号线,狮子山校区至光谷中心城的候选换乘,候选线路，待按报名年份逐段复核,https://uri.amap.com/navigation?from=114.348398%2C30.4739905%2C%E5%8D%8E%E4%B8%AD%E5%86%9C%E4%B8%9A%E5%A4%A7%E5%AD%A6&to=114.414%2C30.506%2C%E6%AD%A6%E6%B1%89%E5%85%89%E8%B0%B7%E4%B8%AD%E5%BF%83%E5%9F%8E&mode=bus&policy=0&src=applied-stat-risk-lab&callnative=0,高德地图URI API实时公交规划
安徽大学,合肥政务文化新区,31.8179,117.228,代表性公司办公集聚节点；不等同于就业机会排名,研究用节点，待人工复核,地铁为主,地铁3号线→4号线,磬苑校区至政务区的候选换乘,候选线路，待按报名年份逐段复核,https://uri.amap.com/navigation?from=117.1781285%2C31.7692436%2C%E5%AE%89%E5%BE%BD%E5%A4%A7%E5%AD%A6&to=117.228%2C31.8179%2C%E5%90%88%E8%82%A5%E6%94%BF%E5%8A%A1%E6%96%87%E5%8C%96%E6%96%B0%E5%8C%BA&mode=bus&policy=0&src=applied-stat-risk-lab&callnative=0,高德地图URI API实时公交规划
南京农业大学,南京新街口商务区,32.0415,118.7789,代表性公司办公集聚节点；不等同于就业机会排名,研究用节点，待人工复核,地铁为主,地铁2号线,卫岗校区至新街口方向,候选线路，待按报名年份逐段复核,https://uri.amap.com/navigation?from=118.838978%2C32.0357088%2C%E5%8D%97%E4%BA%AC%E5%86%9C%E4%B8%9A%E5%A4%A7%E5%AD%A6&to=118.7789%2C32.0415%2C%E5%8D%97%E4%BA%AC%E6%96%B0%E8%A1%97%E5%8F%A3%E5%95%86%E5%8A%A1%E5%8C%BA&mode=bus&policy=0&src=applied-stat-risk-lab&callnative=0,高德地图URI API实时公交规划
东北农业大学,哈尔滨哈西商务区,45.705,126.586,代表性公司办公集聚节点；不等同于就业机会排名,研究用节点，待人工复核,地铁为主,地铁2号线→3号线,香坊校区至哈西商务区的候选换乘,候选线路，待按报名年份逐段复核,https://uri.amap.com/navigation?from=126.723275%2C45.7421537%2C%E4%B8%9C%E5%8C%97%E5%86%9C%E4%B8%9A%E5%A4%A7%E5%AD%A6&to=126.586%2C45.705%2C%E5%93%88%E5%B0%94%E6%BB%A8%E5%93%88%E8%A5%BF%E5%95%86%E5%8A%A1%E5%8C%BA&mode=bus&policy=0&src=applied-stat-risk-lab&callnative=0,高德地图URI API实时公交规划
东北林业大学,哈尔滨哈西商务区,45.705,126.586,代表性公司办公集聚节点；不等同于就业机会排名,研究用节点，待人工复核,地铁为主,地铁2号线→3号线,香坊校区至哈西商务区的候选换乘,候选线路，待按报名年份逐段复核,https://uri.amap.com/navigation?from=126.6287385%2C45.7186275%2C%E4%B8%9C%E5%8C%97%E6%9E%97%E4%B8%9A%E5%A4%A7%E5%AD%A6&to=126.586%2C45.705%2C%E5%93%88%E5%B0%94%E6%BB%A8%E5%93%88%E8%A5%BF%E5%95%86%E5%8A%A1%E5%8C%BA&mode=bus&policy=0&src=applied-stat-risk-lab&callnative=0,高德地图URI API实时公交规划
延边大学,延吉人民路商务区,42.907,129.514,代表性公司办公集聚节点；不等同于就业机会排名,研究用节点，待人工复核,公交为主,公交4路/16路（候选）,延吉校区至人民路商务区；线路待逐段复核,候选线路，待按报名年份逐段复核,https://uri.amap.com/navigation?from=129.4809001%2C42.9100364%2C%E5%BB%B6%E8%BE%B9%E5%A4%A7%E5%AD%A6&to=129.514%2C42.907%2C%E5%BB%B6%E5%90%89%E4%BA%BA%E6%B0%91%E8%B7%AF%E5%95%86%E5%8A%A1%E5%8C%BA&mode=bus&policy=0&src=applied-stat-risk-lab&callnative=0,高德地图URI API实时公交规划
云南大学,昆明呈贡总部基地,24.883,102.834,代表性公司办公集聚节点；不等同于就业机会排名,研究用节点，待人工复核,地铁为主,地铁1号线,呈贡校区至呈贡总部基地方向,候选线路，待按报名年份逐段复核,https://uri.amap.com/navigation?from=102.8511808%2C24.8297177%2C%E4%BA%91%E5%8D%97%E5%A4%A7%E5%AD%A6&to=102.834%2C24.883%2C%E6%98%86%E6%98%8E%E5%91%88%E8%B4%A1%E6%80%BB%E9%83%A8%E5%9F%BA%E5%9C%B0&mode=bus&policy=0&src=applied-stat-risk-lab&callnative=0,高德地图URI API实时公交规划
贵州大学,贵阳观山湖金融城,26.647,106.653,代表性公司办公集聚节点；不等同于就业机会排名,研究用节点，待人工复核,地铁为主,地铁3号线→1号线,西校区至观山湖金融城的候选换乘,候选线路，待按报名年份逐段复核,https://uri.amap.com/navigation?from=106.654026%2C26.4495922%2C%E8%B4%B5%E5%B7%9E%E5%A4%A7%E5%AD%A6&to=106.653%2C26.647%2C%E8%B4%B5%E9%98%B3%E8%A7%82%E5%B1%B1%E6%B9%96%E9%87%91%E8%9E%8D%E5%9F%8E&mode=bus&policy=0&src=applied-stat-risk-lab&callnative=0,高德地图URI API实时公交规划
内蒙古大学,呼和浩特如意总部基地,40.842,111.748,代表性公司办公集聚节点；不等同于就业机会排名,研究用节点，待人工复核,地铁为主,地铁2号线→1号线,北校区至如意总部基地的候选换乘,候选线路，待按报名年份逐段复核,https://uri.amap.com/navigation?from=111.683724%2C40.8087054%2C%E5%86%85%E8%92%99%E5%8F%A4%E5%A4%A7%E5%AD%A6&to=111.748%2C40.842%2C%E5%91%BC%E5%92%8C%E6%B5%A9%E7%89%B9%E5%A6%82%E6%84%8F%E6%80%BB%E9%83%A8%E5%9F%BA%E5%9C%B0&mode=bus&policy=0&src=applied-stat-risk-lab&callnative=0,高德地图URI API实时公交规划
新疆大学,乌鲁木齐会展商务区,43.878,87.635,代表性公司办公集聚节点；不等同于就业机会排名,研究用节点，待人工复核,公交为主,公交105路等（候选）,博达校区至会展商务区；线路待逐段复核,候选线路，待按报名年份逐段复核,https://uri.amap.com/navigation?from=87.7366251%2C43.8467785%2C%E6%96%B0%E7%96%86%E5%A4%A7%E5%AD%A6&to=87.635%2C43.878%2C%E4%B9%8C%E9%B2%81%E6%9C%A8%E9%BD%90%E4%BC%9A%E5%B1%95%E5%95%86%E5%8A%A1%E5%8C%BA&mode=bus&policy=0&src=applied-stat-risk-lab&callnative=0,高德地图URI API实时公交规划
宁夏大学,银川阅海湾中央商务区,38.505,106.221,代表性公司办公集聚节点；不等同于就业机会排名,研究用节点，待人工复核,公交为主,公交42路/49路（候选）,贺兰山校区至阅海湾CBD；线路待逐段复核,候选线路，待按报名年份逐段复核,https://uri.amap.com/navigation?from=106.12801%2C38.502432%2C%E5%AE%81%E5%A4%8F%E5%A4%A7%E5%AD%A6&to=106.221%2C38.505%2C%E9%93%B6%E5%B7%9D%E9%98%85%E6%B5%B7%E6%B9%BE%E4%B8%AD%E5%A4%AE%E5%95%86%E5%8A%A1%E5%8C%BA&mode=bus&policy=0&src=applied-stat-risk-lab&callnative=0,高德地图URI API实时公交规划
石河子大学,石河子经济技术开发区,44.305,86.08,代表性公司办公集聚节点；不等同于就业机会排名,研究用节点，待人工复核,公交为主,公交1路/31路（候选）,北四路校区至开发区；线路待逐段复核,候选线路，待按报名年份逐段复核,https://uri.amap.com/navigation?from=86.0549057%2C44.3079869%2C%E7%9F%B3%E6%B2%B3%E5%AD%90%E5%A4%A7%E5%AD%A6&to=86.08%2C44.305%2C%E7%9F%B3%E6%B2%B3%E5%AD%90%E7%BB%8F%E6%B5%8E%E6%8A%80%E6%9C%AF%E5%BC%80%E5%8F%91%E5%8C%BA&mode=bus&policy=0&src=applied-stat-risk-lab&callnative=0,高德地图URI API实时公交规划
