院校,是否985,分区,派系,中心区间,原始P90区间,稳健上界区间,证据完备度,上界可比性
新疆大学,False,B,纯茆,320-325,335-340,340-345,中等,可作风险带比较
内蒙古大学,False,B,贾茆,320-325,335-340,340-345,中等,可作风险带比较
宁夏大学,False,B,纯贾,320-325,340-345,345-350,较低,可作风险带比较
云南大学,False,B,贾茆,325-330,340-345,345-350,中等,可作风险带比较
贵州大学,False,B,纯茆,325-330,345-350,350-355,中等,可作风险带比较
石河子大学,False,B,贾茆,335-340,355-360,360-365,较低,可作风险带比较
国防科技大学,True,A,待核实,325-330,345-350,360-365,较低,可作风险带比较
延边大学,False,A,纯茆,330-335,345-350,365-370,中等,可作风险带比较
华北电力大学,False,A,贾茆Pro,335-340,350-355,365-370,中等,可作风险带比较
东北林业大学,False,A,纯贾,330-335,350-355,365-370,中等,可作风险带比较
湖南师范大学,False,A,贾茆Pro,330-335,350-355,370-375,中等,可作风险带比较
华南师范大学,False,A,贾茆,335-340,355-360,370-375,中等,可作风险带比较
上海财经大学,False,A,贾茆Pro,340-345,355-360,370-375,中等,可作风险带比较
华中农业大学,False,A,贾茆,335-340,350-355,370-375,中等,可作风险带比较
河北工业大学,False,A,茆Pro,335-340,355-360,370-375,中等,可作风险带比较
辽宁大学,False,A,贾茆Pro,340-345,355-360,375-380,中等,可作风险带比较
中国石油大学（北京）,False,B,贾茆,350-355,365-370,375-380,中等,可作风险带比较
中国地质大学（武汉）,False,A,贾茆,340-345,355-360,375-380,中等,可作风险带比较
东北农业大学,False,A,贾茆,340-345,360-365,375-380,较低,可作风险带比较
上海大学,False,A,贾茆,340-345,360-365,380-385,中等,可作风险带比较
中国药科大学,False,A,纯茆,340-345,360-365,380-385,中等,可作风险带比较
陕西师范大学,False,A,贾茆,340-345,355-360,380-385,中等,可作风险带比较
东华大学,False,A,贾茆,345-350,360-365,380-385,中等,可作风险带比较
西北大学,False,A,纯茆,350-355,365-370,380-385,中等,可作风险带比较
河海大学,False,A,纯贾,345-350,360-365,380-385,中等,可作风险带比较
山东大学,True,A,纯茆,350-355,365-370,385-390,中等,可作风险带比较
太原理工大学,False,A,贾茆,345-350,365-370,385-390,中等,可作风险带比较
西南交通大学,False,A,茆Pro,350-355,370-375,385-390,较低,可作风险带比较
兰州大学,True,B,纯茆,360-365,380-385,385-390,中等,可作风险带比较
郑州大学,False,A,贾茆,350-355,365-370,385-390,中等,可作风险带比较
华东理工大学,False,A,纯茆,355-360,370-375,385-390,较低,可作风险带比较
暨南大学,False,A,贾茆,355-360,370-375,385-390,中等,可作风险带比较
中南财经政法大学,False,A,贾茆,355-360,370-375,385-390,中等,可作风险带比较
中国地质大学（北京）,False,A,贾茆,350-355,370-375,385-390,较高,可作风险带比较
武汉理工大学,False,A,纯贾,350-355,370-375,390-395,中等,可作风险带比较
重庆大学,True,A,纯贾,360-365,375-380,390-395,较高,可作风险带比较
厦门大学,True,A,贾茆,360-365,375-380,390-395,中等,可作风险带比较
西安交通大学,True,A,贾茆Pro,360-365,375-380,390-395,中等,可作风险带比较
北京林业大学,False,A,贾茆,355-360,370-375,390-395,中等,可作风险带比较
东北大学,True,A,贾茆,360-365,375-380,390-395,中等,可作风险带比较
中国人民大学,True,A,贾茆Pro,365-370,380-385,390-395,较高,可作风险带比较
同济大学,True,A,贾茆,360-365,380-385,390-395,较低,可作风险带比较
中国科学技术大学,True,A,贾茆Pro,360-365,380-385,390-395,较高,可作风险带比较
华中科技大学,True,A,贾茆,360-365,380-385,390-395,中等,可作风险带比较
西南大学,False,A,纯茆,355-360,375-380,395-400,中等,可作风险带比较
西北工业大学,True,A,茆Pro,355-360,375-380,395-400,中等,可作风险带比较
中山大学,True,A,茆Pro,360-365,380-385,395-400,中等,可作风险带比较
华东师范大学,True,A,贾茆,365-370,385-390,395-400,较高,可作风险带比较
中央民族大学,True,A,贾茆Pro,365-370,380-385,400-405,中等,可作风险带比较
合肥工业大学,False,A,待核实,325-330,345-350,400-405,较低,证据不足：不宜精算
西南财经大学,False,A,贾茆,365-370,385-390,400-405,中等,可作风险带比较
安徽大学,False,A,纯贾,365-370,385-390,400-405,中等,可作风险带比较
南京理工大学,False,A,茆Pro,365-370,380-385,400-405,较低,可作风险带比较
湖南大学,True,A,待核实,365-370,380-385,400-405,中等,可作风险带比较
中国石油大学（华东）,False,A,贾茆,365-370,380-385,400-405,中等,可作风险带比较
东北师范大学,False,A,纯茆,370-375,385-390,400-405,中等,可作风险带比较
华中师范大学,False,A,茆Pro,365-370,380-385,400-405,中等,可作风险带比较
哈尔滨工业大学,True,A,贾茆Pro,370-375,385-390,400-405,中等,可作风险带比较
中央财经大学,False,A,纯贾,370-375,385-390,400-405,中等,可作风险带比较
四川大学,True,A,贾茆,370-375,385-390,400-405,中等,可作风险带比较
南京大学,True,A,茆Pro,365-370,385-390,400-405,较高,可作风险带比较
东南大学,True,A,贾茆,370-375,385-390,400-405,中等,可作风险带比较
北京师范大学,True,A,贾茆Pro,370-375,385-390,400-405,中等,可作风险带比较
南昌大学,False,A,纯贾,365-370,380-385,400-405,中等,可作风险带比较
西安电子科技大学,False,A,贾茆,365-370,380-385,400-405,中等,可作风险带比较
南京师范大学,False,A,贾茆,365-370,380-385,405-410,中等,可作风险带比较
福州大学,False,A,纯贾,365-370,385-390,405-410,中等,可作风险带比较
对外经济贸易大学,False,A,贾茆,370-375,385-390,405-410,中等,可作风险带比较
武汉大学,True,A,茆Pro,375-380,395-400,405-410,中等,可作风险带比较
北京交通大学,False,A,纯贾,370-375,390-395,405-410,中等,可作风险带比较
北京工业大学,False,A,贾茆,370-375,385-390,405-410,中等,可作风险带比较
中国海洋大学,True,A,纯贾,375-380,395-400,405-410,中等,可作风险带比较
苏州大学,False,A,贾茆Pro,375-380,390-395,410-415,中等,可作风险带比较
复旦大学,True,A,贾茆,380-385,395-400,410-415,较高,可作风险带比较
上海交通大学,True,A,贾茆Pro,380-385,395-400,410-415,中等,可作风险带比较
南京农业大学,False,A,纯贾,375-380,395-400,415-420,较低,可作风险带比较
中南大学,True,A,贾茆Pro,375-380,395-400,415-420,中等,可作风险带比较
南京航空航天大学,False,A,纯茆,380-385,400-405,415-420,较低,可作风险带比较
大连理工大学,True,A,纯茆,390-395,410-415,425-430,中等,可作风险带比较
清华大学,True,A,茆Pro,400-405,420-425,425-430,较高,可作风险带比较
吉林大学,True,A,茆Pro,395-400,415-420,425-430,中等,可作风险带比较
