school,year,candidate_n,candidate_evidence_tier,programme_evidence_weight,q10_bootstrap_sd,score_mean,score_sd,score_min,score_max,score_q05,score_q10,score_q25,score_q50,score_q75,score_q90,score_q95
上海交通大学,2022,44,exact,1.0,1.725018631574533,415.77272727272725,9.368089419179906,401.0,437.0,402.3,404.3,410.0,414.5,420.5,430.4,433.85
东北师范大学,2022,51,soft_roster,0.24995256793186874,0.7248147048428007,419.1372549019608,11.800033233585637,376.0,449.0,408.0,409.0,412.0,418.0,423.5,434.0,440.0
东南大学,2022,5,soft_roster,0.3948559127748013,2.352856760394675,419.8,8.729261137118078,412.0,432.0,412.4,412.8,414.0,415.0,426.0,429.6,430.8
中国海洋大学,2022,17,soft_roster,0.23792828337625826,3.278701469076338,384.6470588235294,11.564715606482658,369.0,415.0,369.0,371.4,379.0,383.0,389.0,396.0,404.59999999999997
中国药科大学,2022,14,exact,1.0,2.241465984519903,401.5,11.653655748634947,388.0,436.0,389.95,391.6,394.0,400.0,404.25,408.8,419.09999999999997
中央民族大学,2022,70,soft_roster,0.1,2.1870681326874606,393.42857142857144,16.415414661509978,368.0,428.0,369.0,370.0,380.5,393.0,405.75,417.0,421.2
兰州大学,2022,52,soft_roster,0.25211921107048463,2.828287143867852,404.6923076923077,18.41944673706427,376.0,445.0,379.65,382.3,390.0,402.5,416.0,430.5,441.34999999999997
北京工业大学,2022,16,soft_roster,0.23336398268809577,2.3070956721472218,428.75,8.698658900466592,415.0,444.0,416.5,418.5,421.75,428.5,436.25,438.5,440.25
华东师范大学,2022,40,soft_roster,0.15347258963005275,2.9764542781756416,397.425,11.254372369701361,378.0,421.0,379.9,382.8,389.0,397.5,404.5,411.5,417.2
华中农业大学,2022,38,soft_roster,0.2218297004259637,6.0826501315316985,394.94736842105266,19.240929584248338,320.0,432.0,373.5,378.7,387.25,395.0,401.5,420.0,421.15
华中师范大学,2022,26,exact,1.0,4.123785349118648,394.4230769230769,15.443245972069672,367.0,431.0,370.5,373.0,383.25,394.5,403.5,413.0,413.75
华中科技大学,2022,19,soft_roster,0.1,12.69035304553898,394.36842105263156,21.88152576011653,339.0,436.0,359.7,372.4,384.0,396.0,405.5,415.4,426.09999999999997
哈尔滨工业大学,2022,27,exact,1.0,3.295170950283399,408.55555555555554,18.119970566569176,385.0,447.0,385.0,388.6,394.0,405.0,421.5,432.8,444.2
大连理工大学,2022,54,soft_roster,0.20953803998867157,2.411805391246411,416.75925925925924,24.137135864531174,263.0,446.0,404.3,406.0,412.0,419.5,426.75,434.4,437.75
对外经济贸易大学,2022,60,soft_roster,0.23366134468637909,2.264855730831763,388.5833333333333,15.182831145142888,336.0,427.0,374.9,375.0,380.0,388.5,400.0,406.2,413.15
山东大学,2022,32,soft_roster,0.3625823466102441,4.573464044175197,393.0,17.97848176158412,366.0,435.0,367.0,375.2,378.75,391.0,401.75,411.0,430.6
暨南大学,2022,56,soft_roster,0.23881968050161403,4.707382414803284,401.0357142857143,15.314834502669488,367.0,431.0,372.75,384.5,390.75,400.0,409.0,422.0,428.25
武汉大学,2022,16,exact,1.0,2.2782533195823915,429.5,11.949895397031725,415.0,452.0,415.0,416.0,419.0,428.0,434.5,448.5,451.25
武汉理工大学,2022,43,soft_roster,0.2564060459322226,2.194821815729651,387.09302325581393,13.273342338415732,369.0,421.0,370.1,373.0,378.5,384.0,391.0,410.6,413.8
河海大学,2022,17,soft_roster,0.27169931339669184,2.296290911873308,378.94117647058823,11.945033425211156,367.0,413.0,367.0,367.0,374.0,376.0,381.0,393.0,401.8
清华大学,2022,9,soft_roster,0.3454273603856564,2.051491549477497,440.6666666666667,5.70087712549569,433.0,451.0,435.0,437.0,438.0,439.0,440.0,449.4,450.2
湖南师范大学,2022,25,soft_roster,0.2257743292688186,1.9445256954281087,392.24,13.596200449635429,372.0,421.0,376.2,377.4,381.0,391.0,398.0,413.20000000000005,418.0
西安交通大学,2022,29,soft_roster,0.1,3.0502311305784615,407.7931034482759,11.512041243674343,390.0,431.0,390.4,392.6,400.0,407.0,417.0,424.4,426.6
辽宁大学,2022,58,soft_roster,0.10154726334624342,1.5407406114046673,386.94827586206895,13.826522204569097,369.0,424.0,369.0,369.7,377.0,385.0,396.75,405.90000000000003,408.75
上海交通大学,2023,48,exact,1.0,3.316571375032607,393.8958333333333,15.909637897016525,365.0,423.0,368.75,374.0,381.5,393.0,407.0,417.0,419.65
上海财经大学,2023,94,soft_roster,0.1,1.878609369497331,392.3085106382979,17.20654201402858,364.0,437.0,367.95,371.0,378.25,391.0,404.75,414.7,421.4
东北大学,2023,27,exact,1.0,4.099677835923011,402.3333333333333,15.033296378372908,377.0,440.0,382.0,386.8,392.5,400.0,409.5,422.6,430.8
东南大学,2023,11,exact,1.0,4.087030684961861,402.1818181818182,14.476312940926512,386.0,437.0,386.0,386.0,394.0,400.0,406.5,413.0,425.0
中国石油大学（北京）,2023,9,soft_roster,0.55,8.333880291960085,410.55555555555554,13.893443697578284,385.0,434.0,389.8,394.6,406.0,412.0,414.0,423.6,428.8
中国科学技术大学,2023,10,exact,1.0,2.8748824234999506,399.8,17.99876538975814,382.0,434.0,383.35,384.7,387.0,394.5,404.5,428.6,431.3
中国药科大学,2023,11,soft_roster,0.46556494868983783,3.4397959526978044,372.72727272727275,23.41405949036138,349.0,412.0,350.5,352.0,356.0,364.0,387.0,411.0,411.5
中央财经大学,2023,41,soft_roster,0.1,2.8068063991237726,486.9024390243902,9.812759240011905,445.0,499.0,476.0,478.0,481.0,488.0,494.0,498.0,498.0
内蒙古大学,2023,50,exact,1.0,2.7245943779807873,369.12,20.249101768942236,339.0,424.0,340.9,344.9,352.0,368.5,381.5,393.8,405.55
北京交通大学,2023,11,soft_roster,0.42834043068927274,2.988613526505361,407.72727272727275,11.925526479706539,392.0,429.0,394.0,396.0,398.5,404.0,414.5,424.0,426.5
北京工业大学,2023,23,exact,1.0,8.155555500732342,390.5652173913044,21.139850534769895,352.0,422.0,354.2,357.6,378.5,393.0,409.0,413.8,416.7
北京师范大学,2023,76,soft_roster,0.1,1.2231578455437038,405.88157894736844,11.548122046766629,390.0,440.0,390.0,391.5,396.75,404.0,414.25,421.0,424.5
华东师范大学,2023,40,exact,1.0,1.4313813616931719,409.25,9.355513937012814,395.0,435.0,396.95,399.9,401.75,408.0,414.25,421.1,427.1
华中农业大学,2023,27,exact,1.0,2.992000786883039,373.1111111111111,22.03028218914441,346.0,439.0,350.9,354.2,358.5,367.0,376.0,405.20000000000005,413.5
华南师范大学,2023,10,soft_roster,0.1,10.084785971853746,383.9,24.237024019737515,347.0,423.0,349.25,351.5,367.5,390.0,397.0,408.6,415.79999999999995
南京师范大学,2023,9,soft_roster,0.55,9.63834055263709,402.6666666666667,16.217274740226856,372.0,429.0,380.0,388.0,393.0,405.0,406.0,420.2,424.6
厦门大学,2023,36,exact,1.0,3.143909694658574,390.5833333333333,17.738376475878507,362.0,424.0,364.75,366.5,376.75,390.0,404.0,414.5,421.0
哈尔滨工业大学,2023,16,exact,1.0,7.2295951509089385,411.375,13.826906137431227,386.0,429.0,388.25,389.0,405.75,414.5,421.25,427.5,428.25
四川大学,2023,13,exact,1.0,5.327834763134388,389.7692307692308,25.80747258112737,358.0,429.0,358.6,360.2,372.0,379.0,416.0,422.0,424.8
大连理工大学,2023,52,exact,1.0,1.7347782121774127,405.1923076923077,11.890082309018462,382.0,433.0,388.1,391.0,395.75,405.0,414.0,421.9,422.45
对外经济贸易大学,2023,69,soft_roster,0.12272158808163641,1.5212312462293525,390.3333333333333,12.938390965816179,365.0,423.0,372.4,373.8,380.0,389.0,399.0,407.2,411.6
山东大学,2023,25,soft_roster,0.1,5.565561771990119,409.04,13.473678042761746,371.0,435.0,393.4,396.2,403.0,410.0,416.0,424.40000000000003,432.79999999999995
暨南大学,2023,50,exact,1.0,2.112174820527997,412.52,14.803805357448622,389.0,451.0,392.0,394.8,400.25,410.5,423.5,431.2,435.55
武汉理工大学,2023,42,exact,1.0,1.2497747544805566,396.0238095238095,13.590685646908247,379.0,428.0,379.0,380.0,384.25,395.0,405.0,415.8,419.0
河北工业大学,2023,24,exact,1.0,3.44304448349354,380.6666666666667,16.169393166174135,353.0,414.0,358.3,360.0,366.0,382.0,390.0,403.1,404.0
河海大学,2023,21,exact,1.0,4.0452791353976165,377.0,15.446682491719702,352.0,415.0,357.0,359.0,367.0,375.0,387.0,395.0,398.0
清华大学,2023,8,soft_roster,0.1,5.244194654813799,424.5,12.317235311314212,406.0,439.0,408.45,410.9,413.0,427.5,434.5,436.9,437.95
湖南师范大学,2023,23,exact,1.0,6.053803976227057,377.1304347826087,14.722599658737664,348.0,402.0,351.5,356.8,367.0,380.0,387.5,393.0,393.9
西安交通大学,2023,27,soft_roster,0.1,5.624075342975367,401.037037037037,12.380137570633304,376.0,428.0,379.6,383.4,396.5,401.0,407.5,413.0,423.0
西安电子科技大学,2023,13,soft_roster,0.49216162424790344,9.728249095827598,380.6923076923077,15.845002447589037,351.0,406.0,354.6,357.8,380.0,382.0,387.0,396.4,400.59999999999997
辽宁大学,2023,69,exact,1.0,3.798208180890745,379.95652173913044,15.435286905057263,348.0,420.0,353.8,363.6,369.0,378.0,389.0,400.4,405.6
上海交通大学,2024,51,exact,1.0,1.6616955895206051,407.6078431372549,14.394552346457392,384.0,434.0,388.5,389.0,395.0,407.0,419.0,428.0,430.5
上海财经大学,2024,89,soft_roster,0.2613211555021994,4.397773934114344,389.53932584269666,22.071194812457215,339.0,437.0,349.0,356.0,379.0,392.0,406.0,413.4,420.6
东北大学,2024,17,soft_roster,0.1,3.8618257778333756,393.88235294117646,15.600009426844814,371.0,417.0,372.6,375.4,382.0,387.0,411.0,413.8,415.4
东南大学,2024,12,exact,1.0,6.249223602627423,409.3333333333333,12.72315950850212,387.0,434.0,389.75,392.9,401.75,412.0,415.25,419.6,426.3
中南财经政法大学,2024,112,soft_roster,0.21615812342867913,1.4347561064811953,386.38392857142856,13.02820608513136,364.0,423.0,367.55,371.1,376.0,384.5,395.25,403.0,410.0
中国人民大学,2024,29,exact,1.0,2.2459392786189123,422.0689655172414,11.77749377439493,405.0,450.0,405.4,407.6,413.0,419.0,429.0,435.4,440.59999999999997
中国地质大学（北京）,2024,18,soft_roster,0.1,23.708371246822868,383.77777777777777,29.68175425994415,283.0,412.0,349.3,361.0,380.75,389.5,403.25,407.0,407.75
中国地质大学（武汉）,2024,43,soft_roster,0.395851043795216,4.469441256482193,392.2093023255814,16.451310759089605,358.0,421.0,367.5,372.4,379.5,393.0,404.0,416.8,417.9
中国海洋大学,2024,11,soft_roster,0.2465373922464341,4.488507290592018,410.27272727272725,14.429767212889534,389.0,439.0,393.0,397.0,399.5,411.0,419.0,423.0,431.0
中国石油大学（华东）,2024,25,soft_roster,0.33915001614011436,2.675979167427226,373.16,18.1674617563012,349.0,415.0,350.2,352.6,357.0,372.0,383.0,394.0,407.99999999999994
中国药科大学,2024,8,soft_roster,0.3705859631299973,7.968833173190551,367.75,20.940391591371924,338.0,403.0,341.85,345.7,356.5,363.5,382.0,390.4,396.7
中央民族大学,2024,58,exact,1.0,1.8919387469530358,394.82758620689657,14.144787560229279,372.0,434.0,375.0,378.4,383.25,392.5,404.0,413.6,417.0
中山大学,2024,47,soft_roster,0.447059225622242,3.215046650511462,431.531914893617,14.632975066504665,396.0,459.0,407.8,414.0,424.5,432.0,441.0,449.6,455.7
云南大学,2024,113,soft_roster,0.5311984443132999,2.9311588923926397,369.6371681415929,20.46253630195866,331.0,415.0,337.8,344.4,356.0,367.0,383.0,398.0,405.4
兰州大学,2024,53,soft_roster,0.21033967460796718,3.665114468071095,406.1132075471698,23.2863944903444,366.0,448.0,372.2,375.6,389.0,403.0,426.0,437.6,441.4
北京交通大学,2024,11,soft_roster,0.20915313631226043,7.883591949233674,400.0,17.567014544310027,370.0,425.0,375.5,381.0,388.5,398.0,414.0,417.0,421.0
北京工业大学,2024,20,soft_roster,0.4241120305412586,5.459193203251783,377.85,13.287409949192307,353.0,402.0,356.8,357.9,370.0,378.5,387.0,391.6,397.25
北京师范大学,2024,167,soft_roster,0.2925128638655351,1.4212966207249225,398.1616766467066,14.081654032976784,375.0,432.0,377.3,381.0,387.5,397.0,408.5,418.0,423.79999999999995
北京林业大学,2024,30,soft_roster,0.1,3.4911893092172472,387.03333333333336,15.155477747241305,365.0,422.0,366.45,371.5,377.25,385.0,390.0,413.3,417.1
华东师范大学,2024,64,soft_roster,0.4055238613680311,1.6477137344061157,380.578125,16.636930317724644,353.0,422.0,357.3,361.0,367.5,379.5,390.0,401.0,412.94999999999993
华中农业大学,2024,15,soft_roster,0.422432381134915,4.853315430782414,391.8666666666667,14.217025340197209,371.0,417.0,371.0,373.0,383.5,393.0,396.5,412.6,415.6
华中师范大学,2024,32,exact,1.0,2.1437993809556377,390.875,14.68321402805082,372.0,428.0,373.55,375.1,380.0,388.0,397.25,406.9,422.35
华中科技大学,2024,25,exact,1.0,3.62571836656871,392.16,12.314219423089716,370.0,414.0,374.2,376.6,384.0,389.0,404.0,407.0,407.0
华北电力大学,2024,81,soft_roster,0.46662316816134863,2.5732091647212445,374.9012345679012,21.452625094770806,338.0,426.0,344.0,347.0,357.0,376.0,390.0,407.0,410.0
南京大学,2024,6,soft_roster,0.2657829734206482,2.963372669371434,399.0,11.099549540409287,388.0,420.0,389.0,390.0,393.25,397.5,398.75,409.5,414.75
南京师范大学,2024,7,soft_roster,0.2023336926442933,3.4137081250691557,395.7142857142857,12.092894411103373,381.0,412.0,382.5,384.0,387.0,394.0,404.5,411.4,411.7
南昌大学,2024,23,soft_roster,0.4465649903828493,1.1116764747823824,393.30434782608694,10.563379205403645,382.0,419.0,382.1,383.0,385.0,391.0,396.5,407.8,417.09999999999997
厦门大学,2024,29,soft_roster,0.1,2.829823828951711,393.2413793103448,13.770193411894592,367.0,418.0,377.0,380.0,382.0,393.0,403.0,416.2,417.6
哈尔滨工业大学,2024,18,soft_roster,0.4394408281315198,1.7155069670957783,407.1666666666667,14.817517455006145,392.0,443.0,392.0,392.7,395.5,401.5,414.0,427.3,430.25
四川大学,2024,27,soft_roster,0.46372112952563405,3.6057117407187684,398.22222222222223,16.139615221162476,371.0,426.0,375.6,377.0,386.5,396.0,410.0,420.8,424.1
大连理工大学,2024,19,soft_roster,0.3011534514106884,2.8413331050430948,422.10526315789474,14.066882845266614,398.0,447.0,405.2,406.0,408.0,421.0,432.5,437.4,443.4
安徽大学,2024,77,soft_roster,0.2893262454895693,0.7098986660898298,395.1818181818182,14.15304251531067,377.0,434.0,378.8,379.0,382.0,391.0,408.0,415.4,420.0
对外经济贸易大学,2024,55,soft_roster,0.14279609562406562,1.5829780729939291,401.6,12.972335236243374,381.0,431.0,382.7,385.4,390.5,403.0,411.0,417.6,422.0
山东大学,2024,10,soft_roster,0.1,1.6721966994949466,404.3,5.945119380167604,396.0,413.0,396.9,397.8,399.5,404.0,409.0,410.3,411.65
武汉大学,2024,11,exact,1.0,2.245889360369077,400.72727272727275,14.785742518324259,386.0,430.0,386.5,387.0,388.5,399.0,407.0,421.0,425.5
武汉理工大学,2024,32,soft_roster,0.1,0.9457837474269153,389.96875,12.900323514322947,375.0,420.0,377.0,377.1,379.75,385.0,398.75,406.0,416.25
河北工业大学,2024,23,soft_roster,0.40506849941070466,2.6862610368983804,384.2173913043478,18.03268880707057,362.0,425.0,363.0,363.2,370.0,382.0,398.5,409.0,412.7
河海大学,2024,22,soft_roster,0.4051222207106555,2.6528149081564156,388.40909090909093,13.408096668694492,369.0,414.0,371.0,371.1,378.0,388.0,397.5,401.9,413.4
清华大学,2024,7,soft_roster,0.55,1.216759838466285,427.0,6.2182527020592095,421.0,438.0,421.3,421.6,423.0,425.0,429.5,435.0,436.5
湖南大学,2024,21,exact,1.0,3.021080258107342,394.57142857142856,15.73077057416905,371.0,426.0,377.0,378.0,383.0,390.0,406.0,419.0,422.0
福州大学,2024,21,exact,1.0,2.0163394120595433,405.7142857142857,12.071217242444348,390.0,435.0,392.0,392.0,398.0,404.0,414.0,417.0,429.0
苏州大学,2024,26,soft_roster,0.27087560392360954,4.666621514153078,407.2692307692308,15.815328494363163,381.0,436.0,382.75,386.5,396.0,406.5,420.5,428.5,430.75
西北大学,2024,46,exact,1.0,3.6899430455875173,378.2173913043478,20.87306935154936,344.0,427.0,346.0,351.0,360.75,377.5,393.75,402.5,414.0
西南大学,2024,22,soft_roster,0.2877243801854649,2.1315189708569595,407.6363636363636,11.986283647194224,391.0,432.0,392.05,393.2,397.25,407.5,412.5,425.6,426.0
西安电子科技大学,2024,9,soft_roster,0.55,2.5878773675097624,363.44444444444446,19.950633518206327,347.0,403.0,347.0,347.0,347.0,357.0,363.0,392.6,397.8
贵州大学,2024,36,soft_roster,0.43850698115364517,3.7665239548823664,368.05555555555554,24.41772710195191,333.0,425.0,339.25,343.5,349.75,360.5,384.0,404.0,416.25
辽宁大学,2024,81,soft_roster,0.46717519861675555,1.8087762912178145,372.5925925925926,15.31729233397484,343.0,417.0,351.0,355.0,362.0,369.0,383.0,390.0,397.0
郑州大学,2024,74,soft_roster,0.5142430717987493,1.4994894559911485,375.4054054054054,15.663340778835881,347.0,422.0,356.65,358.3,364.0,372.5,387.25,396.0,402.4
上海交通大学,2025,60,exact,1.0,2.029208574158272,399.78333333333336,15.040162804143486,375.0,436.0,377.95,381.8,388.0,398.5,411.25,419.3,424.15
上海财经大学,2025,132,soft_roster,0.41197586234990846,2.6810724831044133,364.8484848484849,20.378286921119336,324.0,410.0,332.1,339.1,348.0,363.5,381.25,393.8,396.9
东北大学,2025,16,soft_roster,0.2575757737851232,3.997835969927036,393.0,15.836666315863324,372.0,431.0,372.75,374.5,382.25,392.0,401.75,411.0,418.25
东北师范大学,2025,23,soft_roster,0.45281055348417926,3.893011417642885,391.82608695652175,13.966362752612058,373.0,427.0,373.0,373.6,385.5,389.0,397.5,409.2,419.09999999999997
东南大学,2025,15,soft_roster,0.47375327663749656,1.977029247291162,364.26666666666665,11.541643029028572,351.0,394.0,351.7,352.4,356.5,362.0,370.5,375.6,381.4
中南大学,2025,26,exact,1.0,2.5444201842608614,388.34615384615387,14.360897764951348,370.0,421.0,371.25,374.5,377.5,383.5,400.25,408.5,414.5
中南财经政法大学,2025,179,soft_roster,0.43795414461467,0.7515595796753596,349.6480446927374,20.66653741261958,323.0,437.0,324.9,326.0,332.0,346.0,364.5,376.0,385.2
中国地质大学（北京）,2025,15,exact,1.0,2.6097715508349717,379.06666666666666,13.951275756650187,361.0,409.0,363.1,364.0,369.0,380.0,386.0,396.8,404.09999999999997
中国地质大学（武汉）,2025,40,exact,1.0,6.538975191615009,380.625,14.453617238672514,349.0,415.0,352.9,364.9,373.5,379.0,390.25,396.2,400.69999999999993
中国药科大学,2025,12,exact,1.0,6.937368275404479,361.8333333333333,17.361573731210036,334.0,388.0,337.3,341.0,350.0,362.0,370.5,386.4,387.45
中央民族大学,2025,82,soft_roster,0.1,4.222221626758298,390.0975609756098,18.908231766762825,326.0,424.0,367.15,373.0,380.0,392.5,403.75,411.0,413.95
中央财经大学,2025,58,exact,1.0,2.0904377340451723,364.87931034482756,15.58685634578383,343.0,418.0,345.0,345.7,353.25,364.0,373.0,384.0,395.15
中山大学,2025,48,soft_roster,0.2071990756997476,3.4224595745661555,369.5416666666667,23.02353867964986,331.0,426.0,334.7,340.1,354.25,368.5,386.5,393.8,405.55
兰州大学,2025,76,exact,1.0,4.346956064538383,393.8157894736842,21.875228319610464,356.0,439.0,357.0,364.5,374.75,394.5,411.25,419.0,423.5
北京交通大学,2025,21,exact,1.0,4.178786098049678,383.23809523809524,10.816213579181774,363.0,401.0,365.0,369.0,377.0,382.0,391.0,396.0,397.0
北京工业大学,2025,19,exact,1.0,1.351993804441148,389.0,10.780641085864152,376.0,410.0,376.0,376.8,379.5,390.0,397.5,402.0,406.4
北京师范大学,2025,215,soft_roster,0.21066830248042814,0.9102719126475094,372.8837209302326,16.10452032427626,347.0,415.0,351.0,354.0,361.0,369.0,385.0,396.6,401.0
华中农业大学,2025,12,exact,1.0,1.042731820579789,376.5,10.825055112183872,367.0,403.0,367.55,368.1,369.0,372.0,378.75,389.4,395.84999999999997
华中师范大学,2025,40,exact,1.0,1.930596901063083,390.25,14.42176062369569,361.0,426.0,371.9,375.0,379.0,387.5,400.75,409.2,412.15
华中科技大学,2025,30,exact,1.0,2.3020815209999297,384.8333333333333,13.761724364020097,366.0,419.0,367.0,367.9,375.25,383.0,393.75,401.3,407.29999999999995
华北电力大学,2025,19,soft_roster,0.1,5.069292997203014,370.10526315789474,14.861937726368529,340.0,391.0,348.1,351.4,360.0,370.0,381.0,386.0,390.1
南京大学,2025,14,exact,1.0,5.638748033862609,386.35714285714283,17.300987712387286,359.0,421.0,364.2,367.6,377.5,383.5,393.5,409.1,413.85
南京师范大学,2025,9,soft_roster,0.31272274628281593,8.431245190092357,394.22222222222223,21.35870886651261,364.0,425.0,365.6,367.2,383.0,391.0,412.0,420.2,422.6
南京航空航天大学,2025,18,exact,1.0,3.2431032713789465,378.94444444444446,14.383291868251867,358.0,410.0,358.85,362.5,366.5,378.0,389.25,395.3,398.09999999999997
厦门大学,2025,42,soft_roster,0.34313684329390526,2.822597429008651,389.42857142857144,10.633914583671542,366.0,409.0,372.15,376.2,379.25,391.0,398.0,402.8,404.0
哈尔滨工业大学,2025,21,exact,1.0,5.254621779923846,379.04761904761904,19.716683774093934,352.0,430.0,353.0,357.0,366.0,376.0,392.0,396.0,415.0
四川大学,2025,12,soft_roster,0.1,4.199164594689432,396.75,11.513825681248688,380.0,411.0,380.55,381.0,387.0,399.5,405.5,408.8,409.9
大连理工大学,2025,15,exact,1.0,2.653480725379396,403.3333333333333,12.804389128434863,386.0,430.0,386.7,388.2,392.5,404.0,412.5,415.6,420.2
延边大学,2025,7,soft_roster,0.5165696429709592,7.687628885285625,346.2857142857143,29.009850543762347,315.0,405.0,318.6,322.2,332.0,340.0,350.0,376.20000000000005,390.59999999999997
新疆大学,2025,19,exact,1.0,2.8099202500803844,341.6842105263158,25.302728512463602,313.0,383.0,313.9,314.0,319.0,333.0,365.0,378.4,380.3
暨南大学,2025,45,exact,1.0,3.41555002627424,359.0,18.039098949478905,323.0,397.0,333.0,338.0,347.0,355.0,371.0,383.6,388.8
武汉大学,2025,6,soft_roster,0.1,21.099572737847552,393.6666666666667,30.936494091390944,338.0,427.0,349.0,360.0,387.0,402.0,408.75,419.0,423.0
河北工业大学,2025,24,exact,1.0,1.9007053087395405,350.25,24.751372381801556,323.0,417.0,323.0,323.3,329.25,347.5,365.25,380.2,385.4
河海大学,2025,31,exact,1.0,1.6892046685977435,357.5806451612903,13.903894403004236,337.0,395.0,340.0,341.0,346.0,357.0,366.5,375.0,378.5
湖南大学,2025,15,exact,1.0,3.265753227686401,399.73333333333335,12.600831416257913,380.0,421.0,385.6,388.0,389.5,398.0,405.0,419.6,420.3
湖南师范大学,2025,27,exact,1.0,2.776142310135796,366.037037037037,27.452730677519526,332.0,423.0,333.3,334.6,343.5,355.0,391.5,398.20000000000005,403.7
苏州大学,2025,15,exact,1.0,2.726923738037618,398.06666666666666,15.517118043662373,380.0,433.0,380.0,382.0,386.0,396.0,405.5,417.6,423.9
西北大学,2025,31,exact,1.0,4.904777348753034,359.3225806451613,22.651544607780714,325.0,406.0,327.5,328.0,344.5,356.0,374.5,388.0,394.5
西南交通大学,2025,10,exact,1.0,10.244882859985019,373.1,25.7959945211138,331.0,402.0,339.55,348.1,351.75,374.5,397.25,401.1,401.55
西南大学,2025,34,soft_roster,0.1,5.0420617982306775,380.70588235294116,21.88887833244103,329.0,425.0,355.55,359.6,366.5,376.5,398.0,411.0,418.15
西安电子科技大学,2025,10,exact,1.0,1.1234053585414305,384.0,8.73053390247253,375.0,397.0,375.45,375.9,377.0,380.0,391.75,395.2,396.1
贵州大学,2025,46,exact,1.0,4.073527141602639,357.45652173913044,22.27276016596569,314.0,411.0,324.75,329.5,340.5,357.0,374.25,387.0,391.0
上海大学,2026,10,soft_roster,0.2038525443573995,4.475496806127972,360.9,17.14934401077779,341.0,397.0,342.35,343.7,348.5,358.5,367.25,380.8,388.9
上海财经大学,2026,93,soft_roster,0.2335263529806139,2.3081953569413933,390.96774193548384,20.726192005844045,355.0,443.0,363.2,365.4,375.0,390.0,404.0,417.6,424.79999999999995
东北大学,2026,21,soft_roster,0.41429776105006133,5.722120119209196,390.8095238095238,19.711973639438156,362.0,428.0,366.0,366.0,380.0,385.0,396.0,422.0,428.0
东北师范大学,2026,11,soft_roster,0.1,8.631944245734067,382.72727272727275,20.6982651886138,350.0,428.0,357.0,364.0,369.0,385.0,390.5,398.0,413.0
东北林业大学,2026,21,exact,1.0,4.265512231209119,357.76190476190476,22.531987843740648,326.0,402.0,327.0,331.0,338.0,356.0,373.0,382.0,394.0
东南大学,2026,19,exact,1.0,3.5233857988428547,413.5263157894737,11.047213932594708,397.0,442.0,397.0,401.8,406.0,413.0,421.0,423.4,426.7
中南大学,2026,28,soft_roster,0.34174943282859926,1.7231810302063064,416.42857142857144,8.225653509683935,402.0,435.0,405.35,406.7,411.0,414.5,422.25,425.3,427.95
中南财经政法大学,2026,152,soft_roster,0.4140414202157428,1.3121579739301759,382.80263157894734,15.175371941363785,358.0,426.0,362.55,366.0,371.75,380.5,391.25,407.0,410.9
中国人民大学,2026,45,soft_roster,0.3770559177235845,9.693740452682029,396.1777777777778,22.396518488462455,344.0,434.0,350.2,356.2,392.0,401.0,409.0,420.0,425.59999999999997
中国地质大学（北京）,2026,10,soft_roster,0.1,24.72520393160508,395.4,27.905395734716095,329.0,430.0,351.95,374.9,391.25,395.5,411.25,422.8,426.4
中国地质大学（武汉）,2026,27,soft_roster,0.4702066347449066,11.834577059370316,370.6296296296296,20.632588390788577,326.0,420.0,330.6,335.0,364.5,373.0,381.5,387.0,389.1
中国海洋大学,2026,11,exact,1.0,2.5500915605065964,411.45454545454544,10.642966093750712,398.0,427.0,398.5,399.0,402.5,409.0,420.0,425.0,426.0
中国石油大学（北京）,2026,10,soft_roster,0.25292804899666516,3.770293685440764,402.0,22.6960593740656,377.0,436.0,379.25,381.5,384.5,392.5,419.75,435.1,435.55
中国科学技术大学,2026,11,soft_roster,0.29501193852045904,3.9420221382608367,407.27272727272725,12.418461330542597,392.0,432.0,393.5,395.0,401.5,403.0,411.0,426.0,429.0
中国药科大学,2026,10,exact,1.0,6.013683509243677,375.7,28.386420853797137,341.0,422.0,343.7,346.4,351.75,367.5,401.25,404.0,413.0
中央民族大学,2026,71,exact,1.0,0.6540426375793644,400.7464788732394,12.8527021170749,382.0,438.0,384.5,386.0,389.5,400.0,407.0,419.0,424.5
中央财经大学,2026,62,exact,1.0,1.7677090697723308,395.0967741935484,17.179581549341375,369.0,432.0,372.1,375.0,382.0,393.0,408.0,417.9,428.7
云南大学,2026,144,soft_roster,0.5350349497136905,1.6865508868379557,366.4583333333333,18.547943923147486,339.0,419.0,341.0,343.3,353.75,364.0,378.0,391.0,397.0
兰州大学,2026,66,soft_roster,0.4229936015320077,2.2236457902733973,410.56060606060606,21.141376702045893,370.0,463.0,380.0,384.0,394.0,411.0,425.0,440.5,444.5
内蒙古大学,2026,44,exact,1.0,3.4321672762574083,363.20454545454544,28.08424166719019,315.0,415.0,323.15,324.6,340.5,365.5,385.0,401.5,405.85
北京交通大学,2026,10,soft_roster,0.1,3.7989896119984405,408.4,11.49105932646962,392.0,428.0,394.25,396.5,399.0,408.5,415.0,422.6,425.3
北京工业大学,2026,10,soft_roster,0.12712221574579385,1.663758781579618,406.1,6.5903970543005475,398.0,417.0,398.45,398.9,401.0,405.0,411.75,412.5,414.75
北京师范大学,2026,252,soft_roster,0.26344617982912055,0.9539128365315651,405.7579365079365,14.683681232232509,375.0,443.0,383.55,387.0,393.0,406.0,417.25,424.0,430.0
华东师范大学,2026,58,soft_roster,0.31775654408543097,1.4943866405423414,408.63793103448273,11.479498546206333,392.0,439.0,393.0,393.7,399.0,407.5,414.75,425.3,429.3
华东理工大学,2026,25,soft_roster,0.21312234911767022,3.821697703028497,389.12,18.857624452724686,361.0,433.0,366.0,371.2,375.0,382.0,401.0,415.4,421.79999999999995
华中师范大学,2026,34,soft_roster,0.4771613941439229,2.9231819362866625,385.7647058823529,20.52944496368409,357.0,432.0,359.6,362.3,371.0,380.0,398.25,413.5,426.35
华中科技大学,2026,28,soft_roster,0.46601110576993077,1.9944477485815026,395.0,14.36043948569201,376.0,427.0,378.0,378.7,385.0,391.0,401.75,416.2,420.95
华北电力大学,2026,51,soft_roster,0.3843972460532198,2.8513551561014325,394.98039215686276,14.602041221799684,372.0,438.0,374.0,379.0,385.5,392.0,402.0,413.0,420.0
华南师范大学,2026,35,soft_roster,0.3976081134658602,10.302098362502205,400.0,21.98395136564532,343.0,436.0,360.5,376.4,387.5,401.0,415.5,426.6,431.6
南京大学,2026,11,exact,1.0,3.356498485338863,423.8181818181818,10.694093526972559,409.0,449.0,412.0,415.0,416.0,424.0,427.5,431.0,440.0
南京理工大学,2026,15,exact,1.0,4.208580923944953,399.73333333333335,17.23147728791149,375.0,423.0,376.4,377.8,385.5,394.0,416.0,420.8,422.3
南京航空航天大学,2026,22,exact,1.0,6.039699410481362,421.0,15.209646062066446,395.0,450.0,396.55,407.2,412.0,419.0,433.5,442.5,445.85
南昌大学,2026,28,soft_roster,0.24720670573158393,2.5129919057407073,395.10714285714283,11.376842254445638,378.0,420.0,380.75,385.4,387.75,392.0,401.5,414.3,417.6
厦门大学,2026,48,soft_roster,0.182217076570553,1.00157015869223,418.2291666666667,9.397237220368895,401.0,434.0,405.0,405.0,410.0,419.0,426.25,430.0,431.0
吉林大学,2026,9,soft_roster,0.55,3.403941841462641,408.6666666666667,15.443445211480501,390.0,428.0,391.6,393.2,395.0,403.0,426.0,428.0,428.0
同济大学,2026,28,soft_roster,0.2012375301104477,2.640573352063453,427.82142857142856,13.219103940687848,405.0,456.0,410.4,414.4,417.25,426.5,436.5,445.9,449.3
哈尔滨工业大学,2026,24,soft_roster,0.3290835061698962,3.63516035145367,401.2916666666667,16.734445514168275,371.0,426.0,378.0,378.9,386.0,403.0,415.0,422.5,425.7
四川大学,2026,11,soft_roster,0.1,6.122945815983141,416.8181818181818,14.091260992673309,396.0,443.0,397.0,398.0,407.5,418.0,422.0,433.0,438.0
复旦大学,2026,118,soft_roster,0.21071843077909913,0.9551560254916626,413.2457627118644,13.680691016109378,381.0,451.0,395.85,397.0,403.0,411.0,424.0,431.0,434.15
安徽大学,2026,56,soft_roster,0.3310867149006606,1.3552972296070633,398.98214285714283,12.75003183087445,374.0,434.0,384.0,385.0,389.75,396.0,407.0,417.5,421.5
山东大学,2026,21,soft_roster,0.14929786684301766,6.727976342531657,374.8095238095238,31.350628458802937,331.0,431.0,334.0,335.0,348.0,366.0,403.0,412.0,424.0
暨南大学,2026,27,soft_roster,0.1,2.9850208289640725,401.8888888888889,14.189197769195175,380.0,429.0,382.3,386.0,390.0,401.0,411.0,419.4,424.2
武汉理工大学,2026,54,exact,1.0,1.6331064253736192,381.0740740740741,13.763297997500251,359.0,416.0,363.0,364.3,371.25,380.0,387.75,398.4,409.4
河北工业大学,2026,19,soft_roster,0.22851544713863745,3.0001852395262985,390.4736842105263,19.132196310735328,369.0,431.0,369.0,369.0,377.0,383.0,404.0,416.8,421.09999999999997
河海大学,2026,21,soft_roster,0.24222570797062193,1.2047553425635578,388.5238095238095,11.74997467069205,374.0,414.0,377.0,377.0,378.0,386.0,395.0,407.0,411.0
湖南师范大学,2026,26,soft_roster,0.4677253390156207,4.389843929996798,371.46153846153845,21.907497838376283,339.0,416.0,339.25,341.5,352.25,369.5,387.75,396.5,406.5
福州大学,2026,22,soft_roster,0.23210777461493928,3.825938781208811,409.1363636363636,12.725285868415705,390.0,431.0,390.0,390.5,398.0,409.5,415.5,427.9,428.0
苏州大学,2026,18,soft_roster,0.4333796720911449,5.162103922521019,404.77777777777777,13.64488939258753,381.0,424.0,383.55,384.7,396.0,406.0,414.5,423.3,424.0
西北大学,2026,41,exact,1.0,2.0966353712269283,373.4878048780488,21.590648382134695,341.0,421.0,346.0,348.0,356.0,372.0,387.0,399.0,417.0
西南交通大学,2026,10,exact,1.0,5.786016652127668,386.2,22.235107375499673,360.0,420.0,360.9,361.8,365.5,387.0,402.75,415.5,417.75
西南大学,2026,22,soft_roster,0.23347807876886717,3.3005425222137266,423.6363636363636,11.623233934648614,402.0,446.0,408.1,410.1,417.25,422.0,431.0,435.0,445.45
西安交通大学,2026,65,soft_roster,0.3355143461520722,3.0231298142610186,399.24615384615385,13.913831662718273,370.0,429.0,376.4,380.0,392.0,398.0,407.0,420.2,421.0
西安电子科技大学,2026,14,exact,1.0,9.10256986890066,390.2142857142857,20.829633371080405,355.0,412.0,355.65,357.8,376.5,395.5,408.0,410.1,411.35
贵州大学,2026,48,exact,1.0,3.5114970313815452,363.875,26.224582425736646,323.0,430.0,327.35,330.7,346.75,359.5,382.5,397.6,405.0
辽宁大学,2026,64,exact,1.0,2.306462347093175,369.953125,16.89033694580594,340.0,408.0,347.0,348.3,355.0,368.0,384.5,389.7,398.7
郑州大学,2026,41,soft_roster,0.40724429049248273,1.9934765985456036,387.4390243902439,16.442397605714024,366.0,439.0,368.0,370.0,376.0,386.0,393.0,410.0,417.0
陕西师范大学,2026,30,exact,1.0,4.006540453609126,372.8666666666667,21.525819834334534,340.0,414.0,343.45,348.5,354.5,364.5,390.75,398.5,406.29999999999995
