school,year,candidate_n,score_min,score_max,score_mean,score_sd,score_q05,score_q10,score_q20,score_q25,score_q50,score_q75,score_q80,score_q90,score_q95,score_iqr,lower_tail_span_q50_q10,upper_tail_span_q90_q50,bowley_skewness,sample_skewness,q10_bootstrap_sd,q10_bootstrap_p05,q10_bootstrap_p95,label_tier
上海交通大学,2022,44,401.0,437.0,415.77272727272725,9.368089419179906,402.3,404.3,408.6,410.0,414.5,420.5,422.8,430.4,433.85,10.5,10.199999999999989,15.899999999999977,0.14285714285714285,0.5580059963562556,1.6998987103097207,402.0,408.3,exact_candidate_distribution
中国药科大学,2022,14,388.0,436.0,401.5,11.653655748634947,389.95,391.6,393.0,394.0,400.0,404.25,405.4,408.8,419.09999999999997,10.25,8.399999999999977,8.800000000000011,-0.17073170731707318,1.8583068213412164,2.386853261984729,388.0,397.0,exact_candidate_distribution
华中师范大学,2022,26,367.0,431.0,394.4230769230769,15.443245972069672,370.5,373.0,380.0,383.25,394.5,403.5,405.0,413.0,413.75,20.25,21.5,18.5,-0.1111111111111111,0.10826725219927548,4.205087529477274,369.5,382.0,exact_candidate_distribution
哈尔滨工业大学,2022,27,385.0,447.0,408.55555555555554,18.119970566569176,385.0,388.6,394.0,394.0,405.0,421.5,422.8,432.8,444.2,27.5,16.399999999999977,27.80000000000001,0.2,0.6376370902214387,3.3548553899301945,385.0,394.0,exact_candidate_distribution
武汉大学,2022,16,415.0,452.0,429.5,11.949895397031725,415.0,416.0,419.0,419.0,428.0,434.5,436.0,448.5,451.25,15.5,12.0,20.5,-0.16129032258064516,0.6324676854453891,2.237306909792285,415.0,422.0,exact_candidate_distribution
上海交通大学,2023,48,365.0,423.0,393.8958333333333,15.909637897016525,368.75,374.0,378.8,381.5,393.0,407.0,409.0,417.0,419.65,25.5,19.0,24.0,0.09803921568627451,0.06483482669461577,3.276041791920732,367.0,379.4,exact_candidate_distribution
东北大学,2023,27,377.0,440.0,402.3333333333333,15.033296378372908,382.0,386.8,391.2,392.5,400.0,409.5,411.6,422.6,430.8,17.0,13.199999999999989,22.600000000000023,0.11764705882352941,0.733627063264866,4.0973334329329765,380.0,391.8,exact_candidate_distribution
东南大学,2023,11,386.0,437.0,402.1818181818182,14.476312940926512,386.0,386.0,394.0,394.0,400.0,406.5,407.0,413.0,425.0,12.5,14.0,13.0,0.04,1.1667600622980046,4.139086344579434,386.0,394.0,exact_candidate_distribution
中国科学技术大学,2023,10,382.0,434.0,399.8,17.99876538975814,383.35,384.7,385.8,387.0,394.5,404.5,411.2,428.6,431.3,17.5,9.800000000000011,34.10000000000002,0.14285714285714285,1.0009480204344663,2.665611571952348,382.0,389.6,exact_candidate_distribution
内蒙古大学,2023,50,339.0,424.0,369.12,20.249101768942236,340.9,344.9,349.0,352.0,368.5,381.5,383.8,393.8,405.55,29.5,23.600000000000023,25.30000000000001,-0.11864406779661017,0.5191693463541371,2.7673298420548558,340.0,348.9,exact_candidate_distribution
北京工业大学,2023,23,352.0,422.0,390.5652173913044,21.139850534769895,354.2,357.6,373.6,378.5,393.0,409.0,411.6,413.8,416.7,30.5,35.39999999999998,20.80000000000001,0.04918032786885246,-0.3712095827968434,8.015590705442653,352.4,377.0,exact_candidate_distribution
华东师范大学,2023,40,395.0,435.0,409.25,9.355513937012814,396.95,399.9,401.0,401.75,408.0,414.25,417.0,421.1,427.1,12.5,8.100000000000023,13.100000000000023,0.0,0.7559381895090168,1.408957933626608,396.8,401.0,exact_candidate_distribution
华中农业大学,2023,27,346.0,439.0,373.1111111111111,22.03028218914441,350.9,354.2,358.0,358.5,367.0,376.0,385.0,405.20000000000005,413.5,17.5,12.800000000000011,38.200000000000045,0.02857142857142857,1.4055208148715945,2.8935259868054017,350.0,358.0,exact_candidate_distribution
厦门大学,2023,36,362.0,424.0,390.5833333333333,17.738376475878507,364.75,366.5,373.0,376.75,390.0,404.0,405.0,414.5,421.0,27.25,23.5,24.5,0.027522935779816515,0.15136612536903213,3.0949987493744344,364.0,373.0,exact_candidate_distribution
哈尔滨工业大学,2023,16,386.0,429.0,411.375,13.826906137431227,388.25,389.0,405.0,405.75,414.5,421.25,422.0,427.5,428.25,15.5,25.5,13.0,-0.12903225806451613,-0.5921149201754082,6.891914029461971,386.0,406.0,exact_candidate_distribution
四川大学,2023,13,358.0,429.0,389.7692307692308,25.80747258112737,358.6,360.2,367.8,372.0,379.0,416.0,419.6,422.0,424.8,44.0,18.80000000000001,43.0,0.6818181818181818,0.29486032083186076,5.198750932255536,358.0,372.0,exact_candidate_distribution
大连理工大学,2023,52,382.0,433.0,405.1923076923077,11.890082309018462,388.1,391.0,394.2,395.75,405.0,414.0,415.8,421.9,422.45,18.25,14.0,16.899999999999977,-0.0136986301369863,0.1870901374478461,1.6620816007717025,387.2,394.0,exact_candidate_distribution
暨南大学,2023,50,389.0,451.0,412.52,14.803805357448622,392.0,394.8,398.8,400.25,410.5,423.5,425.0,431.2,435.55,23.25,15.699999999999989,20.69999999999999,0.11827956989247312,0.45359182535160414,1.9532468313277889,392.0,398.0,exact_candidate_distribution
武汉理工大学,2023,42,379.0,428.0,396.0238095238095,13.590685646908247,379.0,380.0,383.0,384.25,395.0,405.0,406.8,415.8,419.0,20.75,15.0,20.80000000000001,-0.03614457831325301,0.5833659463889657,1.2804984295632917,379.0,383.0,exact_candidate_distribution
河北工业大学,2023,24,353.0,414.0,380.6666666666667,16.169393166174135,358.3,360.0,365.6,366.0,382.0,390.0,392.0,403.1,404.0,24.0,22.0,21.100000000000023,-0.3333333333333333,0.1543758303464118,3.668244035591458,355.1,366.0849999999999,exact_candidate_distribution
河海大学,2023,21,352.0,415.0,377.0,15.446682491719702,357.0,359.0,364.0,367.0,375.0,387.0,388.0,395.0,398.0,20.0,16.0,20.0,0.2,0.5087083644768349,4.163952479330794,352.0,367.0,exact_candidate_distribution
湖南师范大学,2023,23,348.0,402.0,377.1304347826087,14.722599658737664,351.5,356.8,366.4,367.0,380.0,387.5,391.2,393.0,393.9,20.5,23.19999999999999,13.0,-0.2682926829268293,-0.3849668294464878,5.8354091330321385,349.6,367.0,exact_candidate_distribution
辽宁大学,2023,69,348.0,420.0,379.95652173913044,15.435286905057263,353.8,363.6,367.0,369.0,378.0,389.0,396.20000000000005,400.4,405.6,20.0,14.399999999999977,22.399999999999977,0.1,0.23910181498711613,4.014333498442594,354.6,367.0,exact_candidate_distribution
上海交通大学,2024,51,384.0,434.0,407.6078431372549,14.394552346457392,388.5,389.0,394.0,395.0,407.0,419.0,422.0,428.0,430.5,24.0,18.0,21.0,0.0,0.19916965317651722,1.6657524172450653,388.0,393.0,exact_candidate_distribution
东南大学,2024,12,387.0,434.0,409.3333333333333,12.72315950850212,389.75,392.9,401.2,401.75,412.0,415.25,415.8,419.6,426.3,13.5,19.100000000000023,7.600000000000023,-0.5185185185185185,-0.019413926456479245,6.211484818408936,387.0,403.4349999999999,exact_candidate_distribution
中国人民大学,2024,29,405.0,450.0,422.0689655172414,11.77749377439493,405.4,407.6,411.2,413.0,419.0,429.0,432.4,435.4,440.59999999999997,16.0,11.399999999999977,16.399999999999977,0.25,0.4025318697501828,2.2651447968011307,405.0,412.0,exact_candidate_distribution
中央民族大学,2024,58,372.0,434.0,394.82758620689657,14.144787560229279,375.0,378.4,381.0,383.25,392.5,404.0,405.6,413.6,417.0,20.75,14.100000000000023,21.100000000000023,0.10843373493975904,0.48928089272901176,1.899224305863315,375.0,381.0,exact_candidate_distribution
华中师范大学,2024,32,372.0,428.0,390.875,14.68321402805082,373.55,375.1,380.0,380.0,388.0,397.25,400.4,406.9,422.35,17.25,12.899999999999977,18.899999999999977,0.07246376811594203,0.9650133374983605,2.0858308231041405,373.1,380.0,exact_candidate_distribution
华中科技大学,2024,25,370.0,414.0,392.16,12.314219423089716,374.2,376.6,382.6,384.0,389.0,404.0,405.2,407.0,407.0,20.0,12.399999999999977,18.0,0.5,0.015508959117201206,3.5728906453713205,371.6,383.8,exact_candidate_distribution
武汉大学,2024,11,386.0,430.0,400.72727272727275,14.785742518324259,386.5,387.0,388.0,388.5,399.0,407.0,413.0,421.0,425.5,18.5,12.0,22.0,-0.13513513513513514,0.8222547589515947,2.1256987786722803,386.0,393.0,exact_candidate_distribution
湖南大学,2024,21,371.0,426.0,394.57142857142856,15.73077057416905,377.0,378.0,381.0,383.0,390.0,406.0,409.0,419.0,422.0,23.0,12.0,29.0,0.391304347826087,0.5495811814018026,3.059508342143853,371.0,383.0,exact_candidate_distribution
福州大学,2024,21,390.0,435.0,405.7142857142857,12.071217242444348,392.0,392.0,393.0,398.0,404.0,414.0,414.0,417.0,429.0,16.0,12.0,13.0,0.25,0.784781082010944,1.9973967550034843,390.0,398.0,exact_candidate_distribution
西北大学,2024,46,344.0,427.0,378.2173913043478,20.87306935154936,346.0,351.0,359.0,360.75,377.5,393.75,395.0,402.5,414.0,33.0,26.5,25.0,-0.015151515151515152,0.2464345287387247,3.63746862893871,345.0,358.0,exact_candidate_distribution
上海交通大学,2025,60,375.0,436.0,399.78333333333336,15.040162804143486,377.95,381.8,385.6,388.0,398.5,411.25,414.0,419.3,424.15,23.25,16.69999999999999,20.80000000000001,0.0967741935483871,0.3668977424033286,2.047295706500391,377.9,384.0,exact_candidate_distribution
中南大学,2025,26,370.0,421.0,388.34615384615387,14.360897764951348,371.25,374.5,377.0,377.5,383.5,400.25,403.0,408.5,414.5,22.75,9.0,25.0,0.4725274725274725,0.7965501443719069,2.5963436671055042,371.0,377.0,exact_candidate_distribution
中国地质大学（北京）,2025,15,361.0,409.0,379.06666666666666,13.951275756650187,363.1,364.0,366.4,369.0,380.0,386.0,387.4,396.8,404.09999999999997,17.0,16.0,16.80000000000001,-0.29411764705882354,0.6762287233533363,2.6258596172234165,361.0,371.0,exact_candidate_distribution
中国地质大学（武汉）,2025,40,349.0,415.0,380.625,14.453617238672514,352.9,364.9,371.0,373.5,379.0,390.25,391.4,396.2,400.69999999999993,16.75,14.100000000000023,17.19999999999999,0.34328358208955223,0.09321566377251962,6.221978936676353,351.0,371.0,exact_candidate_distribution
中国药科大学,2025,12,334.0,388.0,361.8333333333333,17.361573731210036,337.3,341.0,350.0,350.0,362.0,370.5,378.2,386.4,387.45,20.5,21.0,24.399999999999977,-0.17073170731707318,0.09993543306627857,6.81485768304225,334.0,355.0,exact_candidate_distribution
中央财经大学,2025,58,343.0,418.0,364.87931034482756,15.58685634578383,345.0,345.7,351.0,353.25,364.0,373.0,374.6,384.0,395.15,19.75,18.30000000000001,20.0,-0.08860759493670886,0.9957694400440672,2.0390655928012387,345.0,350.7,exact_candidate_distribution
兰州大学,2025,76,356.0,439.0,393.8157894736842,21.875228319610464,357.0,364.5,372.0,374.75,394.5,411.25,415.0,419.0,423.5,36.5,30.0,24.5,-0.0821917808219178,-0.012552645449582268,4.4033716375510705,357.0,370.0,exact_candidate_distribution
北京交通大学,2025,21,363.0,401.0,383.23809523809524,10.816213579181774,365.0,369.0,375.0,377.0,382.0,391.0,392.0,396.0,397.0,14.0,13.0,14.0,0.2857142857142857,-0.26887141942965115,4.236491228477227,363.0,377.0,exact_candidate_distribution
北京工业大学,2025,19,376.0,410.0,389.0,10.780641085864152,376.0,376.8,378.6,379.5,390.0,397.5,398.4,402.0,406.4,18.0,13.199999999999989,12.0,-0.16666666666666666,0.37610054648617985,1.4339516095772928,376.0,379.8,exact_candidate_distribution
华中农业大学,2025,12,367.0,403.0,376.5,10.825055112183872,367.55,368.1,369.0,369.0,372.0,378.75,382.6,389.4,395.84999999999997,9.75,3.8999999999999773,17.399999999999977,0.38461538461538464,1.4073178508096902,1.0117423195955686,367.0,371.0,exact_candidate_distribution
华中师范大学,2025,40,361.0,426.0,390.25,14.42176062369569,371.9,375.0,377.0,379.0,387.5,400.75,404.2,409.2,412.15,21.75,12.5,21.69999999999999,0.21839080459770116,0.3664404605886326,2.094647312480511,370.9,377.0,exact_candidate_distribution
华中科技大学,2025,30,366.0,419.0,384.8333333333333,13.761724364020097,367.0,367.9,372.6,375.25,383.0,393.75,396.6,401.3,407.29999999999995,18.5,15.100000000000023,18.30000000000001,0.16216216216216217,0.5692971977198495,2.298818680031517,366.9,374.4,exact_candidate_distribution
南京大学,2025,14,359.0,421.0,386.35714285714283,17.300987712387286,364.2,367.6,373.8,377.5,383.5,393.5,399.2,409.1,413.85,16.0,15.899999999999977,25.600000000000023,0.25,0.4593779103817533,5.8862807391824505,359.0,379.0,exact_candidate_distribution
南京航空航天大学,2025,18,358.0,410.0,378.94444444444446,14.383291868251867,358.85,362.5,365.4,366.5,378.0,389.25,391.8,395.3,398.09999999999997,22.75,15.5,17.30000000000001,-0.01098901098901099,0.3447346463685577,3.2801759308105005,358.0,367.4,exact_candidate_distribution
哈尔滨工业大学,2025,21,352.0,430.0,379.04761904761904,19.716683774093934,353.0,357.0,364.0,366.0,376.0,392.0,395.0,396.0,415.0,26.0,19.0,20.0,0.23076923076923078,0.8960603878090659,5.298416046924133,352.0,366.0,exact_candidate_distribution
大连理工大学,2025,15,386.0,430.0,403.3333333333333,12.804389128434863,386.7,388.2,391.6,392.5,404.0,412.5,414.2,415.6,420.2,20.0,15.800000000000011,11.600000000000023,-0.15,0.3254626648714544,2.7206811358410725,386.0,393.0,exact_candidate_distribution
新疆大学,2025,19,313.0,383.0,341.6842105263158,25.302728512463602,313.9,314.0,317.6,319.0,333.0,365.0,371.4,378.4,380.3,46.0,19.0,45.39999999999998,0.391304347826087,0.4830984571435988,2.6254144892988425,313.0,319.6,exact_candidate_distribution
暨南大学,2025,45,323.0,397.0,359.0,18.039098949478905,333.0,338.0,346.0,347.0,355.0,371.0,374.4,383.6,388.8,24.0,17.0,28.600000000000023,0.3333333333333333,0.23755874982006578,3.4886617119276733,332.0,344.0,exact_candidate_distribution
河北工业大学,2025,24,323.0,417.0,350.25,24.751372381801556,323.0,323.3,324.0,329.25,347.5,365.25,371.0,380.2,385.4,36.0,24.19999999999999,32.69999999999999,-0.013888888888888888,0.8376340705266285,2.1579756415295144,323.0,326.7,exact_candidate_distribution
河海大学,2025,31,337.0,395.0,357.5806451612903,13.903894403004236,340.0,341.0,342.0,346.0,357.0,366.5,369.0,375.0,378.5,20.5,16.0,18.0,-0.07317073170731707,0.5702547385151168,1.6425415432678347,340.0,344.0,exact_candidate_distribution
湖南大学,2025,15,380.0,421.0,399.73333333333335,12.600831416257913,385.6,388.0,388.0,389.5,398.0,405.0,409.40000000000003,419.6,420.3,15.5,10.0,21.600000000000023,-0.0967741935483871,0.44738279853719876,3.2204145455084605,380.0,392.01,exact_candidate_distribution
湖南师范大学,2025,27,332.0,423.0,366.037037037037,27.452730677519526,333.3,334.6,337.6,343.5,355.0,391.5,393.6,398.20000000000005,403.7,48.0,20.399999999999977,43.200000000000045,0.5208333333333334,0.3368529824203883,2.5112264113465583,332.6,340.0,exact_candidate_distribution
苏州大学,2025,15,380.0,433.0,398.06666666666666,15.517118043662373,380.0,382.0,385.8,386.0,396.0,405.5,409.2,417.6,423.9,19.5,14.0,21.600000000000023,-0.02564102564102564,0.7799338535284891,2.685471256210714,380.0,386.4,exact_candidate_distribution
西北大学,2025,31,325.0,406.0,359.3225806451613,22.651544607780714,327.5,328.0,343.0,344.5,356.0,374.5,378.0,388.0,394.5,30.0,28.0,32.0,0.23333333333333334,0.17996114346741518,5.159627372913054,327.0,344.0,exact_candidate_distribution
西南交通大学,2025,10,331.0,402.0,373.1,25.7959945211138,339.55,348.1,350.8,351.75,374.5,397.25,398.6,401.1,401.55,45.5,26.399999999999977,26.600000000000023,0.0,-0.221283409317656,10.178850254019206,331.0,354.0,exact_candidate_distribution
西安电子科技大学,2025,10,375.0,397.0,384.0,8.73053390247253,375.45,375.9,376.8,377.0,380.0,391.75,392.6,395.2,396.1,14.75,4.100000000000023,15.199999999999989,0.5932203389830508,0.3928330480120885,1.0364218470886073,375.0,377.0,exact_candidate_distribution
贵州大学,2025,46,314.0,411.0,357.45652173913044,22.27276016596569,324.75,329.5,335.0,340.5,357.0,374.25,378.0,387.0,391.0,33.75,27.5,30.0,0.022222222222222223,0.14807178662242,4.038164536508135,323.5,335.0,exact_candidate_distribution
东北林业大学,2026,21,326.0,402.0,357.76190476190476,22.531987843740648,327.0,331.0,336.0,338.0,356.0,373.0,375.0,382.0,394.0,35.0,25.0,26.0,-0.02857142857142857,0.24005720773323255,4.243469248814326,326.0,338.0,exact_candidate_distribution
东南大学,2026,19,397.0,442.0,413.5263157894737,11.047213932594708,397.0,401.8,404.6,406.0,413.0,421.0,422.4,423.4,426.7,15.0,11.199999999999989,10.399999999999977,0.06666666666666667,0.6386256702291899,3.304461608683273,397.0,406.6,exact_candidate_distribution
中国海洋大学,2026,11,398.0,427.0,411.45454545454544,10.642966093750712,398.5,399.0,402.0,402.5,409.0,420.0,423.0,425.0,426.0,17.5,10.0,16.0,0.2571428571428571,0.1848998191379789,2.591936354742052,398.0,403.1999999999998,exact_candidate_distribution
中国药科大学,2026,10,341.0,422.0,375.7,28.386420853797137,343.7,346.4,348.6,351.75,367.5,401.25,402.0,404.0,413.0,49.5,21.100000000000023,36.5,0.36363636363636365,0.2937482207533698,6.839188420355486,341.0,359.905,exact_candidate_distribution
中央民族大学,2026,71,382.0,438.0,400.7464788732394,12.8527021170749,384.5,386.0,387.0,389.5,400.0,407.0,411.0,419.0,424.5,17.5,14.0,19.0,-0.2,0.6571198982940358,0.7032939009799373,385.0,387.0,exact_candidate_distribution
中央财经大学,2026,62,369.0,432.0,395.0967741935484,17.179581549341375,372.1,375.0,378.4,382.0,393.0,408.0,410.6,417.9,428.7,26.0,18.0,24.899999999999977,0.15384615384615385,0.4217754803052677,1.6455830461513916,372.2,377.0,exact_candidate_distribution
内蒙古大学,2026,44,315.0,415.0,363.20454545454544,28.08424166719019,323.15,324.6,331.8,340.5,365.5,385.0,391.8,401.5,405.85,44.5,40.89999999999998,36.0,-0.12359550561797752,0.028597252089246315,3.5485638151335284,323.0,332.7,exact_candidate_distribution
南京大学,2026,11,409.0,449.0,423.8181818181818,10.694093526972559,412.0,415.0,415.0,416.0,424.0,427.5,429.0,431.0,440.0,11.5,9.0,7.0,-0.391304347826087,0.9897841686150856,3.4920024399361833,409.0,422.0,exact_candidate_distribution
南京理工大学,2026,15,375.0,423.0,399.73333333333335,17.23147728791149,376.4,377.8,383.8,385.5,394.0,416.0,417.4,420.8,422.3,30.5,16.19999999999999,26.80000000000001,0.4426229508196721,-0.015551291891220259,4.194344288682792,375.0,388.6,exact_candidate_distribution
南京航空航天大学,2026,22,395.0,450.0,421.0,15.209646062066446,396.55,407.2,409.6,412.0,419.0,433.5,437.6,442.5,445.85,21.5,11.800000000000011,23.5,0.3488372093023256,0.3077726593572831,5.901565176566855,395.1,412.0,exact_candidate_distribution
武汉理工大学,2026,54,359.0,416.0,381.0740740740741,13.763297997500251,363.0,364.3,368.6,371.25,380.0,387.75,390.0,398.4,409.4,16.5,15.699999999999989,18.399999999999977,-0.06060606060606061,0.6748792648419832,1.5681075914008922,363.0,367.6,exact_candidate_distribution
西北大学,2026,41,341.0,421.0,373.4878048780488,21.590648382134695,346.0,348.0,351.0,356.0,372.0,387.0,391.0,399.0,417.0,31.0,24.0,27.0,-0.03225806451612903,0.5298702491730166,2.019675046547544,346.0,351.0,exact_candidate_distribution
西南交通大学,2026,10,360.0,420.0,386.2,22.235107375499673,360.9,361.8,363.6,365.5,387.0,402.75,408.6,415.5,417.75,37.25,25.19999999999999,28.5,-0.15436241610738255,0.25795982752815394,4.929683057512292,360.0,369.4,exact_candidate_distribution
西安电子科技大学,2026,14,355.0,412.0,390.2142857142857,20.829633371080405,355.65,357.8,369.2,376.5,395.5,408.0,408.0,410.1,411.35,31.5,37.69999999999999,14.600000000000023,-0.20634920634920634,-0.6266872948287698,8.878415552837366,355.0,384.0,exact_candidate_distribution
贵州大学,2026,48,323.0,430.0,363.875,26.224582425736646,327.35,330.7,339.0,346.75,359.5,382.5,386.4,397.6,405.0,35.75,28.80000000000001,38.10000000000002,0.2867132867132867,0.38717474913734695,3.5406974181089392,327.0,337.0,exact_candidate_distribution
辽宁大学,2026,64,340.0,408.0,369.953125,16.89033694580594,347.0,348.3,355.0,355.0,368.0,384.5,387.0,389.7,398.7,29.5,19.69999999999999,21.69999999999999,0.11864406779661017,0.35895490436988975,2.4439810313586356,347.0,354.3,exact_candidate_distribution
陕西师范大学,2026,30,340.0,414.0,372.8666666666667,21.525819834334534,343.45,348.5,352.0,354.5,364.5,390.75,394.2,398.5,406.29999999999995,36.25,16.0,34.0,0.4482758620689655,0.22977912213370524,3.842339655341979,342.7,352.0,exact_candidate_distribution
