school,year,anchor_q10,experimental_q10,correction_kind,correction_data_source,correction_blend,shape_kind,pred_q05,pred_q10,pred_q25,pred_q50,pred_q75,pred_q90,pred_q95,status
新疆大学,2027,320.0,320.0,zero,exact,0.0,lag_exact,317.9377652857667,320.0,325.0,336.81973920640746,355.7320051522063,370.52678516591817,377.3174128092259,experimental_not_frozen_production
内蒙古大学,2027,321.3,321.3,zero,exact,0.0,lag_exact,319.3027027027027,321.3,332.7810810810811,352.1054054054054,369.37223425537366,385.39352848945066,391.4784270651801,experimental_not_frozen_production
宁夏大学,2027,324.2,324.2,zero,exact,0.0,lag_exact,321.4,324.2,329.2,340.2,354.191511163255,369.5107036073116,378.1401200941107,experimental_not_frozen_production
云南大学,2027,325.6,325.6,zero,exact,0.0,lag_exact,322.8,325.6,330.6,341.6,355.591511163255,370.91070360731163,379.54012009411076,experimental_not_frozen_production
贵州大学,2027,328.5,328.5,zero,exact,0.0,lag_exact,325.3615384615385,328.5,340.3,352.3769230769231,371.91211967817503,387.09642446435066,394.9692769592734,experimental_not_frozen_production
石河子大学,2027,337.2,337.2,zero,exact,0.0,lag_exact,334.4,337.2,342.2,353.2,367.191511163255,382.5107036073116,391.1401200941107,experimental_not_frozen_production
国防科技大学,2027,329.1,329.1,zero,exact,0.0,lag_exact,326.3,329.1,334.1,345.1,359.091511163255,374.41070360731163,383.04012009411076,experimental_not_frozen_production
延边大学,2027,330.0,330.0,zero,exact,0.0,lag_exact,327.2,330.0,335.0,346.0,359.991511163255,375.3107036073116,383.94012009411074,experimental_not_frozen_production
华北电力大学,2027,336.7,336.7,zero,exact,0.0,lag_exact,333.9,336.7,341.7,352.7,366.691511163255,382.0107036073116,390.6401200941107,experimental_not_frozen_production
东北林业大学,2027,334.7,334.7,zero,exact,0.0,lag_exact,331.40588235294115,334.7,340.5235294117647,354.40588235294115,369.6361830372088,382.35335506312447,392.37065887888866,experimental_not_frozen_production
湖南师范大学,2027,333.5,333.5,zero,exact,0.0,lag_exact,331.20069943216856,333.5,339.80181852363825,350.9687183343611,372.4735545506365,384.9156638196993,392.50048226785896,experimental_not_frozen_production
华南师范大学,2027,337.3,337.3,zero,exact,0.0,lag_exact,334.5,337.3,342.3,353.3,367.291511163255,382.6107036073116,391.24012009411075,experimental_not_frozen_production
上海财经大学,2027,341.3,341.3,zero,exact,0.0,lag_exact,338.5,341.3,346.3,357.3,371.291511163255,386.6107036073116,395.24012009411075,experimental_not_frozen_production
华中农业大学,2027,335.0,335.0,zero,exact,0.0,lag_exact,332.65301377196204,335.0,339.17450823775806,348.5637926041153,361.0973018621386,375.47640164792915,383.66701560879,experimental_not_frozen_production
河北工业大学,2027,337.7,337.7,zero,exact,0.0,lag_exact,335.6829867663541,337.7,342.9975349712146,356.2681965936415,371.4368465651609,386.6404098900439,394.1957512866508,experimental_not_frozen_production
辽宁大学,2027,340.5,340.5,zero,exact,0.0,lag_exact,338.72127659574465,340.5,346.65744680851066,359.0191489361702,374.7185673925282,383.1480968959505,392.02982556195025,experimental_not_frozen_production
中国石油大学（北京）,2027,350.4,350.4,zero,exact,0.0,lag_exact,347.59999999999997,350.4,355.4,366.4,380.39151116325496,395.7107036073116,404.3401200941107,experimental_not_frozen_production
中国地质大学（武汉）,2027,341.3,341.3,zero,exact,0.0,lag_exact,334.7953540426216,341.3,347.7496440702785,356.5349100740197,369.42247251465943,380.9688887726536,387.9354763361753,experimental_not_frozen_production
东北农业大学,2027,342.1,342.1,zero,exact,0.0,lag_exact,339.3,342.1,347.1,358.1,372.091511163255,387.41070360731163,396.04012009411076,experimental_not_frozen_production
上海大学,2027,344.6,344.6,zero,exact,0.0,lag_exact,341.8,344.6,349.6,360.6,374.591511163255,389.91070360731163,398.54012009411076,experimental_not_frozen_production
陕西师范大学,2027,342.1,342.1,zero,exact,0.0,lag_exact,338.175,342.1,347.6,358.1,378.2207555816275,389.75535180365586,397.97006004705537,experimental_not_frozen_production
中国药科大学,2027,342.9,342.9,zero,exact,0.0,lag_exact,340.125,342.9,347.98749999999995,360.17499999999995,379.1061333724412,391.28302770548373,400.00509007058304,experimental_not_frozen_production
东华大学,2027,345.7,345.7,zero,exact,0.0,lag_exact,342.9,345.7,350.7,361.7,375.691511163255,391.0107036073116,399.6401200941107,experimental_not_frozen_production
西北大学,2027,350.3,350.3,zero,exact,0.0,lag_exact,347.96197183098593,350.3,357.0323943661972,370.91971830985915,385.4935962661641,398.8960719467514,412.9366704623003,experimental_not_frozen_production
河海大学,2027,346.8,346.8,zero,exact,0.0,lag_exact,344.6446163181361,346.8,351.8,362.8,375.18301039163015,388.06011243238146,394.8525813803432,experimental_not_frozen_production
山东大学,2027,352.8,352.8,zero,exact,0.0,lag_exact,350.0,352.8,357.8,368.8,382.791511163255,398.1107036073116,406.74012009411075,experimental_not_frozen_production
太原理工大学,2027,348.7,348.7,zero,exact,0.0,lag_exact,345.9,348.7,353.7,364.7,378.691511163255,394.0107036073116,402.6401200941107,experimental_not_frozen_production
西南交通大学,2027,352.7,352.7,zero,exact,0.0,lag_exact,350.375,352.7,357.375,371.0,385.43113337244125,400.1080277054837,407.1425900705831,experimental_not_frozen_production
兰州大学,2027,363.5,363.5,zero,exact,0.0,lag_exact,358.32533409766484,363.5,371.1525523377148,386.57347290057277,401.95870520905976,413.4535778222411,419.9966146222865,experimental_not_frozen_production
郑州大学,2027,350.0,350.0,zero,exact,0.0,lag_exact,347.2,350.0,355.0,366.0,379.991511163255,395.3107036073116,403.94012009411074,experimental_not_frozen_production
华东理工大学,2027,355.4,355.4,zero,exact,0.0,lag_exact,352.59999999999997,355.4,360.4,371.4,385.39151116325496,400.7107036073116,409.3401200941107,experimental_not_frozen_production
暨南大学,2027,356.0,356.0,zero,exact,0.0,lag_exact,352.2698117215713,356.0,362.6912514153249,372.4228128538312,387.2635389140385,401.4330218407073,408.612436955747,experimental_not_frozen_production
中南财经政法大学,2027,357.5,357.5,zero,exact,0.0,lag_exact,354.7,357.5,362.5,373.5,387.491511163255,402.8107036073116,411.44012009411074,experimental_not_frozen_production
中国地质大学（北京）,2027,353.3,353.3,zero,exact,0.0,lag_exact,350.94630245682185,353.3,358.3,369.3,381.414336918055,395.67198899862046,403.9891308305786,experimental_not_frozen_production
武汉理工大学,2027,354.2,354.2,zero,exact,0.0,lag_exact,352.3642857142857,354.2,360.4535714285714,370.00714285714287,379.98625398687676,392.303822716897,402.4571857478967,experimental_not_frozen_production
重庆大学,2027,361.3,361.3,zero,exact,0.0,lag_exact,358.5,361.3,366.3,377.3,391.291511163255,406.6107036073116,415.24012009411075,experimental_not_frozen_production
厦门大学,2027,360.8,360.8,zero,exact,0.0,lag_exact,358.20041889267276,360.8,366.8020944633638,378.2315635190911,392.22469499021327,406.62402342168446,414.8469872472232,experimental_not_frozen_production
西安交通大学,2027,360.4,360.4,zero,exact,0.0,lag_exact,357.59999999999997,360.4,365.4,376.4,390.39151116325496,405.7107036073116,414.3401200941107,experimental_not_frozen_production
北京林业大学,2027,357.5,357.5,zero,exact,0.0,lag_exact,354.7,357.5,362.5,373.5,387.491511163255,402.8107036073116,411.44012009411074,experimental_not_frozen_production
东北大学,2027,361.0,361.0,zero,exact,0.0,lag_exact,357.86848002715783,361.0,366.1160319904948,376.535872038021,389.78287037184475,404.7342095065088,413.29244592228713,experimental_not_frozen_production
中国人民大学,2027,365.5,365.5,zero,exact,0.0,lag_exact,362.8464505811181,365.5,370.5976337207454,380.37721221142755,393.39445815901877,406.53661574218097,414.3289655000003,experimental_not_frozen_production
同济大学,2027,361.9,361.9,zero,exact,0.0,lag_exact,359.09999999999997,361.9,366.9,377.9,391.89151116325496,407.2107036073116,415.8401200941107,experimental_not_frozen_production
中国科学技术大学,2027,363.7,363.7,zero,exact,0.0,lag_exact,361.0268524340528,363.7,368.46379201934997,379.1575964888777,392.7999125441273,408.8872889960602,416.99797381812607,experimental_not_frozen_production
华中科技大学,2027,364.7,364.7,zero,exact,0.0,lag_exact,362.56945368523276,364.7,370.5280085054195,380.3828903596266,393.23227436816353,405.8140381211905,413.5169953674109,experimental_not_frozen_production
西南大学,2027,358.2,358.2,zero,exact,0.0,lag_exact,355.4,358.2,363.2,374.2,388.191511163255,403.5107036073116,412.1401200941107,experimental_not_frozen_production
西北工业大学,2027,359.5,359.5,zero,exact,0.0,lag_exact,356.7,359.5,364.5,375.5,389.491511163255,404.8107036073116,413.44012009411074,experimental_not_frozen_production
中山大学,2027,364.6,364.6,zero,exact,0.0,lag_exact,361.8,364.6,369.6,380.6,394.591511163255,409.91070360731163,418.54012009411076,experimental_not_frozen_production
华东师范大学,2027,367.4,367.4,zero,exact,0.0,lag_exact,364.5700053357904,367.4,371.7701120515999,381.8202810182982,394.26376532944556,407.88942055026655,415.9930472731421,experimental_not_frozen_production
中央民族大学,2027,367.8,367.8,zero,exact,0.0,lag_exact,365.91386138613865,367.8,371.7455445544555,382.3940594059406,391.47074589007576,404.4566446358351,410.88617428537947,experimental_not_frozen_production
合肥工业大学,2027,329.4,329.4,zero,exact,0.0,lag_exact,326.59999999999997,329.4,334.4,345.4,359.39151116325496,374.7107036073116,383.3401200941107,experimental_not_frozen_production
西南财经大学,2027,369.6,369.6,zero,exact,0.0,lag_exact,366.8,369.6,374.6,385.6,399.591511163255,414.91070360731163,423.54012009411076,experimental_not_frozen_production
安徽大学,2027,369.0,369.0,zero,exact,0.0,lag_exact,366.2,369.0,374.0,385.0,398.991511163255,414.3107036073116,422.94012009411074,experimental_not_frozen_production
南京理工大学,2027,367.4,367.4,zero,exact,0.0,lag_exact,365.0666666666666,367.4,373.29999999999995,383.46666666666664,400.12767410883663,411.9404690715411,418.1934133960738,experimental_not_frozen_production
湖南大学,2027,365.3,365.3,zero,exact,0.0,lag_exact,362.5939584119625,365.3,369.4778638953282,379.8906238205626,392.23985676852385,407.390113762733,414.15694179730997,experimental_not_frozen_production
中国石油大学（华东）,2027,365.6,365.6,zero,exact,0.0,lag_exact,362.8,365.6,370.6,381.6,395.591511163255,410.91070360731163,419.54012009411076,experimental_not_frozen_production
哈尔滨工业大学,2027,370.4,370.4,zero,exact,0.0,lag_exact,367.2518011791978,370.4,376.56066273600726,387.27049705200545,401.84480275238457,413.87955397856325,425.5181579239684,experimental_not_frozen_production
东北师范大学,2027,370.4,370.4,zero,exact,0.0,lag_exact,367.59999999999997,370.4,375.4,386.4,400.39151116325496,415.7107036073116,424.3401200941107,experimental_not_frozen_production
华中师范大学,2027,366.4,366.4,zero,exact,0.0,lag_exact,363.47919632747676,366.4,370.9973210915893,380.9906238205626,394.68354407802366,407.2366576070446,413.57909286252976,experimental_not_frozen_production
中央财经大学,2027,370.5,370.5,zero,exact,0.0,lag_exact,367.6326086956522,370.5,376.8478260869565,387.8478260869565,402.5189710314962,414.1860990023842,424.2783000306883,experimental_not_frozen_production
四川大学,2027,370.1,370.1,zero,exact,0.0,lag_exact,367.42695416014266,370.1,375.81940690747507,386.3962263736662,402.82192368393834,417.1551909197092,425.16788351133886,experimental_not_frozen_production
南京大学,2027,368.0,368.0,zero,exact,0.0,lag_exact,365.1463414634146,368.0,371.9268292682927,382.1219512195122,393.29866670482073,405.4468562980329,414.17569762983715,experimental_not_frozen_production
东南大学,2027,370.9,370.9,zero,exact,0.0,lag_exact,367.32448979591834,370.9,375.5897959183673,385.03877551020406,396.7070476509724,407.0167573105989,413.57966536374124,experimental_not_frozen_production
北京师范大学,2027,371.5,371.5,zero,exact,0.0,lag_exact,368.7,371.5,376.5,387.5,401.491511163255,416.8107036073116,425.44012009411074,experimental_not_frozen_production
西安电子科技大学,2027,365.0,365.0,zero,exact,0.0,lag_exact,362.40681818181815,365.0,374.3590909090909,387.9045454545454,401.4214848840375,412.53457064134886,418.8159909732573,experimental_not_frozen_production
南昌大学,2027,367.0,367.0,zero,exact,0.0,lag_exact,364.2,367.0,372.0,383.0,396.991511163255,412.3107036073116,420.94012009411074,experimental_not_frozen_production
南京师范大学,2027,365.1,365.1,zero,exact,0.0,lag_exact,362.3,365.1,370.1,381.1,395.091511163255,410.41070360731163,419.04012009411076,experimental_not_frozen_production
福州大学,2027,368.7,368.7,zero,exact,0.0,lag_exact,366.47253364437125,368.7,373.90447630156115,383.8820947937553,397.0574365167078,409.85764605158346,419.17626698926495,experimental_not_frozen_production
对外经济贸易大学,2027,370.4,370.4,zero,exact,0.0,lag_exact,367.59999999999997,370.4,375.4,386.4,400.39151116325496,415.7107036073116,424.3401200941107,experimental_not_frozen_production
武汉大学,2027,377.8,377.8,zero,exact,0.0,lag_exact,375.30642946794933,377.8,382.3336942879032,393.26707918617507,406.46034009813934,421.6037762644764,429.68302975258376,experimental_not_frozen_production
北京交通大学,2027,372.1,372.1,zero,exact,0.0,lag_exact,368.95180117919784,372.1,377.9704970520055,387.22950294799455,399.7726488603609,412.09756577054145,418.51318740391366,experimental_not_frozen_production
北京工业大学,2027,370.5,370.5,zero,exact,0.0,lag_exact,368.24649280427167,370.5,374.8715332750876,385.7349100740197,397.9526391674907,410.3155262021937,417.78926985084104,experimental_not_frozen_production
中国海洋大学,2027,377.1,377.1,zero,exact,0.0,lag_exact,374.9170731707317,377.1,381.6975609756098,391.49024390243903,404.6791545096988,417.22978312730123,423.8122829956908,experimental_not_frozen_production
苏州大学,2027,375.7,375.7,zero,exact,0.0,lag_exact,373.08791682392496,375.7,380.46510397009376,391.2302079401875,404.16668096291437,418.7296978823579,426.8119436844098,experimental_not_frozen_production
复旦大学,2027,381.3,381.3,zero,exact,0.0,lag_exact,378.5,381.3,386.3,397.3,411.291511163255,426.6107036073116,435.24012009411075,experimental_not_frozen_production
上海交通大学,2027,380.3,380.3,zero,exact,0.0,lag_exact,377.0067183371969,380.3,385.86375047177495,396.6288544418687,410.037113518458,421.941297071048,428.7951737016245,experimental_not_frozen_production
南京农业大学,2027,378.0,378.0,zero,exact,0.0,lag_exact,375.2,378.0,383.0,394.0,407.991511163255,423.3107036073116,431.94012009411074,experimental_not_frozen_production
中南大学,2027,379.6,379.6,zero,exact,0.0,lag_exact,376.6527705241124,379.6,383.94564677383266,393.3097637084142,408.2037879065046,421.210105909478,428.97923881573973,experimental_not_frozen_production
南京航空航天大学,2027,384.7,384.7,zero,exact,0.0,lag_exact,378.57884615384614,384.7,389.6153846153846,398.9230769230769,413.12971797880095,425.77540592729514,432.17122313121774,experimental_not_frozen_production
大连理工大学,2027,393.7,393.7,zero,exact,0.0,lag_exact,391.2053648388781,393.7,398.5355727790656,409.65302079401874,422.35459778683935,434.8035504371268,442.48647298833805,experimental_not_frozen_production
清华大学,2027,403.9,403.9,zero,exact,0.0,lag_exact,401.09999999999997,403.9,408.9,419.9,433.89151116325496,449.2107036073116,457.8401200941107,experimental_not_frozen_production
吉林大学,2027,395.0,395.0,zero,exact,0.0,lag_exact,392.2,395.0,400.0,411.0,424.991511163255,440.3107036073116,448.94012009411074,experimental_not_frozen_production
