school,year,candidate_n,anchor_q10,selected_q10,correction_kind,correction_data_source,correction_blend,shape_kind,score_q05,pred_q05,score_q10,pred_q10,score_q25,pred_q25,score_q50,pred_q50,score_q75,pred_q75,score_q90,pred_q90,score_q95,pred_q95
上海交通大学,2023,48,397.64000000000004,397.64000000000004,zero,exact,0.0,pooled_exact,368.75,394.51292517006806,374.0,397.64000000000004,381.5,403.04,393.0,409.2646401485838,407.0,419.60501133786846,417.0,432.6738359315103,419.65,438.3860317460317
中国科学技术大学,2023,10,387.34000000000003,387.34000000000003,zero,exact,0.0,pooled_exact,383.35,384.21292517006805,384.7,387.34000000000003,387.0,392.74,394.5,398.9646401485838,404.5,409.30501133786845,428.6,422.3738359315103,431.3,428.0860317460316
哈尔滨工业大学,2023,16,381.94000000000005,381.94000000000005,zero,exact,0.0,pooled_exact,388.25,378.81292517006807,389.0,381.94000000000005,405.75,387.34000000000003,414.5,393.5646401485838,421.25,403.9050113378685,427.5,416.97383593151034,428.25,422.68603174603163
上海交通大学,2024,51,366.08,366.08,zero,exact,0.0,pooled_exact,388.5,363.09803593371447,389.0,366.08,395.0,371.47999999999996,407.0,381.6500310559007,419.0,395.08,428.0,409.08,430.5,417.7169713330135
东南大学,2024,12,387.64,387.64,zero,exact,0.0,pooled_exact,389.75,384.6580359337145,392.9,387.64,401.75,393.03999999999996,412.0,403.2100310559007,415.25,416.64,419.6,430.64,426.3,439.2769713330134
中国人民大学,2024,29,384.08,384.08,zero,exact,0.0,pooled_exact,405.4,381.09803593371447,407.6,384.08,413.0,389.47999999999996,419.0,399.6500310559007,429.0,413.08,435.4,427.08,440.59999999999997,435.7169713330135
中央民族大学,2024,58,387.08,387.08,zero,exact,0.0,pooled_exact,375.0,384.09803593371447,378.4,387.08,383.25,392.47999999999996,392.5,402.6500310559007,404.0,416.08,413.6,430.08,417.0,438.7169713330135
华中师范大学,2024,32,363.08,363.08,zero,exact,0.0,pooled_exact,373.55,360.09803593371447,375.1,363.08,380.0,368.47999999999996,388.0,378.6500310559007,397.25,392.08,406.9,406.08,422.35,414.7169713330135
华中科技大学,2024,25,378.08,378.08,zero,exact,0.0,pooled_exact,374.2,375.09803593371447,376.6,378.08,384.0,383.47999999999996,389.0,393.6500310559007,404.0,407.08,407.0,421.08,407.0,429.7169713330135
武汉大学,2024,11,372.08,372.08,zero,exact,0.0,pooled_exact,386.5,369.09803593371447,387.0,372.08,388.5,377.47999999999996,399.0,387.6500310559007,407.0,401.08,421.0,415.08,425.5,423.7169713330135
湖南大学,2024,21,388.08,388.08,zero,exact,0.0,pooled_exact,377.0,385.09803593371447,378.0,388.08,383.0,393.47999999999996,390.0,403.6500310559007,406.0,417.08,419.0,431.08,422.0,439.7169713330135
福州大学,2024,21,386.08,386.08,zero,exact,0.0,pooled_exact,392.0,383.09803593371447,392.0,386.08,398.0,391.47999999999996,404.0,401.6500310559007,414.0,415.08,417.0,429.08,429.0,437.7169713330135
西北大学,2024,46,390.08,390.08,zero,exact,0.0,pooled_exact,346.0,387.09803593371447,351.0,390.08,360.75,395.47999999999996,377.5,405.6500310559007,393.75,419.08,402.5,433.08,414.0,441.7169713330135
上海交通大学,2025,60,376.45,376.45,zero,exact,0.0,pooled_exact,377.95,373.70981865917025,381.8,376.45,388.0,381.84999999999997,398.5,391.4502715972016,411.25,404.45,419.3,417.50325526961166,424.15,425.45
中南大学,2025,26,395.05,395.05,zero,exact,0.0,pooled_exact,371.25,392.3098186591703,374.5,395.05,377.5,400.45,383.5,410.05027159720163,400.25,423.05,408.5,436.1032552696117,414.5,444.05
中国地质大学（北京）,2025,15,353.55,353.55,zero,exact,0.0,pooled_exact,363.1,350.8098186591703,364.0,353.55,369.0,358.95,380.0,368.55027159720163,386.0,381.55,396.8,394.6032552696117,404.09999999999997,402.55
中国地质大学（武汉）,2025,40,354.93,354.93,zero,exact,0.0,pooled_exact,352.9,352.18981865917027,364.9,354.93,373.5,360.33,379.0,369.9302715972016,390.25,382.93,396.2,395.9832552696117,400.69999999999993,403.93
中国药科大学,2025,12,345.41,345.41,zero,exact,0.0,pooled_exact,337.3,342.6698186591703,341.0,345.41,350.0,350.81,362.0,360.41027159720164,370.5,373.41,386.4,386.4632552696117,387.45,394.41
中央财经大学,2025,58,378.05,378.05,zero,exact,0.0,pooled_exact,345.0,375.3098186591703,345.7,378.05,353.25,383.45,364.0,393.05027159720163,373.0,406.05,384.0,419.1032552696117,395.15,427.05
兰州大学,2025,76,375.43,375.43,zero,exact,0.0,pooled_exact,357.0,372.68981865917027,364.5,375.43,374.75,380.83,394.5,390.4302715972016,411.25,403.43,419.0,416.4832552696117,423.5,424.43
北京交通大学,2025,21,384.49,384.49,zero,exact,0.0,pooled_exact,365.0,381.7498186591703,369.0,384.49,377.0,389.89,382.0,399.4902715972016,391.0,412.49,396.0,425.5432552696117,397.0,433.49
北京工业大学,2025,19,354.11,354.11,zero,exact,0.0,pooled_exact,376.0,351.3698186591703,376.8,354.11,379.5,359.51,390.0,369.11027159720163,397.5,382.11,402.0,395.1632552696117,406.4,403.11
华中农业大学,2025,12,359.6,359.6,zero,exact,0.0,pooled_exact,367.55,356.8598186591703,368.1,359.6,369.0,365.0,372.0,374.60027159720164,378.75,387.6,389.4,400.6532552696117,395.84999999999997,408.6
华中师范大学,2025,40,368.24,368.24,zero,exact,0.0,pooled_exact,371.9,365.4998186591703,375.0,368.24,379.0,373.64,387.5,383.2402715972016,400.75,396.24,409.2,409.2932552696117,412.15,417.24
华中科技大学,2025,30,374.81,374.81,zero,exact,0.0,pooled_exact,367.0,372.06981865917027,367.9,374.81,375.25,380.21,383.0,389.8102715972016,393.75,402.81,401.3,415.86325526961167,407.29999999999995,423.81
南京大学,2025,14,379.05,379.05,zero,exact,0.0,pooled_exact,364.2,376.3098186591703,367.6,379.05,377.5,384.45,383.5,394.05027159720163,393.5,407.05,409.1,420.1032552696117,413.85,428.05
南京航空航天大学,2025,18,370.55,370.55,zero,exact,0.0,pooled_exact,358.85,367.8098186591703,362.5,370.55,366.5,375.95,378.0,385.55027159720163,389.25,398.55,395.3,411.6032552696117,398.09999999999997,419.55
哈尔滨工业大学,2025,21,382.05,382.05,zero,exact,0.0,pooled_exact,353.0,379.3098186591703,357.0,382.05,366.0,387.45,376.0,397.05027159720163,392.0,410.05,396.0,423.1032552696117,415.0,431.05
大连理工大学,2025,15,391.47,391.47,zero,exact,0.0,pooled_exact,386.7,388.7298186591703,388.2,391.47,392.5,396.87,404.0,406.47027159720164,412.5,419.47,415.6,432.5232552696117,420.2,440.47
新疆大学,2025,19,332.55,332.55,zero,exact,0.0,pooled_exact,313.9,329.8098186591703,314.0,332.55,319.0,337.95,333.0,347.55027159720163,365.0,360.55,378.4,373.6032552696117,380.3,381.55
暨南大学,2025,45,376.55,376.55,zero,exact,0.0,pooled_exact,333.0,373.8098186591703,338.0,376.55,347.0,381.95,355.0,391.55027159720163,371.0,404.55,383.6,417.6032552696117,388.8,425.55
河北工业大学,2025,24,358.88,358.88,zero,exact,0.0,pooled_exact,323.0,356.13981865917026,323.3,358.88,329.25,364.28,347.5,373.8802715972016,365.25,386.88,380.2,399.93325526961166,385.4,407.88
河海大学,2025,31,360.55,360.55,zero,exact,0.0,pooled_exact,340.0,357.8098186591703,341.0,360.55,346.0,365.95,357.0,375.55027159720163,366.5,388.55,375.0,401.6032552696117,378.5,409.55
湖南大学,2025,15,380.19,380.19,zero,exact,0.0,pooled_exact,385.6,377.44981865917026,388.0,380.19,389.5,385.59,398.0,395.1902715972016,405.0,408.19,419.6,421.24325526961167,420.3,429.19
湖南师范大学,2025,27,344.63,344.63,zero,exact,0.0,pooled_exact,333.3,341.88981865917026,334.6,344.63,343.5,350.03,355.0,359.6302715972016,391.5,372.63,398.20000000000005,385.68325526961166,403.7,393.63
苏州大学,2025,15,388.1,388.1,zero,exact,0.0,pooled_exact,380.0,385.3598186591703,382.0,388.1,386.0,393.5,396.0,403.10027159720164,405.5,416.1,417.6,429.1532552696117,423.9,437.1
西北大学,2025,31,369.27,369.27,zero,exact,0.0,pooled_exact,327.5,366.52981865917025,328.0,369.27,344.5,374.66999999999996,356.0,384.2702715972016,374.5,397.27,388.0,410.32325526961165,394.5,418.27
西南交通大学,2025,10,370.11,370.11,zero,exact,0.0,pooled_exact,339.55,367.3698186591703,348.1,370.11,351.75,375.51,374.5,385.11027159720163,397.25,398.11,401.1,411.1632552696117,401.55,419.11
西安电子科技大学,2025,10,350.19,350.19,zero,exact,0.0,pooled_exact,375.45,347.44981865917026,375.9,350.19,377.0,355.59,380.0,365.1902715972016,391.75,378.19,395.2,391.24325526961167,396.1,399.19
贵州大学,2025,46,336.73,336.73,zero,exact,0.0,pooled_exact,324.75,333.9898186591703,329.5,336.73,340.5,342.13,357.0,351.73027159720164,374.25,364.73,387.0,377.7832552696117,391.0,385.73
东北林业大学,2026,21,335.28,335.28,zero,exact,0.0,pooled_exact,327.0,332.58,331.0,335.28,338.0,340.28487428559544,356.0,350.67999999999995,373.0,363.39309169907057,382.0,378.51440618232357,394.0,388.1060989225072
东南大学,2026,19,372.56,372.56,zero,exact,0.0,pooled_exact,397.0,369.86,401.8,372.56,406.0,377.56487428559547,413.0,387.96,421.0,400.6730916990706,423.4,415.7944061823236,426.7,425.38609892250724
中国海洋大学,2026,11,379.0,379.0,zero,exact,0.0,pooled_exact,398.5,376.3,399.0,379.0,402.5,384.00487428559546,409.0,394.4,420.0,407.1130916990706,425.0,422.2344061823236,426.0,431.82609892250724
中国药科大学,2026,10,339.94,339.94,zero,exact,0.0,pooled_exact,343.7,337.24,346.4,339.94,351.75,344.94487428559546,367.5,355.34,401.25,368.0530916990706,404.0,383.1744061823236,413.0,392.76609892250724
中央民族大学,2026,71,372.0,372.0,zero,exact,0.0,pooled_exact,384.5,369.3,386.0,372.0,389.5,377.00487428559546,400.0,387.4,407.0,400.1130916990706,419.0,415.2344061823236,424.5,424.82609892250724
中央财经大学,2026,62,357.0,357.0,zero,exact,0.0,pooled_exact,372.1,354.3,375.0,357.0,382.0,362.00487428559546,393.0,372.4,408.0,385.1130916990706,417.9,400.2344061823236,428.7,409.82609892250724
内蒙古大学,2026,44,323.0,323.0,zero,exact,0.0,pooled_exact,323.15,320.3,324.6,323.0,340.5,328.00487428559546,365.5,338.4,385.0,351.1130916990706,401.5,366.2344061823236,405.85,375.82609892250724
南京大学,2026,11,369.88,369.88,zero,exact,0.0,pooled_exact,412.0,367.18,415.0,369.88,416.0,374.88487428559546,424.0,385.28,427.5,397.9930916990706,431.0,413.1144061823236,440.0,422.70609892250724
南京理工大学,2026,15,353.0,353.0,zero,exact,0.0,pooled_exact,376.4,350.3,377.8,353.0,385.5,358.00487428559546,394.0,368.4,416.0,381.1130916990706,420.8,396.2344061823236,422.3,405.82609892250724
南京航空航天大学,2026,22,367.0,367.0,zero,exact,0.0,pooled_exact,396.55,364.3,407.2,367.0,412.0,372.00487428559546,419.0,382.4,433.5,395.1130916990706,442.5,410.2344061823236,445.85,419.82609892250724
武汉理工大学,2026,54,356.0,356.0,zero,exact,0.0,pooled_exact,363.0,353.3,364.3,356.0,371.25,361.00487428559546,380.0,371.4,387.75,384.1130916990706,398.4,399.2344061823236,409.4,408.82609892250724
西北大学,2026,41,343.45,343.45,zero,exact,0.0,pooled_exact,346.0,340.75,348.0,343.45,356.0,348.45487428559545,372.0,358.84999999999997,387.0,371.5630916990706,399.0,386.6844061823236,417.0,396.27609892250723
西南交通大学,2026,10,340.97,340.97,zero,exact,0.0,pooled_exact,360.9,338.27000000000004,361.8,340.97,365.5,345.9748742855955,387.0,356.37,402.75,369.0830916990706,415.5,384.2044061823236,417.75,393.79609892250727
西安电子科技大学,2026,14,341.0,341.0,zero,exact,0.0,pooled_exact,355.65,338.3,357.8,341.0,376.5,346.00487428559546,395.5,356.4,408.0,369.1130916990706,410.1,384.2344061823236,411.35,393.82609892250724
贵州大学,2026,48,330.07,330.07,zero,exact,0.0,pooled_exact,327.35,327.37,330.7,330.07,346.75,335.07487428559546,359.5,345.46999999999997,382.5,358.1830916990706,397.6,373.3044061823236,405.0,382.89609892250724
辽宁大学,2026,64,341.78,341.78,zero,exact,0.0,pooled_exact,347.0,339.08,348.3,341.78,355.0,346.78487428559544,368.0,357.17999999999995,384.5,369.89309169907057,389.7,385.01440618232357,398.7,394.6060989225072
陕西师范大学,2026,30,336.0,336.0,zero,exact,0.0,pooled_exact,343.45,333.3,348.5,336.0,354.5,341.00487428559546,364.5,351.4,390.75,364.1130916990706,398.5,379.2344061823236,406.29999999999995,388.82609892250724
