school,year,n,q05,q10,q15,q20,q10_inverted_cdf,q10_linear,q10_median_unbiased,population_ci95_lower,population_ci95_upper,population_ci95_lower_rank,population_ci95_upper_rank,population_ci95_lower_support_bound,population_ci95_upper_support_bound,population_ci95_binomial_coverage_continuous_model,q10_definition_range
上海交通大学,2022,44,402.3,404.3,405.45,408.6,404.0,404.3,404.0,401.0,409.0,1,10,False,False,0.9800466413312948,0.30000000000001137
上海交通大学,2023,48,368.75,374.0,378.0,378.8,374.0,374.0,374.0,365.0,378.0,1,10,False,False,0.974890392002852,0.0
上海交通大学,2024,51,388.5,389.0,391.5,394.0,389.0,389.0,389.0,384.0,394.0,1,11,False,False,0.9844886673143566,0.0
上海交通大学,2025,60,377.95,381.8,382.85,385.6,380.0,381.8,380.73333333333335,375.0,384.0,2,12,False,False,0.9716382358365523,1.8000000000000114
东北大学,2023,27,382.0,386.8,390.0,391.2,382.0,386.8,382.53333333333336,0.0,392.0,0,7,True,False,0.9853322215978558,4.800000000000011
东北林业大学,2026,21,327.0,331.0,335.0,336.0,331.0,331.0,328.8666666666667,0.0,338.0,0,6,True,False,0.9855547297234956,2.1333333333333258
东南大学,2023,11,386.0,386.0,390.0,394.0,386.0,386.0,386.0,0.0,394.0,0,4,True,False,0.9814652388,0.0
东南大学,2024,12,389.75,392.9,397.85,401.2,392.0,392.9,389.8333333333333,0.0,406.0,0,5,True,False,0.99567065673,3.066666666666663
东南大学,2026,19,397.0,401.8,403.7,404.6,397.0,401.8,398.6,0.0,407.0,0,6,True,False,0.9914069792621538,4.800000000000011
中南大学,2025,26,371.25,374.5,377.0,377.0,372.0,374.5,371.96666666666664,0.0,377.0,0,7,True,False,0.9881312809164946,2.53333333333336
中国人民大学,2024,29,405.4,407.6,409.2,411.2,406.0,407.6,406.53333333333336,0.0,412.0,0,7,True,False,0.9783832842036875,1.6000000000000227
中国地质大学（北京）,2025,15,363.1,364.0,364.3,366.4,364.0,364.0,363.6,0.0,371.0,0,5,True,False,0.987279516358749,0.39999999999997726
中国地质大学（武汉）,2025,40,352.9,364.9,370.4,371.0,364.0,364.9,364.3666666666667,349.0,371.0,1,9,False,False,0.969723811644121,0.8999999999999773
中国海洋大学,2026,11,398.5,399.0,400.5,402.0,399.0,399.0,398.46666666666664,0.0,403.0,0,4,True,False,0.9814652388,0.5333333333333599
中国科学技术大学,2023,10,383.35,384.7,385.35,385.8,382.0,384.7,383.1,0.0,390.0,0,4,True,False,0.9872048016,2.6999999999999886
中国药科大学,2022,14,389.95,391.6,392.9,393.0,391.0,391.6,390.3,0.0,397.0,0,5,True,False,0.99076978754415,1.3000000000000114
中国药科大学,2025,12,337.3,341.0,346.5,350.0,340.0,341.0,337.4,0.0,355.0,0,5,True,False,0.99567065673,3.6000000000000227
中国药科大学,2026,10,343.7,346.4,347.7,348.6,341.0,346.4,343.2,0.0,360.0,0,4,True,False,0.9872048016,5.399999999999977
中央民族大学,2024,58,375.0,378.4,380.55,381.0,377.0,378.4,377.3333333333333,374.0,381.0,2,12,False,False,0.9722900231951614,1.3999999999999773
中央民族大学,2026,71,384.5,386.0,386.0,387.0,386.0,386.0,386.0,384.0,387.0,3,13,False,False,0.9548652059602722,0.0
中央财经大学,2025,58,345.0,345.7,349.55,351.0,345.0,345.7,345.1666666666667,344.0,351.0,2,12,False,False,0.9722900231951614,0.6999999999999886
中央财经大学,2026,62,372.1,375.0,376.0,378.4,375.0,375.0,374.56666666666666,369.0,377.0,2,12,False,False,0.9698152119186138,0.4333333333333371
兰州大学,2025,76,357.0,364.5,370.0,372.0,364.0,364.5,363.8666666666667,357.0,370.0,3,14,False,False,0.9674173390010222,0.6333333333333258
内蒙古大学,2023,50,340.9,344.9,348.0,349.0,344.0,344.9,344.3666666666667,339.0,349.0,1,10,False,False,0.9703082890880885,0.8999999999999773
内蒙古大学,2026,44,323.15,324.6,328.35,331.8,324.0,324.6,324.0,315.0,333.0,1,10,False,False,0.9800466413312948,0.6000000000000227
北京交通大学,2025,21,365.0,369.0,371.0,375.0,369.0,369.0,366.8666666666667,0.0,377.0,0,6,True,False,0.9855547297234956,2.1333333333333258
北京工业大学,2023,23,354.2,357.6,366.4,373.6,356.0,357.6,355.3333333333333,0.0,376.0,0,6,True,False,0.9773922499124107,2.2666666666667084
北京工业大学,2025,19,376.0,376.8,377.7,378.6,376.0,376.8,376.26666666666665,0.0,380.0,0,6,True,False,0.9914069792621538,0.8000000000000114
华东师范大学,2023,40,396.95,399.9,400.0,401.0,399.0,399.9,399.3666666666667,395.0,401.0,1,9,False,False,0.969723811644121,0.8999999999999773
华中农业大学,2023,27,350.9,354.2,356.8,358.0,353.0,354.2,353.1333333333333,0.0,358.0,0,7,True,False,0.9853322215978558,1.1999999999999886
华中农业大学,2025,12,367.55,368.1,368.65,369.0,368.0,368.1,367.56666666666666,0.0,371.0,0,5,True,False,0.99567065673,0.5333333333333599
华中师范大学,2022,26,370.5,373.0,377.0,380.0,372.0,373.0,371.93333333333334,0.0,382.0,0,7,True,False,0.9881312809164946,1.0666666666666629
华中师范大学,2024,32,373.55,375.1,376.65,380.0,375.0,375.1,374.56666666666666,0.0,380.0,0,8,True,False,0.9883145453741411,0.5333333333333599
华中师范大学,2025,40,371.9,375.0,376.0,377.0,375.0,375.0,375.0,361.0,377.0,1,9,False,False,0.969723811644121,0.0
华中科技大学,2024,25,374.2,376.6,380.2,382.6,375.0,376.6,374.8666666666667,0.0,384.0,0,7,True,False,0.9905236393084934,1.7333333333333485
华中科技大学,2025,30,367.0,367.9,369.7,372.6,367.0,367.9,367.3666666666667,0.0,375.0,0,8,True,False,0.9922163807620786,0.8999999999999773
南京大学,2025,14,364.2,367.6,368.9,373.8,367.0,367.6,365.1333333333333,0.0,379.0,0,5,True,False,0.99076978754415,2.466666666666697
南京大学,2026,11,412.0,415.0,415.0,415.0,415.0,415.0,411.8,0.0,417.0,0,4,True,False,0.9814652388,3.1999999999999886
南京理工大学,2026,15,376.4,377.8,379.6,383.8,377.0,377.8,376.73333333333335,0.0,386.0,0,5,True,False,0.987279516358749,1.0666666666666629
南京航空航天大学,2025,18,358.85,362.5,364.55,365.4,359.0,362.5,359.8333333333333,0.0,368.0,0,6,True,False,0.9935848499038662,3.5
南京航空航天大学,2026,22,396.55,407.2,409.0,409.6,407.0,407.2,402.23333333333335,0.0,412.0,0,6,True,False,0.9817840189412009,4.96666666666664
厦门大学,2023,36,364.75,366.5,369.0,373.0,366.0,366.5,365.96666666666664,362.0,373.0,1,8,False,False,0.9539621052026521,0.5333333333333599
哈尔滨工业大学,2022,27,385.0,388.6,391.0,394.0,385.0,388.6,385.4,0.0,394.0,0,7,True,False,0.9853322215978558,3.6000000000000227
哈尔滨工业大学,2023,16,388.25,389.0,393.0,405.0,389.0,389.0,388.9,0.0,406.0,0,5,True,False,0.9829960017221205,0.10000000000002274
哈尔滨工业大学,2025,21,353.0,357.0,364.0,364.0,357.0,357.0,354.8666666666667,0.0,366.0,0,6,True,False,0.9855547297234956,2.1333333333333258
四川大学,2023,13,358.6,360.2,363.8,367.8,359.0,360.2,358.6666666666667,0.0,372.0,0,5,True,False,0.9935398440405,1.533333333333303
大连理工大学,2023,52,388.1,391.0,392.0,394.2,391.0,391.0,391.0,382.0,394.0,1,11,False,False,0.9832527143123267,0.0
大连理工大学,2025,15,386.7,388.2,390.2,391.6,387.0,388.2,386.8666666666667,0.0,393.0,0,5,True,False,0.987279516358749,1.3333333333333144
新疆大学,2025,19,313.9,314.0,316.1,317.6,314.0,314.0,314.0,0.0,320.0,0,6,True,False,0.9914069792621538,0.0
暨南大学,2023,50,392.0,394.8,396.0,398.8,393.0,394.8,393.73333333333335,389.0,398.0,1,10,False,False,0.9703082890880885,1.8000000000000114
暨南大学,2025,45,333.0,338.0,340.2,346.0,338.0,338.0,337.8666666666667,323.0,347.0,1,10,False,False,0.9792418517573246,0.13333333333332575
武汉大学,2022,16,415.0,416.0,417.5,419.0,415.0,416.0,415.0,0.0,419.0,0,5,True,False,0.9829960017221205,1.0
武汉大学,2024,11,386.5,387.0,387.5,388.0,387.0,387.0,386.46666666666664,0.0,389.0,0,4,True,False,0.9814652388,0.5333333333333599
武汉理工大学,2023,42,379.0,380.0,381.15,383.0,380.0,380.0,379.56666666666666,379.0,383.0,1,9,False,False,0.966938773510877,0.4333333333333371
武汉理工大学,2026,54,363.0,364.3,366.9,368.6,364.0,364.3,364.0,360.0,368.0,2,11,False,False,0.9597623946377518,0.30000000000001137
河北工业大学,2023,24,358.3,360.0,362.25,365.6,360.0,360.0,359.53333333333336,0.0,366.0,0,7,True,False,0.9925438530617369,0.46666666666664014
河北工业大学,2025,24,323.0,323.3,324.0,324.0,323.0,323.3,323.0,0.0,331.0,0,7,True,False,0.9925438530617369,0.30000000000001137
河海大学,2023,21,357.0,359.0,359.0,364.0,359.0,359.0,357.93333333333334,0.0,367.0,0,6,True,False,0.9855547297234956,1.0666666666666629
河海大学,2025,31,340.0,341.0,342.0,342.0,341.0,341.0,340.46666666666664,0.0,344.0,0,8,True,False,0.9904120638196798,0.5333333333333599
湖南大学,2024,21,377.0,378.0,381.0,381.0,378.0,378.0,377.46666666666664,0.0,383.0,0,6,True,False,0.9855547297234956,0.5333333333333599
湖南大学,2025,15,385.6,388.0,388.0,388.0,388.0,388.0,386.93333333333334,0.0,391.0,0,5,True,False,0.987279516358749,1.0666666666666629
湖南师范大学,2023,23,351.5,356.8,361.8,366.4,356.0,356.8,354.3333333333333,0.0,367.0,0,6,True,False,0.9773922499124107,2.466666666666697
湖南师范大学,2025,27,333.3,334.6,335.0,337.6,334.0,334.6,334.06666666666666,0.0,340.0,0,7,True,False,0.9853322215978558,0.6000000000000227
福州大学,2024,21,392.0,392.0,393.0,393.0,392.0,392.0,392.0,0.0,398.0,0,6,True,False,0.9855547297234956,0.0
苏州大学,2025,15,380.0,382.0,385.1,385.8,380.0,382.0,380.0,0.0,386.0,0,5,True,False,0.987279516358749,2.0
西北大学,2024,46,346.0,351.0,354.5,359.0,350.0,351.0,349.96666666666664,344.0,359.0,1,10,False,False,0.9781182643974058,1.0333333333333599
西北大学,2025,31,327.5,328.0,328.5,343.0,328.0,328.0,328.0,0.0,344.0,0,8,True,False,0.9904120638196798,0.0
西北大学,2026,41,346.0,348.0,349.0,351.0,348.0,348.0,348.0,341.0,351.0,1,9,False,False,0.9685612362123724,0.0
西南交通大学,2025,10,339.55,348.1,350.35,350.8,331.0,348.1,337.96666666666664,0.0,354.0,0,4,True,False,0.9872048016,17.100000000000023
西南交通大学,2026,10,360.9,361.8,362.7,363.6,360.0,361.8,360.73333333333335,0.0,370.0,0,4,True,False,0.9872048016,1.8000000000000114
西安电子科技大学,2025,10,375.45,375.9,376.35,376.8,375.0,375.9,375.3666666666667,0.0,377.0,0,4,True,False,0.9872048016,0.8999999999999773
西安电子科技大学,2026,14,355.65,357.8,361.7,369.2,356.0,357.8,355.76666666666665,0.0,384.0,0,5,True,False,0.99076978754415,2.03333333333336
贵州大学,2025,46,324.75,329.5,334.25,335.0,328.0,329.5,327.96666666666664,314.0,335.0,1,10,False,False,0.9781182643974058,1.5333333333333599
贵州大学,2026,48,327.35,330.7,334.05,339.0,330.0,330.7,330.1666666666667,323.0,337.0,1,10,False,False,0.974890392002852,0.6999999999999886
辽宁大学,2023,69,353.8,363.6,367.0,367.0,362.0,363.6,362.53333333333336,350.0,367.0,2,13,False,False,0.9756778706927421,1.6000000000000227
辽宁大学,2026,64,347.0,348.3,352.9,355.0,348.0,348.3,348.0,344.0,354.0,2,12,False,False,0.9668067414004192,0.30000000000001137
陕西师范大学,2026,30,343.45,348.5,351.35,352.0,344.0,348.5,345.8333333333333,0.0,353.0,0,8,True,False,0.9922163807620786,4.5
