school,year,kind,actual,pred_q50,latest_training_year
上海交通大学,2024,ridge,389.0,377.62609132259075,2023
上海交通大学,2024,neural_4,389.0,381.1426485237589,2023
东南大学,2024,ridge,392.9,380.5251148036623,2023
东南大学,2024,neural_4,392.9,381.14264870509237,2023
中国人民大学,2024,ridge,407.6,381.50240876711575,2023
中国人民大学,2024,neural_4,407.6,381.1426487633639,2023
中央民族大学,2024,ridge,378.4,382.37470420557014,2023
中央民族大学,2024,neural_4,378.4,381.1426488153757,2023
华中师范大学,2024,ridge,375.1,374.1211597900234,2023
华中师范大学,2024,neural_4,375.1,381.14264818026476,2023
华中科技大学,2024,ridge,376.6,379.75781789020704,2023
华中科技大学,2024,neural_4,376.6,381.1426486593427,2023
武汉大学,2024,ridge,387.0,379.2095498476739,2023
武汉大学,2024,neural_4,387.0,381.142648666486,2023
湖南大学,2024,ridge,378.0,382.6654693517216,2023
湖南大学,2024,neural_4,378.0,381.1426488327132,2023
福州大学,2024,ridge,392.0,382.0839390594187,2023
福州大学,2024,neural_4,392.0,381.14264879803835,2023
西北大学,2024,ridge,351.0,383.2469996440245,2023
西北大学,2024,neural_4,351.0,381.14264886738835,2023
上海交通大学,2025,ridge,381.8,393.31664250929424,2024
上海交通大学,2025,neural_4,381.8,395.4705127666862,2024
中南大学,2025,ridge,374.5,392.1300112513643,2024
中南大学,2025,neural_4,374.5,394.5276971550157,2024
中国地质大学（北京）,2025,ridge,364.0,386.0812570155554,2024
中国地质大学（北京）,2025,neural_4,364.0,392.25803464983755,2024
中国地质大学（武汉）,2025,ridge,364.9,385.0627914462477,2024
中国地质大学（武汉）,2025,neural_4,364.9,391.3054553795038,2024
中国药科大学,2025,ridge,341.0,381.12439342972255,2024
中国药科大学,2025,neural_4,341.0,384.3118942968258,2024
中央财经大学,2025,ridge,345.7,394.9575291442974,2024
中央财经大学,2025,neural_4,345.7,396.39244376770034,2024
兰州大学,2025,ridge,364.5,376.78725879487547,2024
兰州大学,2025,neural_4,364.5,381.06880329847303,2024
北京交通大学,2025,ridge,369.0,390.9655411590343,2024
北京交通大学,2025,neural_4,369.0,392.8650335324781,2024
北京工业大学,2025,ridge,376.8,379.48083213094515,2024
北京工业大学,2025,neural_4,376.8,383.4768326479656,2024
华中农业大学,2025,ridge,368.1,390.1650886671486,2024
华中农业大学,2025,neural_4,368.1,395.02512820084183,2024
华中师范大学,2025,ridge,375.0,387.3098340961394,2024
华中师范大学,2025,neural_4,375.0,391.7912960421769,2024
华中科技大学,2025,ridge,367.9,385.0336284199498,2024
华中科技大学,2025,neural_4,367.9,388.8086525574263,2024
南京大学,2025,ridge,367.6,394.52062248865036,2024
南京大学,2025,neural_4,367.6,396.42315857802987,2024
南京航空航天大学,2025,ridge,362.5,381.89737148741335,2024
南京航空航天大学,2025,neural_4,362.5,387.99127153975303,2024
哈尔滨工业大学,2025,ridge,357.0,396.0868234312865,2024
哈尔滨工业大学,2025,neural_4,357.0,396.249650667965,2024
大连理工大学,2025,ridge,388.2,398.7737310789858,2024
大连理工大学,2025,neural_4,388.2,397.1975397009453,2024
新疆大学,2025,ridge,314.0,363.15834405341,2024
新疆大学,2025,neural_4,314.0,362.9799798715483,2024
暨南大学,2025,ridge,338.0,391.43065075767043,2024
暨南大学,2025,neural_4,338.0,393.5249012020684,2024
河北工业大学,2025,ridge,323.3,384.0018867262844,2024
河北工业大学,2025,neural_4,323.3,389.5752905513851,2024
河海大学,2025,ridge,341.0,389.39391274431836,2024
河海大学,2025,neural_4,341.0,394.3799610877057,2024
湖南大学,2025,ridge,388.0,389.3427508236581,2024
湖南大学,2025,neural_4,388.0,392.25640430961454,2024
湖南师范大学,2025,ridge,334.6,375.2326249939157,2024
湖南师范大学,2025,neural_4,334.6,375.6787026264878,2024
苏州大学,2025,ridge,382.0,387.797979526605,2024
苏州大学,2025,neural_4,382.0,391.86455541359436,2024
西北大学,2025,ridge,328.0,395.0298146855937,2024
西北大学,2025,neural_4,328.0,395.17220892157417,2024
西南交通大学,2025,ridge,348.1,381.89737148741335,2024
西南交通大学,2025,neural_4,348.1,387.99127153975303,2024
西安电子科技大学,2025,ridge,375.9,373.6451830415405,2024
西安电子科技大学,2025,neural_4,375.9,373.4847050642038,2024
贵州大学,2025,ridge,329.5,365.42934723810293,2024
贵州大学,2025,neural_4,329.5,367.08542494301525,2024
东北林业大学,2026,ridge,331.0,366.10516508224975,2025
东北林业大学,2026,neural_4,331.0,366.0153837011373,2025
东南大学,2026,ridge,401.8,376.3775602143525,2025
东南大学,2026,neural_4,401.8,378.21692368195875,2025
中国海洋大学,2026,ridge,399.0,381.0514787016306,2025
中国海洋大学,2026,neural_4,399.0,381.5657626732233,2025
中国药科大学,2026,ridge,346.4,370.73946548605505,2025
中国药科大学,2026,neural_4,346.4,372.32659327347017,2025
中央民族大学,2026,ridge,386.0,379.999663897993,2025
中央民族大学,2026,neural_4,386.0,381.02627207002047,2025
中央财经大学,2026,ridge,375.0,372.7885716941142,2025
中央财经大学,2026,neural_4,375.0,374.21491287316394,2025
内蒙古大学,2026,ridge,324.6,358.30272197830647,2025
内蒙古大学,2026,neural_4,324.6,359.84027967053055,2025
南京大学,2026,ridge,415.0,377.93739354793,2025
南京大学,2026,neural_4,415.0,379.2763124064166,2025
南京理工大学,2026,ridge,377.8,369.3167639007871,2025
南京理工大学,2026,neural_4,377.8,370.282063902787,2025
南京航空航天大学,2026,ridge,407.2,374.7080702427619,2025
南京航空航天大学,2026,neural_4,407.2,376.6143611719906,2025
武汉理工大学,2026,ridge,364.3,374.16976384340455,2025
武汉理工大学,2026,neural_4,364.3,376.2067793904127,2025
西北大学,2026,ridge,348.0,366.6477608815792,2025
西北大学,2026,neural_4,348.0,365.3353706984564,2025
西南交通大学,2026,ridge,361.8,370.5115939549545,2025
西南交通大学,2026,neural_4,361.8,371.8370474459082,2025
西安电子科技大学,2026,ridge,357.8,372.0351774005678,2025
西安电子科技大学,2026,neural_4,357.8,372.50985107514373,2025
贵州大学,2026,ridge,330.7,359.95565027098615,2025
贵州大学,2026,neural_4,330.7,361.6532898608383,2025
辽宁大学,2026,ridge,348.3,372.2455041600982,2025
辽宁大学,2026,neural_4,348.3,374.0308564821398,2025
陕西师范大学,2026,ridge,348.5,367.01179053590585,2025
陕西师范大学,2026,neural_4,348.5,367.13092854646493,2025
