component,variance,deviance,converged
between_school,7.528988460161755,8.385231091690002,True
between_school,9.88964223810327,8.11213757313999,True
between_school,12.990460021979494,7.758412378725552,True
between_school,17.06351428290013,7.3027237457063165,True
between_school,22.41364194879135,6.720347243091965,True
between_school,29.44125911460462,5.985054420527376,True
between_school,38.67232912141843,5.074413970076421,True
between_school,50.797726885716855,3.982170903669612,True
between_school,66.72494559751613,2.74367153242747,True
between_school,87.64601563782459,1.4789266695515835,True
between_school,115.12671892641833,0.4389864024124108,True
between_school,151.2237757108328,0.0,True
between_school,151.2237757108329,0.0,True
between_school,198.63877433053966,0.5586510669018026,True
between_school,260.92036442066257,2.39840838404416,True
between_school,342.729846168531,5.635087689332067,True
between_school,450.19003294555705,10.24424622456172,True
between_school,591.3434970115268,16.11455341249348,True
between_school,776.7544944739157,23.09318166722187,True
between_school,1020.2996189770697,31.015878091333434,True
between_school,1340.2063584965986,39.72442446489549,True
between_school,1760.4172832638096,49.075614990024405,True
between_school,2312.381963842026,58.94497934446372,True
between_school,3037.4107307037852,69.22740903183148,True
school_year,5.557115114848341,120.77510870059996,True
school_year,7.299503864643395,103.03253652994317,True
school_year,9.588204593346452,85.11825178351137,True
school_year,12.594509028095608,67.76690177937962,True
school_year,16.543416039417234,51.669364539793605,True
school_year,21.730471084082488,37.391984736528684,True
school_year,28.543885519836063,25.32678994636808,True
school_year,37.49359125335813,15.676662744255736,True
school_year,49.24940523941558,8.470398000905334,True
school_year,64.69116015177484,3.598151251080708,True
school_year,84.97455312279098,0.8572152319356974,True
school_year,111.61764082569063,0.0,True
school_year,146.61445439424594,0.7789615722140297,True
school_year,192.58423738673767,2.9851120220700977,True
school_year,252.96747611323474,6.476240035148294,True
school_year,332.28339369536997,11.189807452614332,True
school_year,436.46817931760074,17.46227048430228,True
school_year,573.3192665399089,26.57971750213619,True
school_year,753.0789115022303,38.10816411815176,True
school_year,989.2007473813138,51.518347574443396,True
school_year,1299.3566858323202,66.37055545046678,True
school_year,1706.7595242791904,82.35158575982496,True
school_year,2241.9002460835086,99.18945098804033,True
within_school_year,14.898911462178216,35955.671406171095,True
within_school_year,19.570345322982877,25848.53032529414,True
within_school_year,25.706469699686593,18299.45991595861,True
within_school_year,33.76652652341568,12697.850264482433,True
within_school_year,44.35374933923481,8578.84400023783,True
within_school_year,58.26051071860959,5588.545291254111,True
within_school_year,76.52762527993711,3457.533469293903,True
within_school_year,100.52224669420538,1980.6989876153311,True
within_school_year,132.04018867027094,1001.892596008176,True
within_school_year,173.44032786212838,402.2388573351873,True
within_school_year,227.82114772678673,91.23938676470061,True
within_school_year,299.2526362888845,0.0,True
within_school_year,299.2526362888848,0.0,True
within_school_year,393.0808935843058,76.07493572951535,True
within_school_year,516.3282463178602,279.54237235941946,True
within_school_year,678.2188152538619,580.0176225121559,True
within_school_year,890.8688700350122,954.3805433435955,True
within_school_year,1170.1936392024038,1385.0469755048252,True
within_school_year,1537.0984432040468,1858.6542974241602,True
within_school_year,2019.0432975782433,2365.0614511032036,True
within_school_year,2652.098084881393,2896.586865642297,True
within_school_year,3483.6421092445516,3447.4263658632444,True
within_school_year,4575.910074549367,4013.2086327551406,True
within_school_year,6010.649875541645,4590.883027684355,True
