school,year,kind,actual,pred_sd,state_variance,national_variance,future_cohort_variance,latest_training_year,pred_q05,pred_q10,pred_q20,pred_q50,pred_q80,pred_q90,pred_q95
上海交通大学,2024,random_intercept,389.0,14.793019012398723,116.20011844961206,91.90084322916682,10.7324498224112,2023,357.8643098242635,363.238644125899,369.74654189088704,382.1966608003696,394.6467797098522,401.15467747484024,406.5290117764757
东南大学,2024,random_intercept,392.9,15.902996907743674,143.8724316506541,91.90084322916682,17.13203576788394,2023,357.1483743374481,362.9259658965785,369.92217660554684,383.3064764805483,396.6907763555498,403.6869870645182,409.46457862364855
中国人民大学,2024,random_intercept,407.6,15.768897687810899,146.02484123706986,91.90084322916682,10.7324498224112,2023,359.32234400894237,365.05121704503813,371.98843343966433,385.2598725637648,398.5313116878653,405.4685280824915,411.19740111858727
中央民族大学,2024,random_intercept,378.4,15.768897687810899,146.02484123706986,91.90084322916682,10.7324498224112,2023,361.1804174188773,366.9092904549731,373.8465068495993,387.11794597369976,400.38938509780024,407.32660149242645,413.0554745285222
华中师范大学,2024,random_intercept,375.1,15.163191670447333,120.33877727499124,91.90084322916682,17.682761130565286,2023,342.5177822495327,348.02660104091376,354.6973489862439,367.45901306482835,380.2206771434128,386.89142508874295,392.400243880124
华中科技大学,2024,random_intercept,376.6,15.768897687810899,146.02484123706986,91.90084322916682,10.7324498224112,2023,355.6061971890726,361.33507022516835,368.27228661979456,381.54372574389504,394.8151648679955,401.7523812626217,407.4812542987175
武汉大学,2024,random_intercept,387.0,14.665913635145845,118.18263731578571,91.90084322916682,5.005542208604303,2023,364.487900469477,369.8160571255406,376.2680373797184,388.6111817048037,400.954326029889,407.4063062840668,412.7344629401304
湖南大学,2024,random_intercept,378.0,15.768897687810899,146.02484123706986,91.90084322916682,10.7324498224112,2023,361.79977522218894,367.5286482582847,374.4658646529109,387.7373037770114,401.0087429011119,407.9459592957381,413.67483233183384
福州大学,2024,random_intercept,392.0,15.768897687810899,146.02484123706986,91.90084322916682,10.7324498224112,2023,360.5610596155657,366.28993265166145,373.22714904628765,386.49858817038813,399.7700272944886,406.7072436891148,412.4361167252106
西北大学,2024,random_intercept,351.0,15.768897687810899,146.02484123706986,91.90084322916682,10.7324498224112,2023,363.0384908288122,368.76736386490796,375.70458025953417,388.97601938363465,402.24745850773513,409.18467490236134,414.9135479384571
上海交通大学,2024,local_level,389.0,14.499498372053038,107.60215998959069,91.90084322916682,10.7324498224112,2023,352.7799982265058,358.04769587443826,364.4264650066785,376.6295507127542,388.83263641882996,395.2114055510702,400.4791031990026
东南大学,2024,local_level,392.9,14.937631851500484,114.09996633391104,91.90084322916682,17.13203576788394,2023,361.9767988259308,367.40367127011785,373.9751886094193,386.5470167549372,399.1188449004551,405.69036223975655,411.1172346839436
中国人民大学,2024,local_level,407.6,14.882095483827953,118.84347293819431,91.90084322916682,10.7324498224112,2023,365.03260529173286,370.4393012590615,376.9863864656962,389.5114740249454,402.0365615841946,408.58364679082933,413.99034275815796
中央民族大学,2024,local_level,378.4,14.882095483827953,118.84347293819431,91.90084322916682,10.7324498224112,2023,367.8177279754225,373.2244239427511,379.77150914938585,392.29659670863504,404.8216842678842,411.36876947451896,416.7754654418476
华中师范大学,2024,local_level,375.1,15.0433605151793,116.7190912299235,91.90084322916682,17.682761130565286,2023,343.3927275762112,348.8580114618626,355.47604204727514,368.13685368114244,380.79766531500974,387.4156959004223,392.8809797860737
华中科技大学,2024,local_level,376.6,14.882095483827953,118.84347293819431,91.90084322916682,10.7324498224112,2023,359.4623599243535,364.86905589168214,371.41614109831687,383.94122865756606,396.46631621681524,403.01340142345,408.4200973907786
武汉大学,2024,local_level,387.0,14.60441355765436,116.38250992522732,91.90084322916682,5.005542208604303,2023,358.73308418866833,364.0388977398026,370.4638222444733,382.75520679847534,395.0465913524774,401.47151585714806,406.77732940828236
湖南大学,2024,local_level,378.0,14.882095483827953,118.84347293819431,91.90084322916682,10.7324498224112,2023,368.746102203319,374.15279817064766,380.6998833772824,393.2249709365316,405.75005849578076,412.2971437024155,417.7038396697441
福州大学,2024,local_level,392.0,14.882095483827953,118.84347293819431,91.90084322916682,10.7324498224112,2023,366.88935374752594,372.2960497148546,378.8431349214893,391.3682224807385,403.8933100399877,410.4403952466224,415.84709121395105
西北大学,2024,local_level,351.0,14.882095483827953,118.84347293819431,91.90084322916682,10.7324498224112,2023,370.60285065911216,376.0095466264408,382.5566318330755,395.0817193923247,407.6068069515739,414.15389215820863,419.56058812553727
上海交通大学,2024,local_level_equal_precision,389.0,14.73329794733306,114.43677535331055,91.90084322916682,10.7324498224112,2023,353.27310896637266,358.6257464819604,365.1073711389684,377.5072275320001,389.9070839250318,396.38870858203984,401.74134609762757
东南大学,2024,local_level_equal_precision,392.9,15.020346972493366,116.57794417703985,91.90084322916682,17.13203576788394,2023,361.687682949326,367.1446059674793,373.75251219741824,386.3939551451013,399.03539809278436,405.6433043227233,411.1002273408766
中国人民大学,2024,local_level_equal_precision,407.6,14.805783911317153,116.57794417703985,91.90084322916682,10.7324498224112,2023,365.17093322286973,370.54990503859597,377.0634184698028,389.52428058925955,401.9851427087163,408.4986561399231,413.8776279556493
中央民族大学,2024,local_level_equal_precision,378.4,14.805783911317153,116.57794417703985,91.90084322916682,10.7324498224112,2023,367.96494271021766,373.34391452594383,379.85742795715066,392.3182900766074,404.77915219606416,411.292665627271,416.67163744299717
华中师范大学,2024,local_level_equal_precision,375.1,14.967310370037854,114.43677535331055,91.90084322916682,17.682761130565286,2023,343.56687204988225,349.00452676103345,355.58910058084746,368.1859067977474,380.78271301464736,387.36728683446137,392.80494154561256
华中科技大学,2024,local_level_equal_precision,376.6,14.805783911317153,116.57794417703985,91.90084322916682,10.7324498224112,2023,359.582914248174,364.96188606390024,371.47539949510707,383.9362616145638,396.39712373402057,402.9106371652274,408.2896089809536
武汉大学,2024,local_level_equal_precision,387.0,14.537646329137385,114.43677535331055,91.90084322916682,5.005542208604303,2023,358.1285881543479,363.41014503372753,369.80569660939193,382.0408884461673,394.27608028294264,400.67163185860704,405.9531887379867
湖南大学,2024,local_level_equal_precision,378.0,14.805783911317153,116.57794417703985,91.90084322916682,10.7324498224112,2023,368.89627920600026,374.2752510217265,380.7887644529333,393.24962657239007,405.7104886918468,412.22400212305365,417.6029739387798
福州大学,2024,local_level_equal_precision,392.0,14.805783911317153,116.57794417703985,91.90084322916682,10.7324498224112,2023,367.03360621443505,372.4125780301612,378.92609146136806,391.3869535808248,403.84781570028156,410.3613291314884,415.74030094721456
西北大学,2024,local_level_equal_precision,351.0,14.805783911317153,116.57794417703985,91.90084322916682,10.7324498224112,2023,370.75895219756546,376.1379240132917,382.6514374444985,395.1122995639553,407.573161683412,414.08667511461886,419.46564693034503
上海交通大学,2025,random_intercept,381.8,16.958308819014377,180.26940563550284,104.54010125000028,2.774731115557778,2024,353.6673865816789,359.8283751336012,367.28884956202853,381.56132234959784,395.83379513716716,403.2942695655945,409.4552581175168
中南大学,2025,random_intercept,374.5,18.451741466544036,226.56607060253253,104.54010125000028,9.360591295647827,2024,358.30936473837374,365.01292044971586,373.1304011985483,388.6597786131896,404.18915602783085,412.3066367766633,419.01019248800543
中国地质大学（北京）,2025,random_intercept,364.0,17.649812221250954,197.61517889977145,104.54010125000028,9.360591295647827,2024,335.77408486968267,342.18629803310733,349.9509857828402,364.8054425168197,379.65989925079924,387.4245870005321,393.83680016395675
中国地质大学（武汉）,2025,random_intercept,364.9,17.621293586285272,196.60929510841035,104.54010125000028,9.360591295647827,2024,335.3301321360599,341.731984420613,349.484125957798,364.3145808030379,379.1450356482778,386.89717718546285,393.29902947001597
中国药科大学,2025,random_intercept,341.0,17.1986875780192,185.5576846620645,104.54010125000028,5.697068494247141,2024,332.87113148176684,339.11945013235396,346.6856744680293,361.16045512327696,375.63523577852465,383.20146011419996,389.4497787647871
中央财经大学,2025,random_intercept,345.7,17.649812221250954,197.61517889977145,104.54010125000028,9.360591295647827,2024,352.4130121302964,358.8252252937211,366.5899130434539,381.44436977743345,396.298826511413,404.0635142611458,410.4757274245705
兰州大学,2025,random_intercept,364.5,18.38929732809814,224.26556367554926,104.54010125000028,9.360591295647827,2024,341.313782315251,347.9946519423729,356.0846616206492,371.56148472246224,387.0383078242753,395.12831750255157,401.8091871296735
北京交通大学,2025,random_intercept,369.0,17.210700615153936,182.307523118812,104.54010125000028,9.360591295647827,2024,355.1219963958869,361.3746794076289,368.9461886427188,383.4310797250988,397.9159708074788,405.48748004256873,411.7401630543107
北京工业大学,2025,random_intercept,376.8,19.223159501430324,200.74006561025195,104.54010125000028,64.24969435717865,2024,332.4865273807558,339.4703408543785,347.92719179538744,364.1058110081501,380.2844302209128,388.74128116192173,395.72509463554445
华中农业大学,2025,random_intercept,368.1,17.54998053780759,195.08922299110662,104.54010125000028,8.372492636318174,2024,338.8472258035363,345.22316991057227,352.9439386746666,367.71437494407684,382.4848112134871,390.2055799775814,396.5815240846174
华中师范大学,2025,random_intercept,375.0,17.05601439887277,182.01683570194356,104.54010125000028,4.350690222611296,2024,340.52863693381073,346.7251221243065,354.22858020091644,368.58328407913314,382.93798795734983,390.4414460339598,396.63793122445554
华中科技大学,2025,random_intercept,367.9,17.717379394692582,196.5998838016952,104.54010125000028,12.765547563781892,2024,349.366324446766,355.80308490358544,363.59749750236085,378.50882020420136,393.42014290604186,401.21455550481727,407.6513159616367
南京大学,2025,random_intercept,367.6,18.141668021664245,215.21942606262698,104.54010125000028,9.360591295647827,2024,347.57277218301857,354.1636775726483,362.14474760793917,377.41316062740253,392.6815736468659,400.6626436821568,407.2535490717865
南京航空航天大学,2025,random_intercept,362.5,20.783889636033216,318.06937585716076,104.54010125000028,9.360591295647827,2024,340.97844062487377,348.52927057369754,357.67273404094055,375.1648968748621,392.65705970878366,401.8005231760267,409.35135312485045
哈尔滨工业大学,2025,random_intercept,357.0,18.32139078376725,183.63478001201653,104.54010125000028,47.49847898949475,2024,352.3507127383085,359.006911777892,367.0670473075777,382.48671881978333,397.906390331989,405.96652586167465,412.62272490125815
大连理工大学,2025,random_intercept,388.2,17.36867423244014,194.36822809500597,104.54010125000028,2.762515247623825,2024,361.5319238565252,367.84199900907515,375.4830056300606,390.10085066309296,404.71869569612534,412.35970231711076,418.6697774696607
新疆大学,2025,random_intercept,314.0,17.649812221250954,197.61517889977145,104.54010125000028,9.360591295647827,2024,318.3035460996112,324.71575926303586,332.4804470127687,347.33490374674824,362.18936048072777,369.9540482304606,376.3662613938853
暨南大学,2025,random_intercept,338.0,17.42959859049151,195.43563259157128,104.54010125000028,3.8151731840920475,2024,351.9783929343098,358.31060203172973,365.9784111257779,380.64753139218806,395.31665165859823,402.9844607526464,409.31666985006626
河北工业大学,2025,random_intercept,323.3,17.71184019819661,195.7131676518008,104.54010125000028,13.456014304652305,2024,337.86733024868397,344.30207830399786,352.09405404221997,367.00071483867254,381.9073756351251,389.6993513733472,396.1340994286611
河海大学,2025,random_intercept,341.0,17.861700530220794,197.16174433116439,104.54010125000028,17.338500250125065,2024,340.27748087039373,346.76667349325515,354.624577337094,369.65736377104844,384.69015020500285,392.5480540488417,399.03724667170314
湖南大学,2025,random_intercept,388.0,17.608749975262974,196.16738314567567,104.54010125000028,9.360591295647827,2024,353.369145423385,359.7664405881963,367.51306381042014,382.332961686278,397.15285956213586,404.8994827843597,411.296777949171
湖南师范大学,2025,random_intercept,334.6,18.346168052150883,197.98978119788657,104.54010125000028,34.051999749874895,2024,327.8015787814939,334.4667794537572,342.53781525534833,357.9783398427355,373.41886443012277,381.4899002317138,388.15510090397714
苏州大学,2025,random_intercept,382.0,18.38929732809814,224.26556367554926,104.54010125000028,9.360591295647827,2024,352.72149418973095,359.40236381685287,367.49237349512913,382.9691965969422,398.44601969875526,406.5360293770315,413.21689900415345
西北大学,2025,random_intercept,328.0,17.732155909281207,196.65807391454285,104.54010125000028,13.231178026513259,2024,344.3636861890865,350.8058149841164,358.60672821986014,373.53048715013665,388.45424608041316,396.2551593161569,402.6972881111868
西南交通大学,2025,random_intercept,348.1,20.783889636033216,318.06937585716076,104.54010125000028,9.360591295647827,2024,340.97844062487377,348.52927057369754,357.67273404094055,375.1648968748621,392.65705970878366,401.8005231760267,409.35135312485045
西安电子科技大学,2025,random_intercept,375.9,17.827558596073413,203.92115295078287,104.54010125000028,9.360591295647827,2024,330.38729976490526,336.86408855271054,344.70697232412584,359.71102418134654,374.71507603856725,382.55795980998255,389.03474859778777
贵州大学,2025,random_intercept,329.5,17.621293586285272,196.60929510841035,104.54010125000028,9.360591295647827,2024,319.56700546277136,325.9688577473245,333.7209992845095,348.5514541297494,363.3819089749893,371.1340505121743,377.53590279672744
上海交通大学,2025,local_level,381.8,18.1375159276736,221.65465166105557,104.54010125000028,2.774731115557778,2024,362.9501498304976,369.53954675582145,377.5187901590246,392.78370868802165,408.0486272170187,416.02787062022185,422.61726754554564
中南大学,2025,local_level,374.5,18.794915124262815,239.34814198259494,104.54010125000028,9.360591295647827,2024,369.5554963774129,376.3837277860248,384.65218103602143,400.4703806878017,416.288580339582,424.5570335895786,431.38526499819045
中国地质大学（北京）,2025,local_level,364.0,18.768353838552205,238.35041326344913,104.54010125000028,9.360591295647827,2024,338.7808944754653,345.5994761142249,353.8562442489812,369.65208935871647,385.4479344684517,393.70470260320803,400.52328424196764
中国地质大学（武汉）,2025,local_level,364.9,18.574167591113287,231.0990091571151,104.54010125000028,9.360591295647827,2024,338.11111996538864,344.8591533401568,353.03049305461303,368.66290689523584,384.29532073585864,392.46666045031486,399.21469382508303
中国药科大学,2025,local_level,341.0,20.084285400107543,293.14135028872556,104.54010125000028,5.697068494247141,2024,311.15240104343314,318.44906333117615,327.28474967465957,344.18811072852856,361.09147178239755,369.92715812588096,377.22382041362397
中央财经大学,2025,local_level,345.7,18.768353838552205,238.35041326344913,104.54010125000028,9.360591295647827,2024,362.7533174284304,369.57189906719003,377.82866720194636,393.6245123116816,409.42035742141684,417.67712555617317,424.4957071949328
兰州大学,2025,local_level,364.5,18.58452276253963,231.4837937657056,104.54010125000028,9.360591295647827,2024,346.44893854498366,353.20073397487727,361.3766292433367,377.0177582161092,392.6588871888817,400.83478245734113,407.5865778872347
北京交通大学,2025,local_level,369.0,18.573599820917625,231.07791776194313,104.54010125000028,9.360591295647827,2024,347.4279683401574,354.1757954428431,362.3468853779686,377.97882137113896,393.61075736430934,401.78184729943484,408.5296744021205
北京工业大学,2025,local_level,376.8,19.99921267897253,231.1787121715966,104.54010125000028,64.24969435717865,2024,328.9001512803425,336.16590647312773,344.96416674616046,361.7959287915244,378.6276908368883,387.425951109921,394.6917063027062
华中农业大学,2025,local_level,368.1,18.546678116529566,231.06667527183828,104.54010125000028,8.372492636318174,2024,346.9991711804223,353.73721757240725,361.8964638331841,377.5057419482975,393.1150200634109,401.27426632418775,408.01231271617263
华中师范大学,2025,local_level,375.0,18.222968995279114,223.18580753029235,104.54010125000028,4.350690222611296,2024,348.9006614142058,355.5211036151442,363.53794041474714,378.8747780599149,394.2116157050827,402.22845250468555,408.84889470562393
华中科技大学,2025,local_level,367.9,18.66378646367906,231.03127634802757,104.54010125000028,12.765547563781892,2024,349.8735817466181,356.6541738425304,364.8649396173453,380.5727786040484,396.28061759075143,404.4913833655664,411.2719754614787
南京大学,2025,local_level,367.6,20.32795336283016,299.3249953757499,104.54010125000028,9.360591295647827,2024,352.2102558574614,359.59544321836034,368.5383264895752,385.646763674813,402.75520086005076,411.6980841312656,419.08327149216456
南京航空航天大学,2025,local_level,362.5,30.50391129362939,816.5879116639625,104.54010125000028,9.360591295647827,2024,323.93942814634914,335.0215620002971,348.44115782213834,374.11389727388143,399.78663672562453,413.2062325474658,424.2883664014137
哈尔滨工业大学,2025,local_level,357.0,19.575092272698328,231.14565724515876,104.54010125000028,47.49847898949475,2024,365.94720635970356,373.0588777346046,381.6705545765092,398.14536788236114,414.6201811882131,423.2318580301177,430.3435294050187
大连理工大学,2025,local_level,388.2,18.394382948287063,231.05070755060976,104.54010125000028,2.762515247623825,2024,375.4168624224599,382.09957966587996,390.19182666273423,405.67292993048414,421.15403319823406,429.24628019508833,435.9289974385084
新疆大学,2025,local_level,314.0,18.768353838552205,238.35041326344913,104.54010125000028,9.360591295647827,2024,308.57055532172075,315.38913696048036,323.6459050952367,339.4417502049719,355.23759531470716,363.4943634494635,370.3129450882231
暨南大学,2025,local_level,338.0,18.616952191217898,238.23563445600055,104.54010125000028,3.8151731840920475,2024,345.20066320606753,351.96424031425016,360.1544022720337,375.82282454057446,391.49124680911524,399.68140876689876,406.4449858750814
河北工业大学,2025,local_level,323.3,18.683583063728644,231.08016054459523,104.54010125000028,13.456014304652305,2024,339.12572055581177,345.9135047973309,354.1329796969776,369.8574799226349,385.58198014829225,393.80145504793893,400.5892392894581
河海大学,2025,local_level,341.0,18.97908889684215,238.32721385411156,104.54010125000028,17.338500250125065,2024,346.2545311496415,353.1496732694885,361.49915014839644,377.4723543578467,393.445558567297,401.7950354462049,408.69017756605194
湖南大学,2025,local_level,388.0,18.48841629402525,227.9208445155302,104.54010125000028,9.360591295647827,2024,351.88587970259357,358.6027594543614,366.7363745722226,382.2966183004097,397.8568620285968,405.99047714645803,412.70735689822584
湖南师范大学,2025,local_level,334.6,19.228078638354756,231.12690712287923,104.54010125000028,34.051999749874895,2024,315.8184592849178,322.8040598911256,331.2630749096747,347.4458341725238,363.6285934353729,372.08760845392203,379.0732090601297
苏州大学,2025,local_level,382.0,18.58452276253963,231.4837937657056,104.54010125000028,9.360591295647827,2024,359.0623290865453,365.8141245164389,373.9900197848983,389.6311487576708,405.2722777304433,413.44817299890275,420.1999684287963
西北大学,2025,local_level,328.0,18.687465884319803,231.45010190110298,104.54010125000028,13.231178026513259,2024,326.1710896954206,332.96028457366464,341.181467643863,356.909235733776,372.63700382368893,380.8581868938873,387.6473817721313
西南交通大学,2025,local_level,348.1,30.50391129362939,816.5879116639625,104.54010125000028,9.360591295647827,2024,323.93942814634914,335.0215620002971,348.44115782213834,374.11389727388143,399.78663672562453,413.2062325474658,424.2883664014137
西安电子科技大学,2025,local_level,375.9,20.175983149633097,293.16960350863064,104.54010125000028,9.360591295647827,2024,318.15188719386043,325.4818634630325,334.3578904279057,351.33842625484624,368.31896208178676,377.19498904666,384.52496531583205
贵州大学,2025,local_level,329.5,18.574167591113287,231.0990091571151,104.54010125000028,9.360591295647827,2024,312.54752020650045,319.2955535812686,327.46689329572484,343.09930713634765,358.73172097697045,366.9030606914267,373.65109406619484
上海交通大学,2025,local_level_equal_precision,381.8,18.75607927470441,244.47567739343816,104.54010125000028,2.774731115557778,2024,360.4620933085212,367.2762155729321,375.52758375474,391.31309833090813,407.09861290707624,415.3499810888842,422.164103353295
中南大学,2025,local_level_equal_precision,374.5,18.957100833357796,245.47097946044676,104.54010125000028,9.360591295647827,2024,369.3309056040095,376.2180594150663,384.5578630779061,400.51256166624285,416.46726025457957,424.8070639174194,431.6942177284762
中国地质大学（北京）,2025,local_level_equal_precision,364.0,18.930936948993367,244.47968122111413,104.54010125000028,9.360591295647827,2024,338.5478592850866,345.4255077030194,353.7538010795251,369.68647958722795,385.6191580949308,393.9474514714365,400.8250998893693
中国地质大学（武汉）,2025,local_level_equal_precision,364.9,18.930936948993367,244.47968122111413,104.54010125000028,9.360591295647827,2024,336.95180601565306,343.82945443358585,352.15774781009156,368.0904263177944,384.0231048254973,392.351398202003,399.2290466199358
中国药科大学,2025,local_level_equal_precision,341.0,18.833821894073587,244.47567739343816,104.54010125000028,5.697068494247141,2024,311.65551293624685,318.49787925453364,326.78344877268904,342.63439318807184,358.48533760345464,366.77090712161004,373.61327343989683
中央财经大学,2025,local_level_equal_precision,345.7,18.930936948993367,244.47968122111413,104.54010125000028,9.360591295647827,2024,362.5268867773075,369.40453519524027,377.732828571746,393.66550707944884,409.5981855871517,417.9264789636574,424.8041273815902
兰州大学,2025,local_level_equal_precision,364.5,18.957100833357796,245.47097946044676,104.54010125000028,9.360591295647827,2024,345.6811233082739,352.56827711933073,360.90808078217054,376.86277937050727,392.817477958844,401.1572816216838,408.0444354327406
北京交通大学,2025,local_level_equal_precision,369.0,18.930831200427686,244.47567739343816,104.54010125000028,9.360591295647827,2024,347.101641169466,353.97925116872693,362.307498023231,378.2400875306956,394.17267703816015,402.5009238926642,409.37853389192514
北京工业大学,2025,local_level_equal_precision,376.8,20.32903039567537,244.47968122111413,104.54010125000028,64.24969435717865,2024,328.01456187178167,335.40014052093346,344.34349761156545,361.452841250515,378.56218488946456,387.50554198009655,394.89112062924835
华中农业大学,2025,local_level_equal_precision,368.1,18.904821477798528,244.47968122111413,104.54010125000028,8.372492636318174,2024,345.7312739408196,352.59943455423274,360.9162389428261,376.82693811544664,392.73763728806716,401.05444167666053,407.92260229007366
华中师范大学,2025,local_level_equal_precision,375.0,18.798044283011194,244.47567739343816,104.54010125000028,4.350690222611296,2024,347.0096640615991,353.8390323000348,362.10886216187833,377.9296953801045,393.7505285983306,402.0203584601742,408.8497266986098
华中科技大学,2025,local_level_equal_precision,367.9,19.020655352402983,244.47968122111413,104.54010125000028,12.765547563781892,2024,349.24394555621785,356.1541888550555,364.5219520785572,380.53013949961183,396.53832692066646,404.90609014416816,411.8163334430058
南京大学,2025,local_level_equal_precision,367.6,18.930936948993367,244.47968122111413,104.54010125000028,9.360591295647827,2024,358.87747686312173,365.7551252810545,374.08341865756023,390.0160971652631,405.94877567296595,414.27706904947166,421.15471746740445
南京航空航天大学,2025,local_level_equal_precision,362.5,31.088170962380943,852.5736812405775,104.54010125000028,9.360591295647827,2024,322.9470668180965,334.24146341409875,347.91809278597157,374.08255758085625,400.2470223757409,413.92365174761375,425.218048343616
哈尔滨工业大学,2025,local_level_equal_precision,357.0,19.912665759082415,244.47567739343816,104.54010125000028,47.49847898949475,2024,364.97008167166746,372.20439419004816,380.96457984788253,397.7235021677666,414.48242448765063,423.242610145485,430.4769226638657
大连理工大学,2025,local_level_equal_precision,388.2,18.755860356665547,244.47968122111413,104.54010125000028,2.762515247623825,2024,374.2884267843867,381.1024695154227,389.35374138854513,405.1390717186433,420.9244020487415,429.17567392186396,435.9897166529
新疆大学,2025,local_level_equal_precision,314.0,18.930936948993367,244.47968122111413,104.54010125000028,9.360591295647827,2024,308.29616094062794,315.17380935856073,323.50210273506644,339.4347812427693,355.36745975047216,363.6957531269779,370.57340154491067
暨南大学,2025,local_level_equal_precision,338.0,18.783901502488945,244.47968122111413,104.54010125000028,3.8151731840920475,2024,344.75334705496556,351.5775771920834,359.8411852157969,375.6501155696337,391.45904592347057,399.722653947184,406.5468840843019
河北工业大学,2025,local_level_equal_precision,323.3,19.038797146242374,244.47968122111413,104.54010125000028,13.456014304652305,2024,338.1884346173185,345.10526886725563,353.4810132161436,369.5044691561086,385.5279250960736,393.90366944496157,400.8205036948987
河海大学,2025,local_level_equal_precision,341.0,19.140488048146512,244.47968122111413,104.54010125000028,17.338500250125065,2024,346.06834066882425,353.02211943304945,361.44260069417066,377.55164185643935,393.660683018708,402.08116427982924,409.03494304405444
湖南大学,2025,local_level_equal_precision,388.0,18.930936948993367,244.47968122111413,104.54010125000028,9.360591295647827,2024,351.4347699023333,358.3124183202661,366.6407116967718,382.57339020447466,398.5060687121775,406.83436208868324,413.712010506616
湖南师范大学,2025,local_level_equal_precision,334.6,19.572219654934116,244.47968122111413,104.54010125000028,34.051999749874895,2024,315.427889388193,322.53851713513865,331.1489302253566,347.6213258751023,364.093721524848,372.7041346150659,379.81476236201155
苏州大学,2025,local_level_equal_precision,382.0,18.957100833357796,245.47097946044676,104.54010125000028,9.360591295647827,2024,358.26333501698576,365.15048882804257,373.4902924908824,389.4449910792191,405.39968966755583,413.73949333039565,420.62664714145245
西北大学,2025,local_level_equal_precision,328.0,19.032891543263407,244.47968122111413,104.54010125000028,13.231178026513259,2024,326.5636137120077,333.4783024442087,341.85144873921763,357.8699343983185,373.88842005741935,382.2615663524283,389.1762550846293
西南交通大学,2025,local_level_equal_precision,348.1,31.088170962380943,852.5736812405775,104.54010125000028,9.360591295647827,2024,322.9470668180965,334.24146341409875,347.91809278597157,374.08255758085625,400.2470223757409,413.92365174761375,425.218048343616
西安电子科技大学,2025,local_level_equal_precision,375.9,18.930936948993367,244.47968122111413,104.54010125000028,9.360591295647827,2024,320.0142733191237,326.89192173705646,335.2202151135622,351.15289362126504,367.0855721289679,375.4138655054736,382.2915139234064
贵州大学,2025,local_level_equal_precision,329.5,18.930936948993367,244.47968122111413,104.54010125000028,9.360591295647827,2024,311.8550854316021,318.7327338495349,327.0610272260406,342.99370573374347,358.9263842414463,367.25467761795204,374.13232603588483
东北林业大学,2026,random_intercept,331.0,19.81451725199737,229.92826434251174,154.67152604166682,8.015303545522764,2025,316.27979785046415,323.4784528138968,332.1954599664267,348.87177841870454,365.54809687098236,374.26510402351227,381.4637589869449
东南大学,2026,random_intercept,401.8,20.061398943424464,209.2056578762408,154.67152604166682,38.58254364932469,2025,339.19401424959335,346.4823618404451,355.3079797374423,372.1920790634055,389.07617838936875,397.90179628636594,405.1901438772177
中国海洋大学,2026,random_intercept,399.0,19.261329682160294,208.31199153767955,154.67152604166682,8.015303545522764,2025,350.0281780386268,357.02585881759296,365.4995019788818,381.7102460262362,397.92099007359053,406.3946332348794,413.3923140138456
中国药科大学,2026,random_intercept,346.4,20.095989471482333,202.73498155614203,154.67152604166682,46.442285240119986,2025,318.84311166095927,326.1440260619596,334.9848613814483,351.8980728303056,368.81128427916286,377.65211959865155,384.9530339996519
中央民族大学,2026,random_intercept,386.0,19.12071683971903,207.32323345906616,154.67152604166682,3.6070529639819906,2025,343.31838615291883,350.26498199636586,358.67676530320006,374.7691665966428,390.8615678900855,399.2733511969197,406.2199470403667
中央财经大学,2026,random_intercept,375.0,19.13607251214867,207.35995665679914,154.67152604166682,4.157788491745867,2025,335.22452692087995,342.1767015117749,350.5952402446788,366.70056519809407,382.80589015150935,391.2244288844132,398.1766034753082
内蒙古大学,2026,random_intercept,324.6,19.233275602881392,207.58924991999834,154.67152604166682,7.658114454727353,2025,304.8507036276255,311.8381923017588,320.2994936226373,336.4866267611822,352.6737598997271,361.1350612206056,368.12254989473894
南京大学,2026,random_intercept,415.0,20.17646719669036,217.7700015569851,154.67152604166682,34.6483009404703,2025,336.61037070938204,343.9405228338478,352.8167627457036,369.7977059569256,386.7786491681476,395.6548890800034,402.98504120446916
南京理工大学,2026,random_intercept,377.8,20.684364777447538,265.15611665932266,154.67152604166682,8.015303545522764,2025,326.76269368616545,334.27736604870387,343.3770455118698,360.78544611153734,378.19384671120486,387.2935261743708,394.80819853690923
南京航空航天大学,2026,random_intercept,407.2,20.328307751136496,247.80901584618078,154.67152604166682,10.759554137068534,2025,334.81356333456904,342.1988794454702,351.1419186228503,368.2506540688116,385.35938951477294,394.30242869215306,401.6877448030542
武汉理工大学,2026,random_intercept,364.3,19.074106386388742,207.51033216949494,154.67152604166682,1.6396762281140564,2025,329.674228766757,336.603890936426,344.99516889105325,361.0483418372668,377.1015147834803,385.49279273810754,392.4224549077765
西北大学,2026,random_intercept,348.0,19.739152869402087,208.3408753326442,154.67152604166682,26.62175462731366,2025,325.0197583107472,332.19103323862635,340.8748853133023,357.4877755009328,374.1006656885633,382.78451776323925,389.9557926911184
西南交通大学,2026,random_intercept,361.8,22.865278430749385,264.5404391802794,154.67152604166682,103.60899249374685,2025,324.65129842851127,332.9583012170446,343.0174307477092,362.26133458658467,381.5052384254601,391.5643679561247,399.87137074465807
西安电子科技大学,2026,random_intercept,357.8,19.153428905400595,211.1081425474457,154.67152604166682,1.0741702451225605,2025,329.47124517945554,336.4297253837976,344.8558997205465,360.9758321830609,377.0957646455753,385.52193898232423,392.4804191866662
贵州大学,2026,random_intercept,330.7,19.479196167267517,208.46078445731072,154.67152604166682,16.30677282391196,2025,307.6709284547371,314.74776057685426,323.31724981326187,339.71135492056635,356.10546002787083,364.67494926427844,371.7517813863955
辽宁大学,2026,random_intercept,348.3,19.473969838844315,208.4491018058329,154.67152604166682,16.11487343671835,2025,324.3164466341528,331.3913800203802,339.9585700363896,356.34827655471946,372.73798307304935,381.3051730890587,388.3801064752861
陕西师范大学,2026,random_intercept,348.5,19.369583311765652,212.49392808424082,154.67152604166682,8.015303545522764,2025,318.85436249083085,325.8913720365874,334.41263925308573,350.7144918537273,367.01634445436883,375.53761167086714,382.5746212166237
东北林业大学,2026,local_level,331.0,20.41488455879699,254.0806819618183,154.67152604166682,8.015303545522764,2025,305.88300301114276,313.29977265473707,322.28089959585225,339.4624999214756,356.644100247099,365.6252271882142,373.04199683180843
东南大学,2026,local_level,401.8,21.02240461121567,248.6874259466703,154.67152604166682,38.58254364932469,2025,333.69325302100424,341.33073595198823,350.5791293914434,368.2720314930037,385.96493359456395,395.21332703401913,402.8508099650031
中国海洋大学,2026,local_level,399.0,20.280482504441597,248.61114102577213,154.67152604166682,8.015303545522764,2025,352.48043402671266,359.84837512690234,368.77037452762727,385.8388592304693,402.9073439333114,411.8293433340363,419.19728443422594
中国药科大学,2026,local_level,346.4,21.726182936549748,270.91321371063856,154.67152604166682,46.442285240119986,2025,312.23957673706184,320.1327437844132,329.6907506561671,347.9759675400569,366.2611844239467,375.8191912957006,383.71235834305196
中央民族大学,2026,local_level,386.0,20.169513908635874,248.53071230500717,154.67152604166682,3.6070529639819906,2025,350.9119826286092,358.23960860919124,367.11278955872496,384.08788073507714,401.0629719114293,409.93615286096303,417.263778841545
中央财经大学,2026,local_level,375.0,19.836931185707197,234.67452433307,154.67152604166682,4.157788491745867,2025,322.54426432721294,329.7510623189666,338.47793004079426,355.1731125356102,371.8682950304261,380.59516275225377,387.80196074400743
内蒙古大学,2026,local_level,324.6,20.2716665800588,248.61082543667868,154.67152604166682,7.658114454727353,2025,295.6538147912762,303.01855304796436,311.936674056149,328.9977390898369,346.0588041235248,354.97692513170944,362.34166338839754
南京大学,2026,local_level,415.0,21.23864691391659,261.76029575188153,154.67152604166682,34.6483009404703,2025,341.58563031891043,349.30167452422904,358.6451995116978,376.5200957268078,394.39499194191785,403.7385169293866,411.4545611347052
南京理工大学,2026,local_level,377.8,22.113914193068855,326.3383713512226,154.67152604166682,8.015303545522764,2025,317.8682181839741,325.9022487960907,335.63083040824085,354.24237015053706,372.85390989283326,382.5824915049834,390.6165221171
南京航空航天大学,2026,local_level,407.2,20.165322703270405,241.20915954829746,154.67152604166682,10.759554137068534,2025,338.2346220180499,345.5607253250828,354.4320624362487,371.40362620517107,388.3751899740934,397.24652708525934,404.57263039229224
武汉理工大学,2026,local_level,364.3,20.123300843890387,248.63603458393868,154.67152604166682,1.6396762281140564,2025,328.15761749640774,335.46845417530375,344.3213045959226,361.25750187571646,378.19369915551033,387.04654957612917,394.3573862550252
西北大学,2026,local_level,348.0,20.877572885677587,254.57976892779948,154.67152604166682,26.62175462731366,2025,303.6241928788919,311.2090581454308,320.39373571579,337.9647443618424,355.5357530078948,364.720430578254,372.3052958447929
西南交通大学,2026,local_level,361.8,24.106847729565647,322.8595889210507,154.67152604166682,103.60899249374685,2025,318.19427796854944,326.9523454427222,337.55767896718095,357.84651389089237,378.13534881460384,388.7406823390625,397.4987498132353
西安电子科技大学,2026,local_level,357.8,19.682511029808822,231.65554415175663,154.67152604166682,1.0741702451225605,2025,352.3745016602561,359.52519849104914,368.1841321024293,384.7493513151495,401.3145705278697,409.9735041392499,417.1242009700429
贵州大学,2026,local_level,330.7,20.41776080194608,245.90665729990712,154.67152604166682,16.30677282391196,2025,304.63626679871413,312.05408138737357,321.03647367509217,338.2204947080227,355.4045157409533,364.3869080286719,371.8047226173313
辽宁大学,2026,local_level,348.3,20.47982124956131,248.63667893559784,154.67152604166682,16.11487343671835,2025,329.0283223062949,336.4686835835048,345.4783781445451,362.7146305679537,379.9508829913623,388.9605775524026,396.4009388296124
陕西师范大学,2026,local_level,348.5,20.281171779883774,248.63909917796434,154.67152604166682,8.015303545522764,2025,305.9310420504303,313.2992335658089,322.221536199708,339.29060101139794,356.3596658230879,365.281968456987,372.6501599723656
东北林业大学,2026,local_level_equal_precision,331.0,20.56365911562303,260.1772466363564,154.67152604166682,8.015303545522764,2025,305.38941534993853,312.8602350967126,321.9068124780012,339.21362462966476,356.5204367813283,365.56701416261694,373.037833909391
东南大学,2026,local_level_equal_precision,401.8,21.29383740736204,260.1734418401794,154.67152604166682,38.58254364932469,2025,333.3328540812006,341.068949106558,350.43675406612994,368.358099772415,386.27944547870015,395.647250438272,403.3833454636294
中国海洋大学,2026,local_level_equal_precision,399.0,20.563566602789727,260.1734418401794,154.67152604166682,8.015303545522764,2025,351.98587601788194,359.45666215455293,368.50319883664014,385.8099331275388,403.1166674184375,412.16320410052464,419.63399023719563
中国药科大学,2026,local_level_equal_precision,346.4,21.477598605553982,260.17343057950757,154.67152604166682,46.442285240119986,2025,313.4604722470374,321.2633280945045,330.71197517900055,348.78797821159077,366.863981244181,376.312628328677,384.11548417614415
中央民族大学,2026,local_level_equal_precision,386.0,20.456099844443177,260.1734418401794,154.67152604166682,3.6070529639819906,2025,350.5496065551364,357.9813497969674,366.9806085923792,384.1968965775502,401.4131845627212,410.41244335813303,417.844186599964
中央财经大学,2026,local_level_equal_precision,375.0,20.46955681917887,260.1734418401794,154.67152604166682,4.157788491745867,2025,323.0343480058582,330.470980194351,339.47615912112565,356.70377278197384,373.93138644282203,382.9365653695967,390.37319755808943
内蒙古大学,2026,local_level_equal_precision,324.6,20.554879769450697,260.1734418401794,154.67152604166682,7.658114454727353,2025,295.1916439246334,302.65927411684527,311.7019891974578,329.0014124649658,346.30083573247384,355.3435508130864,362.81118100529824
南京大学,2026,local_level_equal_precision,415.0,21.20125630292499,260.1734418401794,154.67152604166682,34.6483009404703,2025,341.97868323810997,349.68114335737806,359.00821908094065,376.8516465639039,394.69507404686715,404.02214977042973,411.72460988969783
南京理工大学,2026,local_level_equal_precision,377.8,20.58639588341492,261.1128658814932,154.67152604166682,8.015303545522764,2025,319.3686716349563,326.8477516963389,335.90433167143016,353.2302795696502,370.5562274678702,379.61280744296147,387.0918875043441
南京航空航天大学,2026,local_level_equal_precision,407.2,20.652940373230845,261.1128658814932,154.67152604166682,10.759554137068534,2025,337.3653678066955,344.8686236184035,353.9544785329904,371.33643168681675,388.7183848406431,397.80423975523,405.307495566938
武汉理工大学,2026,local_level_equal_precision,364.3,20.40795541228862,260.1734418401794,154.67152604166682,1.6396762281140564,2025,327.6743772802946,335.0886295506786,344.0667081500701,361.24247675886147,378.41824536765284,387.39632396704434,394.81057623742834
西北大学,2026,local_level_equal_precision,348.0,21.011109502098165,260.1734418401794,154.67152604166682,26.62175462731366,2025,303.16598581501904,310.7993652095768,320.0427895879283,337.72618548581977,355.4095813837112,364.6530057620627,372.2863851566205
西南交通大学,2026,local_level_equal_precision,361.8,22.79020369406353,261.1128658814932,154.67152604166682,103.60899249374685,2025,319.7564451580412,328.036173139977,338.0622750168087,357.24299436318444,376.42371370956016,386.4498155863919,394.7295435683277
西安电子科技大学,2026,local_level_equal_precision,357.8,20.394095668280286,260.1734418401794,154.67152604166682,1.0741702451225605,2025,348.3140312718379,355.7232482686531,364.695229546262,381.85933350020406,399.0234374541461,407.995418731755,415.4046357285702
贵州大学,2026,local_level_equal_precision,330.7,20.764193716726837,260.1734418401794,154.67152604166682,16.30677282391196,2025,304.0319359566766,311.57561033741507,320.7104089723391,338.1859953023577,355.6615816323763,364.7963802673003,372.3400546480388
辽宁大学,2026,local_level_equal_precision,348.3,20.759572281686456,260.1734418401794,154.67152604166682,16.11487343671835,2025,328.59105263524816,336.13304803910984,345.2658135645824,362.7375103967414,380.2092072289004,389.341972754373,396.8839681582346
陕西师范大学,2026,local_level_equal_precision,348.5,20.563566602789727,260.1734418401794,154.67152604166682,8.015303545522764,2025,305.42066969102797,312.89145582769896,321.93799250978617,339.2447268006848,356.5514610915835,365.59799777367067,373.06878391034166
上海交通大学,2024,prequential_selected,389.0,14.793019012398723,116.20011844961206,91.90084322916682,10.7324498224112,2023,357.8643098242635,363.238644125899,369.74654189088704,382.1966608003696,394.6467797098522,401.15467747484024,406.5290117764757
东南大学,2024,prequential_selected,392.9,15.902996907743674,143.8724316506541,91.90084322916682,17.13203576788394,2023,357.1483743374481,362.9259658965785,369.92217660554684,383.3064764805483,396.6907763555498,403.6869870645182,409.46457862364855
中国人民大学,2024,prequential_selected,407.6,15.768897687810899,146.02484123706986,91.90084322916682,10.7324498224112,2023,359.32234400894237,365.05121704503813,371.98843343966433,385.2598725637648,398.5313116878653,405.4685280824915,411.19740111858727
中央民族大学,2024,prequential_selected,378.4,15.768897687810899,146.02484123706986,91.90084322916682,10.7324498224112,2023,361.1804174188773,366.9092904549731,373.8465068495993,387.11794597369976,400.38938509780024,407.32660149242645,413.0554745285222
华中师范大学,2024,prequential_selected,375.1,15.163191670447333,120.33877727499124,91.90084322916682,17.682761130565286,2023,342.5177822495327,348.02660104091376,354.6973489862439,367.45901306482835,380.2206771434128,386.89142508874295,392.400243880124
华中科技大学,2024,prequential_selected,376.6,15.768897687810899,146.02484123706986,91.90084322916682,10.7324498224112,2023,355.6061971890726,361.33507022516835,368.27228661979456,381.54372574389504,394.8151648679955,401.7523812626217,407.4812542987175
武汉大学,2024,prequential_selected,387.0,14.665913635145845,118.18263731578571,91.90084322916682,5.005542208604303,2023,364.487900469477,369.8160571255406,376.2680373797184,388.6111817048037,400.954326029889,407.4063062840668,412.7344629401304
湖南大学,2024,prequential_selected,378.0,15.768897687810899,146.02484123706986,91.90084322916682,10.7324498224112,2023,361.79977522218894,367.5286482582847,374.4658646529109,387.7373037770114,401.0087429011119,407.9459592957381,413.67483233183384
福州大学,2024,prequential_selected,392.0,15.768897687810899,146.02484123706986,91.90084322916682,10.7324498224112,2023,360.5610596155657,366.28993265166145,373.22714904628765,386.49858817038813,399.7700272944886,406.7072436891148,412.4361167252106
西北大学,2024,prequential_selected,351.0,15.768897687810899,146.02484123706986,91.90084322916682,10.7324498224112,2023,363.0384908288122,368.76736386490796,375.70458025953417,388.97601938363465,402.24745850773513,409.18467490236134,414.9135479384571
上海交通大学,2025,prequential_selected,381.8,16.958308819014377,180.26940563550284,104.54010125000028,2.774731115557778,2024,353.6673865816789,359.8283751336012,367.28884956202853,381.56132234959784,395.83379513716716,403.2942695655945,409.4552581175168
中南大学,2025,prequential_selected,374.5,18.451741466544036,226.56607060253253,104.54010125000028,9.360591295647827,2024,358.30936473837374,365.01292044971586,373.1304011985483,388.6597786131896,404.18915602783085,412.3066367766633,419.01019248800543
中国地质大学（北京）,2025,prequential_selected,364.0,17.649812221250954,197.61517889977145,104.54010125000028,9.360591295647827,2024,335.77408486968267,342.18629803310733,349.9509857828402,364.8054425168197,379.65989925079924,387.4245870005321,393.83680016395675
中国地质大学（武汉）,2025,prequential_selected,364.9,17.621293586285272,196.60929510841035,104.54010125000028,9.360591295647827,2024,335.3301321360599,341.731984420613,349.484125957798,364.3145808030379,379.1450356482778,386.89717718546285,393.29902947001597
中国药科大学,2025,prequential_selected,341.0,17.1986875780192,185.5576846620645,104.54010125000028,5.697068494247141,2024,332.87113148176684,339.11945013235396,346.6856744680293,361.16045512327696,375.63523577852465,383.20146011419996,389.4497787647871
中央财经大学,2025,prequential_selected,345.7,17.649812221250954,197.61517889977145,104.54010125000028,9.360591295647827,2024,352.4130121302964,358.8252252937211,366.5899130434539,381.44436977743345,396.298826511413,404.0635142611458,410.4757274245705
兰州大学,2025,prequential_selected,364.5,18.38929732809814,224.26556367554926,104.54010125000028,9.360591295647827,2024,341.313782315251,347.9946519423729,356.0846616206492,371.56148472246224,387.0383078242753,395.12831750255157,401.8091871296735
北京交通大学,2025,prequential_selected,369.0,17.210700615153936,182.307523118812,104.54010125000028,9.360591295647827,2024,355.1219963958869,361.3746794076289,368.9461886427188,383.4310797250988,397.9159708074788,405.48748004256873,411.7401630543107
北京工业大学,2025,prequential_selected,376.8,19.223159501430324,200.74006561025195,104.54010125000028,64.24969435717865,2024,332.4865273807558,339.4703408543785,347.92719179538744,364.1058110081501,380.2844302209128,388.74128116192173,395.72509463554445
华中农业大学,2025,prequential_selected,368.1,17.54998053780759,195.08922299110662,104.54010125000028,8.372492636318174,2024,338.8472258035363,345.22316991057227,352.9439386746666,367.71437494407684,382.4848112134871,390.2055799775814,396.5815240846174
华中师范大学,2025,prequential_selected,375.0,17.05601439887277,182.01683570194356,104.54010125000028,4.350690222611296,2024,340.52863693381073,346.7251221243065,354.22858020091644,368.58328407913314,382.93798795734983,390.4414460339598,396.63793122445554
华中科技大学,2025,prequential_selected,367.9,17.717379394692582,196.5998838016952,104.54010125000028,12.765547563781892,2024,349.366324446766,355.80308490358544,363.59749750236085,378.50882020420136,393.42014290604186,401.21455550481727,407.6513159616367
南京大学,2025,prequential_selected,367.6,18.141668021664245,215.21942606262698,104.54010125000028,9.360591295647827,2024,347.57277218301857,354.1636775726483,362.14474760793917,377.41316062740253,392.6815736468659,400.6626436821568,407.2535490717865
南京航空航天大学,2025,prequential_selected,362.5,20.783889636033216,318.06937585716076,104.54010125000028,9.360591295647827,2024,340.97844062487377,348.52927057369754,357.67273404094055,375.1648968748621,392.65705970878366,401.8005231760267,409.35135312485045
哈尔滨工业大学,2025,prequential_selected,357.0,18.32139078376725,183.63478001201653,104.54010125000028,47.49847898949475,2024,352.3507127383085,359.006911777892,367.0670473075777,382.48671881978333,397.906390331989,405.96652586167465,412.62272490125815
大连理工大学,2025,prequential_selected,388.2,17.36867423244014,194.36822809500597,104.54010125000028,2.762515247623825,2024,361.5319238565252,367.84199900907515,375.4830056300606,390.10085066309296,404.71869569612534,412.35970231711076,418.6697774696607
新疆大学,2025,prequential_selected,314.0,17.649812221250954,197.61517889977145,104.54010125000028,9.360591295647827,2024,318.3035460996112,324.71575926303586,332.4804470127687,347.33490374674824,362.18936048072777,369.9540482304606,376.3662613938853
暨南大学,2025,prequential_selected,338.0,17.42959859049151,195.43563259157128,104.54010125000028,3.8151731840920475,2024,351.9783929343098,358.31060203172973,365.9784111257779,380.64753139218806,395.31665165859823,402.9844607526464,409.31666985006626
河北工业大学,2025,prequential_selected,323.3,17.71184019819661,195.7131676518008,104.54010125000028,13.456014304652305,2024,337.86733024868397,344.30207830399786,352.09405404221997,367.00071483867254,381.9073756351251,389.6993513733472,396.1340994286611
河海大学,2025,prequential_selected,341.0,17.861700530220794,197.16174433116439,104.54010125000028,17.338500250125065,2024,340.27748087039373,346.76667349325515,354.624577337094,369.65736377104844,384.69015020500285,392.5480540488417,399.03724667170314
湖南大学,2025,prequential_selected,388.0,17.608749975262974,196.16738314567567,104.54010125000028,9.360591295647827,2024,353.369145423385,359.7664405881963,367.51306381042014,382.332961686278,397.15285956213586,404.8994827843597,411.296777949171
湖南师范大学,2025,prequential_selected,334.6,18.346168052150883,197.98978119788657,104.54010125000028,34.051999749874895,2024,327.8015787814939,334.4667794537572,342.53781525534833,357.9783398427355,373.41886443012277,381.4899002317138,388.15510090397714
苏州大学,2025,prequential_selected,382.0,18.38929732809814,224.26556367554926,104.54010125000028,9.360591295647827,2024,352.72149418973095,359.40236381685287,367.49237349512913,382.9691965969422,398.44601969875526,406.5360293770315,413.21689900415345
西北大学,2025,prequential_selected,328.0,17.732155909281207,196.65807391454285,104.54010125000028,13.231178026513259,2024,344.3636861890865,350.8058149841164,358.60672821986014,373.53048715013665,388.45424608041316,396.2551593161569,402.6972881111868
西南交通大学,2025,prequential_selected,348.1,20.783889636033216,318.06937585716076,104.54010125000028,9.360591295647827,2024,340.97844062487377,348.52927057369754,357.67273404094055,375.1648968748621,392.65705970878366,401.8005231760267,409.35135312485045
西安电子科技大学,2025,prequential_selected,375.9,17.827558596073413,203.92115295078287,104.54010125000028,9.360591295647827,2024,330.38729976490526,336.86408855271054,344.70697232412584,359.71102418134654,374.71507603856725,382.55795980998255,389.03474859778777
贵州大学,2025,prequential_selected,329.5,17.621293586285272,196.60929510841035,104.54010125000028,9.360591295647827,2024,319.56700546277136,325.9688577473245,333.7209992845095,348.5514541297494,363.3819089749893,371.1340505121743,377.53590279672744
东北林业大学,2026,prequential_selected,331.0,19.81451725199737,229.92826434251174,154.67152604166682,8.015303545522764,2025,316.27979785046415,323.4784528138968,332.1954599664267,348.87177841870454,365.54809687098236,374.26510402351227,381.4637589869449
东南大学,2026,prequential_selected,401.8,20.061398943424464,209.2056578762408,154.67152604166682,38.58254364932469,2025,339.19401424959335,346.4823618404451,355.3079797374423,372.1920790634055,389.07617838936875,397.90179628636594,405.1901438772177
中国海洋大学,2026,prequential_selected,399.0,19.261329682160294,208.31199153767955,154.67152604166682,8.015303545522764,2025,350.0281780386268,357.02585881759296,365.4995019788818,381.7102460262362,397.92099007359053,406.3946332348794,413.3923140138456
中国药科大学,2026,prequential_selected,346.4,20.095989471482333,202.73498155614203,154.67152604166682,46.442285240119986,2025,318.84311166095927,326.1440260619596,334.9848613814483,351.8980728303056,368.81128427916286,377.65211959865155,384.9530339996519
中央民族大学,2026,prequential_selected,386.0,19.12071683971903,207.32323345906616,154.67152604166682,3.6070529639819906,2025,343.31838615291883,350.26498199636586,358.67676530320006,374.7691665966428,390.8615678900855,399.2733511969197,406.2199470403667
中央财经大学,2026,prequential_selected,375.0,19.13607251214867,207.35995665679914,154.67152604166682,4.157788491745867,2025,335.22452692087995,342.1767015117749,350.5952402446788,366.70056519809407,382.80589015150935,391.2244288844132,398.1766034753082
内蒙古大学,2026,prequential_selected,324.6,19.233275602881392,207.58924991999834,154.67152604166682,7.658114454727353,2025,304.8507036276255,311.8381923017588,320.2994936226373,336.4866267611822,352.6737598997271,361.1350612206056,368.12254989473894
南京大学,2026,prequential_selected,415.0,20.17646719669036,217.7700015569851,154.67152604166682,34.6483009404703,2025,336.61037070938204,343.9405228338478,352.8167627457036,369.7977059569256,386.7786491681476,395.6548890800034,402.98504120446916
南京理工大学,2026,prequential_selected,377.8,20.684364777447538,265.15611665932266,154.67152604166682,8.015303545522764,2025,326.76269368616545,334.27736604870387,343.3770455118698,360.78544611153734,378.19384671120486,387.2935261743708,394.80819853690923
南京航空航天大学,2026,prequential_selected,407.2,20.328307751136496,247.80901584618078,154.67152604166682,10.759554137068534,2025,334.81356333456904,342.1988794454702,351.1419186228503,368.2506540688116,385.35938951477294,394.30242869215306,401.6877448030542
武汉理工大学,2026,prequential_selected,364.3,19.074106386388742,207.51033216949494,154.67152604166682,1.6396762281140564,2025,329.674228766757,336.603890936426,344.99516889105325,361.0483418372668,377.1015147834803,385.49279273810754,392.4224549077765
西北大学,2026,prequential_selected,348.0,19.739152869402087,208.3408753326442,154.67152604166682,26.62175462731366,2025,325.0197583107472,332.19103323862635,340.8748853133023,357.4877755009328,374.1006656885633,382.78451776323925,389.9557926911184
西南交通大学,2026,prequential_selected,361.8,22.865278430749385,264.5404391802794,154.67152604166682,103.60899249374685,2025,324.65129842851127,332.9583012170446,343.0174307477092,362.26133458658467,381.5052384254601,391.5643679561247,399.87137074465807
西安电子科技大学,2026,prequential_selected,357.8,19.153428905400595,211.1081425474457,154.67152604166682,1.0741702451225605,2025,329.47124517945554,336.4297253837976,344.8558997205465,360.9758321830609,377.0957646455753,385.52193898232423,392.4804191866662
贵州大学,2026,prequential_selected,330.7,19.479196167267517,208.46078445731072,154.67152604166682,16.30677282391196,2025,307.6709284547371,314.74776057685426,323.31724981326187,339.71135492056635,356.10546002787083,364.67494926427844,371.7517813863955
辽宁大学,2026,prequential_selected,348.3,19.473969838844315,208.4491018058329,154.67152604166682,16.11487343671835,2025,324.3164466341528,331.3913800203802,339.9585700363896,356.34827655471946,372.73798307304935,381.3051730890587,388.3801064752861
陕西师范大学,2026,prequential_selected,348.5,19.369583311765652,212.49392808424082,154.67152604166682,8.015303545522764,2025,318.85436249083085,325.8913720365874,334.41263925308573,350.7144918537273,367.01634445436883,375.53761167086714,382.5746212166237
