school,year,kind,shape_quantile_mae,latest_basis_training_year,same_school_prior_available
上海交通大学,2024,pooled,1.591666666666678,2023,True
上海交通大学,2024,lag_full,1.6211538461538424,2023,True
上海交通大学,2024,lag_pca1,1.4714615686341483,2023,True
上海交通大学,2024,lag_pca2,1.4273769733241295,2023,True
上海交通大学,2024,lag_factor1,1.494849632381193,2023,True
上海交通大学,2024,lag_cluster3,1.343047337278108,2023,True
东南大学,2024,pooled,5.049999999999983,2023,True
东南大学,2024,lag_full,4.283130081300797,2023,True
东南大学,2024,lag_pca1,4.375361908823067,2023,True
东南大学,2024,lag_pca2,4.3111779413628355,2023,True
东南大学,2024,lag_factor1,4.13099739342574,2023,True
东南大学,2024,lag_cluster3,3.986144986449848,2023,True
中国人民大学,2024,pooled,4.708333333333343,2023,False
中国人民大学,2024,lag_full,4.708333333333343,2023,False
中国人民大学,2024,lag_pca1,4.708333333333343,2023,False
中国人民大学,2024,lag_pca2,4.708333333333343,2023,False
中国人民大学,2024,lag_factor1,4.708333333333343,2023,False
中国人民大学,2024,lag_cluster3,4.708333333333343,2023,False
中央民族大学,2024,pooled,1.5833333333332955,2023,False
中央民族大学,2024,lag_full,1.5833333333332955,2023,False
中央民族大学,2024,lag_pca1,1.5833333333332955,2023,False
中央民族大学,2024,lag_pca2,1.5833333333332955,2023,False
中央民族大学,2024,lag_factor1,1.5833333333332955,2023,False
中央民族大学,2024,lag_cluster3,1.5833333333332955,2023,False
华中师范大学,2024,pooled,3.6500000000000057,2023,True
华中师范大学,2024,lag_full,4.525197439998876,2023,True
华中师范大学,2024,lag_pca1,3.9030364632806793,2023,True
华中师范大学,2024,lag_pca2,4.414572473455023,2023,True
华中师范大学,2024,lag_factor1,3.8692428075385803,2023,True
华中师范大学,2024,lag_cluster3,3.8398043813081753,2023,True
华中科技大学,2024,pooled,3.741666666666665,2023,False
华中科技大学,2024,lag_full,3.741666666666665,2023,False
华中科技大学,2024,lag_pca1,3.741666666666665,2023,False
华中科技大学,2024,lag_pca2,3.741666666666665,2023,False
华中科技大学,2024,lag_factor1,3.741666666666665,2023,False
华中科技大学,2024,lag_cluster3,3.741666666666665,2023,False
武汉大学,2024,pooled,3.8249999999999886,2023,True
武汉大学,2024,lag_full,2.7138396498348296,2023,True
武汉大学,2024,lag_pca1,2.8538101543815517,2023,True
武汉大学,2024,lag_pca2,2.795595149567722,2023,True
武汉大学,2024,lag_factor1,3.1709443516430507,2023,True
武汉大学,2024,lag_cluster3,2.3015800958979398,2023,True
湖南大学,2024,pooled,2.2250000000000036,2023,False
湖南大学,2024,lag_full,2.2250000000000036,2023,False
湖南大学,2024,lag_pca1,2.2250000000000036,2023,False
湖南大学,2024,lag_pca2,2.2250000000000036,2023,False
湖南大学,2024,lag_factor1,2.2250000000000036,2023,False
湖南大学,2024,lag_cluster3,2.2250000000000036,2023,False
福州大学,2024,pooled,4.674999999999993,2023,False
福州大学,2024,lag_full,4.674999999999993,2023,False
福州大学,2024,lag_pca1,4.674999999999993,2023,False
福州大学,2024,lag_pca2,4.674999999999993,2023,False
福州大学,2024,lag_factor1,4.674999999999993,2023,False
福州大学,2024,lag_cluster3,4.674999999999993,2023,False
西北大学,2024,pooled,11.508333333333345,2023,False
西北大学,2024,lag_full,11.508333333333345,2023,False
西北大学,2024,lag_pca1,11.508333333333345,2023,False
西北大学,2024,lag_pca2,11.508333333333345,2023,False
西北大学,2024,lag_factor1,11.508333333333345,2023,False
西北大学,2024,lag_cluster3,11.508333333333345,2023,False
上海交通大学,2025,pooled,1.8666666666666554,2024,True
上海交通大学,2025,lag_full,0.9558641975308544,2024,True
上海交通大学,2025,lag_pca1,0.808635626828513,2024,True
上海交通大学,2025,lag_pca2,0.7525836536179087,2024,True
上海交通大学,2025,lag_factor1,0.8161851135852954,2024,True
上海交通大学,2025,lag_cluster3,0.9682098765432144,2024,True
中南大学,2025,pooled,2.041666666666648,2024,False
中南大学,2025,lag_full,2.041666666666648,2024,False
中南大学,2025,lag_pca1,2.041666666666648,2024,False
中南大学,2025,lag_pca2,2.041666666666648,2024,False
中南大学,2025,lag_factor1,2.041666666666648,2024,False
中南大学,2025,lag_cluster3,2.041666666666648,2024,False
中国地质大学（北京）,2025,pooled,1.8750000000000189,2024,False
中国地质大学（北京）,2025,lag_full,1.8750000000000189,2024,False
中国地质大学（北京）,2025,lag_pca1,1.8750000000000189,2024,False
中国地质大学（北京）,2025,lag_pca2,1.8750000000000189,2024,False
中国地质大学（北京）,2025,lag_factor1,1.8750000000000189,2024,False
中国地质大学（北京）,2025,lag_cluster3,1.8750000000000189,2024,False
中国地质大学（武汉）,2025,pooled,3.8499999999999943,2024,False
中国地质大学（武汉）,2025,lag_full,3.8499999999999943,2024,False
中国地质大学（武汉）,2025,lag_pca1,3.8499999999999943,2024,False
中国地质大学（武汉）,2025,lag_pca2,3.8499999999999943,2024,False
中国地质大学（武汉）,2025,lag_factor1,3.8499999999999943,2024,False
中国地质大学（武汉）,2025,lag_cluster3,3.8499999999999943,2024,False
中国药科大学,2025,pooled,5.033333333333322,2024,True
中国药科大学,2025,lag_full,6.483023839515291,2024,True
中国药科大学,2025,lag_pca1,6.4845911705283825,2024,True
中国药科大学,2025,lag_pca2,6.481753953928755,2024,True
中国药科大学,2025,lag_factor1,6.485666757802754,2024,True
中国药科大学,2025,lag_cluster3,5.719814635699237,2024,True
中央财经大学,2025,pooled,3.2916666666666856,2024,False
中央财经大学,2025,lag_full,3.2916666666666856,2024,False
中央财经大学,2025,lag_pca1,3.2916666666666856,2024,False
中央财经大学,2025,lag_pca2,3.2916666666666856,2024,False
中央财经大学,2025,lag_factor1,3.2916666666666856,2024,False
中央财经大学,2025,lag_cluster3,3.2916666666666856,2024,False
兰州大学,2025,pooled,13.858333333333329,2024,False
兰州大学,2025,lag_full,13.858333333333329,2024,False
兰州大学,2025,lag_pca1,13.858333333333329,2024,False
兰州大学,2025,lag_pca2,13.858333333333329,2024,False
兰州大学,2025,lag_factor1,13.858333333333329,2024,False
兰州大学,2025,lag_cluster3,13.858333333333329,2024,False
北京交通大学,2025,pooled,5.174999999999993,2024,False
北京交通大学,2025,lag_full,5.174999999999993,2024,False
北京交通大学,2025,lag_pca1,5.174999999999993,2024,False
北京交通大学,2025,lag_pca2,5.174999999999993,2024,False
北京交通大学,2025,lag_factor1,5.174999999999993,2024,False
北京交通大学,2025,lag_cluster3,5.174999999999993,2024,False
北京工业大学,2025,pooled,5.4416666666666815,2024,True
北京工业大学,2025,lag_full,10.617467725633698,2024,True
北京工业大学,2025,lag_pca1,10.084825732311575,2024,True
北京工业大学,2025,lag_pca2,10.514280052514588,2024,True
北京工业大学,2025,lag_factor1,9.723684667714723,2024,True
北京工业大学,2025,lag_cluster3,9.227570188676237,2024,True
华中农业大学,2025,pooled,9.966666666666697,2024,True
华中农业大学,2025,lag_full,11.504926588828999,2024,True
华中农业大学,2025,lag_pca1,11.930249376233867,2024,True
华中农业大学,2025,lag_pca2,11.308389319315893,2024,True
华中农业大学,2025,lag_factor1,12.227255824349925,2024,True
华中农业大学,2025,lag_cluster3,10.622648373713671,2024,True
华中师范大学,2025,pooled,1.708333333333324,2024,True
华中师范大学,2025,lag_full,2.1341397849462362,2024,True
华中师范大学,2025,lag_pca1,1.651367223205371,2024,True
华中师范大学,2025,lag_pca2,1.7898165816692855,2024,True
华中师范大学,2025,lag_factor1,1.5166388009356648,2024,True
华中师范大学,2025,lag_cluster3,2.539041745730553,2024,True
华中科技大学,2025,pooled,1.3416666666666874,2024,True
华中科技大学,2025,lag_full,1.327272727272739,2024,True
华中科技大学,2025,lag_pca1,1.2961455632438705,2024,True
华中科技大学,2025,lag_pca2,0.9918503322724713,2024,True
华中科技大学,2025,lag_factor1,1.2258558986420793,2024,True
华中科技大学,2025,lag_cluster3,1.858126721763111,2024,True
南京大学,2025,pooled,2.9999999999999907,2024,False
南京大学,2025,lag_full,2.9999999999999907,2024,False
南京大学,2025,lag_pca1,2.9999999999999907,2024,False
南京大学,2025,lag_pca2,2.9999999999999907,2024,False
南京大学,2025,lag_factor1,2.9999999999999907,2024,False
南京大学,2025,lag_cluster3,2.9999999999999907,2024,False
南京航空航天大学,2025,pooled,2.3249999999999886,2024,False
南京航空航天大学,2025,lag_full,2.3249999999999886,2024,False
南京航空航天大学,2025,lag_pca1,2.3249999999999886,2024,False
南京航空航天大学,2025,lag_pca2,2.3249999999999886,2024,False
南京航空航天大学,2025,lag_factor1,2.3249999999999886,2024,False
南京航空航天大学,2025,lag_cluster3,2.3249999999999886,2024,False
哈尔滨工业大学,2025,pooled,6.524999999999996,2024,True
哈尔滨工业大学,2025,lag_full,5.375030740545981,2024,True
哈尔滨工业大学,2025,lag_pca1,5.744005626925104,2024,True
哈尔滨工业大学,2025,lag_pca2,5.417510243820743,2024,True
哈尔滨工业大学,2025,lag_factor1,5.806426251275063,2024,True
哈尔滨工业大学,2025,lag_cluster3,6.043312949414777,2024,True
大连理工大学,2025,pooled,3.7250000000000036,2024,True
大连理工大学,2025,lag_full,2.4551291456410285,2024,True
大连理工大学,2025,lag_pca1,2.8295349126009857,2024,True
大连理工大学,2025,lag_pca2,2.5112919058737386,2024,True
大连理工大学,2025,lag_factor1,2.8555632164088594,2024,True
大连理工大学,2025,lag_cluster3,2.5424733313703722,2024,True
新疆大学,2025,pooled,14.425000000000002,2024,False
新疆大学,2025,lag_full,14.425000000000002,2024,False
新疆大学,2025,lag_pca1,14.425000000000002,2024,False
新疆大学,2025,lag_pca2,14.425000000000002,2024,False
新疆大学,2025,lag_factor1,14.425000000000002,2024,False
新疆大学,2025,lag_cluster3,14.425000000000002,2024,False
暨南大学,2025,pooled,5.925000000000002,2024,True
暨南大学,2025,lag_full,5.561645203738794,2024,True
暨南大学,2025,lag_pca1,5.51231074880554,2024,True
暨南大学,2025,lag_pca2,5.477302487700215,2024,True
暨南大学,2025,lag_factor1,5.521583704541723,2024,True
暨南大学,2025,lag_cluster3,5.0594685809796855,2024,True
河北工业大学,2025,pooled,11.724999999999994,2024,True
河北工业大学,2025,lag_full,10.527030247478175,2024,True
河北工业大学,2025,lag_pca1,10.752607079162749,2024,True
河北工业大学,2025,lag_pca2,10.771720750395327,2024,True
河北工业大学,2025,lag_factor1,10.695753014241314,2024,True
河北工业大学,2025,lag_cluster3,11.201505282522092,2024,True
河海大学,2025,pooled,1.5083333333333446,2024,True
河海大学,2025,lag_full,1.554276233300297,2024,True
河海大学,2025,lag_pca1,1.5346961059104025,2024,True
河海大学,2025,lag_pca2,1.4803439375413678,2024,True
河海大学,2025,lag_factor1,1.5511343767694237,2024,True
河海大学,2025,lag_cluster3,1.869760295612083,2024,True
湖南大学,2025,pooled,5.074999999999979,2024,True
湖南大学,2025,lag_full,5.661764705882338,2024,True
湖南大学,2025,lag_pca1,5.827786934280838,2024,True
湖南大学,2025,lag_pca2,5.6320749340473,2024,True
湖南大学,2025,lag_factor1,5.993445352921765,2024,True
湖南大学,2025,lag_cluster3,5.817531718569782,2024,True
湖南师范大学,2025,pooled,16.191666666666663,2024,True
湖南师范大学,2025,lag_full,15.59788939106877,2024,True
湖南师范大学,2025,lag_pca1,15.767629033968312,2024,True
湖南师范大学,2025,lag_pca2,15.459067035180466,2024,True
湖南师范大学,2025,lag_factor1,15.80065116085658,2024,True
湖南师范大学,2025,lag_cluster3,15.669844223759249,2024,True
苏州大学,2025,pooled,1.0249999999999961,2024,False
苏州大学,2025,lag_full,1.0249999999999961,2024,False
苏州大学,2025,lag_pca1,1.0249999999999961,2024,False
苏州大学,2025,lag_pca2,1.0249999999999961,2024,False
苏州大学,2025,lag_factor1,1.0249999999999961,2024,False
苏州大学,2025,lag_cluster3,1.0249999999999961,2024,False
西北大学,2025,pooled,16.09166666666668,2024,True
西北大学,2025,lag_full,9.226973684210531,2024,True
西北大学,2025,lag_pca1,9.016022990964892,2024,True
西北大学,2025,lag_pca2,9.074788249870922,2024,True
西北大学,2025,lag_factor1,9.683517196131508,2024,True
西北大学,2025,lag_cluster3,8.790175438596494,2024,True
西南交通大学,2025,pooled,12.241666666666655,2024,False
西南交通大学,2025,lag_full,12.241666666666655,2024,False
西南交通大学,2025,lag_pca1,12.241666666666655,2024,False
西南交通大学,2025,lag_pca2,12.241666666666655,2024,False
西南交通大学,2025,lag_factor1,12.241666666666655,2024,False
西南交通大学,2025,lag_cluster3,12.241666666666655,2024,False
西安电子科技大学,2025,pooled,10.641666666666652,2024,False
西安电子科技大学,2025,lag_full,10.641666666666652,2024,False
西安电子科技大学,2025,lag_pca1,10.641666666666652,2024,False
西安电子科技大学,2025,lag_pca2,10.641666666666652,2024,False
西安电子科技大学,2025,lag_factor1,10.641666666666652,2024,False
西安电子科技大学,2025,lag_cluster3,10.641666666666652,2024,False
贵州大学,2025,pooled,13.691666666666663,2024,False
贵州大学,2025,lag_full,13.691666666666663,2024,False
贵州大学,2025,lag_pca1,13.691666666666663,2024,False
贵州大学,2025,lag_pca2,13.691666666666663,2024,False
贵州大学,2025,lag_factor1,13.691666666666663,2024,False
贵州大学,2025,lag_cluster3,13.691666666666663,2024,False
东北林业大学,2026,pooled,10.9,2025,False
东北林业大学,2026,lag_full,10.9,2025,False
东北林业大学,2026,lag_pca1,10.9,2025,False
东北林业大学,2026,lag_pca2,10.9,2025,False
东北林业大学,2026,lag_factor1,10.9,2025,False
东北林业大学,2026,lag_cluster3,10.9,2025,False
东南大学,2026,pooled,7.616666666666679,2025,True
东南大学,2026,lag_full,7.121707175078541,2025,True
东南大学,2026,lag_pca1,6.9189961660521115,2025,True
东南大学,2026,lag_pca2,7.063133784441845,2025,True
东南大学,2026,lag_factor1,6.796984044138657,2025,True
东南大学,2026,lag_cluster3,6.582433264403037,2025,True
中国海洋大学,2026,pooled,6.433333333333333,2025,False
中国海洋大学,2026,lag_full,6.433333333333333,2025,False
中国海洋大学,2026,lag_pca1,6.433333333333333,2025,False
中国海洋大学,2026,lag_pca2,6.433333333333333,2025,False
中国海洋大学,2026,lag_factor1,6.433333333333333,2025,False
中国海洋大学,2026,lag_cluster3,6.433333333333333,2025,False
中国药科大学,2026,pooled,13.75833333333334,2025,True
中国药科大学,2026,lag_full,12.705952380952397,2025,True
中国药科大学,2026,lag_pca1,12.708372961812813,2025,True
中国药科大学,2026,lag_pca2,12.70997437391245,2025,True
中国药科大学,2026,lag_factor1,12.54644337191017,2025,True
中国药科大学,2026,lag_cluster3,13.439362519201234,2025,True
中央民族大学,2026,pooled,2.5166666666666657,2025,True
中央民族大学,2026,lag_full,2.141233409776761,2025,True
中央民族大学,2026,lag_pca1,2.1622273393022744,2025,True
中央民族大学,2026,lag_pca2,2.144420052787438,2025,True
中央民族大学,2026,lag_factor1,2.29251822154997,2025,True
中央民族大学,2026,lag_cluster3,3.151419802026931,2025,True
中央财经大学,2026,pooled,5.1499999999999915,2025,True
中央财经大学,2026,lag_full,3.5022727272727163,2025,True
中央财经大学,2026,lag_pca1,3.3428257663950327,2025,True
中央财经大学,2026,lag_pca2,3.5581273127677435,2025,True
中央财经大学,2026,lag_factor1,3.617666365904952,2025,True
中央财经大学,2026,lag_cluster3,4.249242424242416,2025,True
内蒙古大学,2026,pooled,25.31666666666665,2025,True
内蒙古大学,2026,lag_full,22.686316385646517,2025,True
内蒙古大学,2026,lag_pca1,22.576820283033744,2025,True
内蒙古大学,2026,lag_pca2,22.678469659288876,2025,True
内蒙古大学,2026,lag_factor1,22.766847281339363,2025,True
内蒙古大学,2026,lag_cluster3,21.442482276193303,2025,True
南京大学,2026,pooled,10.249999999999995,2025,True
南京大学,2026,lag_full,10.99507575757575,2025,True
南京大学,2026,lag_pca1,10.95697767827601,2025,True
南京大学,2026,lag_pca2,10.884709715771061,2025,True
南京大学,2026,lag_factor1,11.126954827221406,2025,True
南京大学,2026,lag_cluster3,10.593328445747797,2025,True
南京理工大学,2026,pooled,4.36666666666666,2025,False
南京理工大学,2026,lag_full,4.36666666666666,2025,False
南京理工大学,2026,lag_pca1,4.36666666666666,2025,False
南京理工大学,2026,lag_pca2,4.36666666666666,2025,False
南京理工大学,2026,lag_factor1,4.36666666666666,2025,False
南京理工大学,2026,lag_cluster3,4.36666666666666,2025,False
南京航空航天大学,2026,pooled,2.774999999999982,2025,True
南京航空航天大学,2026,lag_full,2.1239583333333214,2025,True
南京航空航天大学,2026,lag_pca1,2.512729266799733,2025,True
南京航空航天大学,2026,lag_pca2,2.542633040693054,2025,True
南京航空航天大学,2026,lag_factor1,2.521994957941969,2025,True
南京航空航天大学,2026,lag_cluster3,3.037970430107506,2025,True
武汉理工大学,2026,pooled,1.8250000000000028,2025,True
武汉理工大学,2026,lag_full,1.8855799361453283,2025,True
武汉理工大学,2026,lag_pca1,1.8237396966182498,2025,True
武汉理工大学,2026,lag_pca2,1.831035825149525,2025,True
武汉理工大学,2026,lag_factor1,1.8270786902841982,2025,True
武汉理工大学,2026,lag_cluster3,1.8934473426126488,2025,True
西北大学,2026,pooled,11.166666666666671,2025,True
西北大学,2026,lag_full,4.408469945355189,2025,True
西北大学,2026,lag_pca1,3.971766388634905,2025,True
西北大学,2026,lag_pca2,4.002572503890556,2025,True
西北大学,2026,lag_factor1,4.138622708824994,2025,True
西北大学,2026,lag_cluster3,4.82303051001822,2025,True
西南交通大学,2026,pooled,10.141666666666657,2025,True
西南交通大学,2026,lag_full,7.664583333333325,2025,True
西南交通大学,2026,lag_pca1,7.841043000668098,2025,True
西南交通大学,2026,lag_pca2,7.895518807342396,2025,True
西南交通大学,2026,lag_factor1,7.959794866282192,2025,True
西南交通大学,2026,lag_cluster3,7.376215277777768,2025,True
西安电子科技大学,2026,pooled,14.716666666666663,2025,True
西安电子科技大学,2026,lag_full,17.400000000000002,2025,True
西安电子科技大学,2026,lag_pca1,17.26007112320505,2025,True
西安电子科技大学,2026,lag_pca2,17.24004344230387,2025,True
西安电子科技大学,2026,lag_factor1,17.14448639647911,2025,True
西安电子科技大学,2026,lag_cluster3,16.003063725490204,2025,True
贵州大学,2026,pooled,19.10000000000001,2025,True
贵州大学,2026,lag_full,11.133771929824581,2025,True
贵州大学,2026,lag_pca1,11.29303857051481,2025,True
贵州大学,2026,lag_pca2,11.158108741534454,2025,True
贵州大学,2026,lag_factor1,11.441903993671824,2025,True
贵州大学,2026,lag_cluster3,11.357255116959074,2025,True
辽宁大学,2026,pooled,5.183333333333323,2025,True
辽宁大学,2026,lag_full,5.633269714647365,2025,True
辽宁大学,2026,lag_pca1,5.130583078611552,2025,True
辽宁大学,2026,lag_pca2,5.178284438245529,2025,True
辽宁大学,2026,lag_factor1,5.032273594354419,2025,True
辽宁大学,2026,lag_cluster3,4.809874972168198,2025,True
陕西师范大学,2026,pooled,8.416666666666663,2025,False
陕西师范大学,2026,lag_full,8.416666666666663,2025,False
陕西师范大学,2026,lag_pca1,8.416666666666663,2025,False
陕西师范大学,2026,lag_pca2,8.416666666666663,2025,False
陕西师范大学,2026,lag_factor1,8.416666666666663,2025,False
陕西师范大学,2026,lag_cluster3,8.416666666666663,2025,False
