school,year,candidate_n,score_iqr,bowley_skewness,pc1,pc2,descriptive_shape_cluster
上海交通大学,2022,44,10.5,0.14285714285714285,-26.20459705498984,0.37991324622117606,1
中国药科大学,2022,14,10.25,-0.17073170731707318,-35.074475337597235,-0.8159030687932622,1
华中师范大学,2022,26,20.25,-0.1111111111111111,-1.014537263016507,6.1993789869171785,2
哈尔滨工业大学,2022,27,27.5,0.2,9.278796526725799,-6.49245060259409,2
武汉大学,2022,16,15.5,-0.16129032258064516,-17.96465507164187,-3.029616540468991,1
上海交通大学,2023,48,25.5,0.09803921568627451,3.814081065567052,1.5593868937465327,2
东北大学,2023,27,17.0,0.11764705882352941,-8.197429025086514,-4.531679309940243,2
东南大学,2023,11,12.5,0.04,-16.71416352491996,0.004124385364219663,1
中国科学技术大学,2023,10,17.5,0.14285714285714285,-4.963328204331987,-12.156234633573845,2
内蒙古大学,2023,50,29.5,-0.11864406779661017,18.894245314585405,-3.5600957647706224,3
北京工业大学,2023,23,30.5,0.04918032786885246,34.42153340666343,14.559140281115926,3
华东师范大学,2023,40,12.5,0.0,-32.28156559907104,-1.04338612319252,1
华中农业大学,2023,27,17.5,0.02857142857142857,8.513894974325211,-16.63777260686836,2
厦门大学,2023,36,27.25,0.027522935779816515,15.584744330634067,1.3613959289487667,3
哈尔滨工业大学,2023,16,15.5,-0.12903225806451613,-0.0002774883108145332,12.974487250560058,2
四川大学,2023,13,44.0,0.6818181818181818,37.40955830243061,-1.4178442503179456,3
大连理工大学,2023,52,18.25,-0.0136986301369863,-18.032978113342814,3.0721451613121205,1
暨南大学,2023,50,23.25,0.11827956989247312,-6.085499728279167,0.6891106911889509,2
武汉理工大学,2023,42,20.75,-0.03614457831325301,-9.667370818916076,-0.7558572735036346,2
河北工业大学,2023,24,24.0,-0.3333333333333333,1.989805977283524,2.166726359505516,2
河海大学,2023,21,20.0,0.2,-7.308002004454117,2.6283509608981728,2
湖南师范大学,2023,23,20.5,-0.2682926829268293,-4.697509402443089,10.040471129302084,2
辽宁大学,2023,69,20.0,0.1,-7.105664861495782,-1.719108366783023,2
上海交通大学,2024,51,24.0,0.0,-2.8612645224353344,1.79334298617297,2
东南大学,2024,12,13.5,-0.5185185185185185,-17.706464180964886,7.309343276821967,1
中国人民大学,2024,29,16.0,0.25,-20.30914760662244,0.879068807499638,1
中央民族大学,2024,58,20.75,0.10843373493975904,-10.085624745000949,-0.33740382266302227,2
华中师范大学,2024,32,17.25,0.07246376811594203,-9.023712559764249,-6.45875335855604,2
华中科技大学,2024,25,20.0,0.5,-16.816567926168773,5.595503732542033,1
武汉大学,2024,11,18.5,-0.13513513513513514,-14.64811146207429,-5.099568488426138,2
湖南大学,2024,21,23.0,0.391304347826087,-3.0342274272360186,-4.615600179103675,2
福州大学,2024,21,16.0,0.25,-19.022474899640322,-0.02136267235358602,1
西北大学,2024,46,33.0,-0.015151515151515152,25.952042429192844,0.038421846436917484,3
上海交通大学,2025,60,23.25,0.0967741935483871,-3.7854650241484933,0.9092360405186541,2
中南大学,2025,26,22.75,0.4725274725274725,-11.467334803633186,-4.613886540345764,2
中国地质大学（北京）,2025,15,17.0,-0.29411764705882354,-11.868634005249213,-1.0726024705942185,2
中国地质大学（武汉）,2025,40,16.75,0.34328358208955223,-13.516543533424915,3.845093437322627,2
中国药科大学,2025,12,20.5,-0.17073170731707318,4.559370078529682,1.061479465711705,2
中央财经大学,2025,58,19.75,-0.08860759493670886,0.2873565431625167,-2.5036653216132105,2
兰州大学,2025,76,36.5,-0.0821917808219178,28.3539492151898,5.614487824475994,3
北京交通大学,2025,21,14.0,0.2857142857142857,-22.61536354353086,6.06308438794942,1
北京工业大学,2025,19,18.0,-0.16666666666666666,-23.95291907059088,2.706302252454144,1
华中农业大学,2025,12,9.75,0.38461538461538464,-35.05071725859637,-5.829426000090008,1
华中师范大学,2025,40,21.75,0.21839080459770116,-11.953871159489523,-0.6552786233046266,2
华中科技大学,2025,30,18.5,0.16216216216216217,-9.952281444606768,1.1675534287594012,2
南京大学,2025,14,16.0,0.25,-0.8453008390198704,-2.192592759408246,2
南京航空航天大学,2025,18,22.75,-0.01098901098901099,-12.319873590886907,2.6140833120194364,2
哈尔滨工业大学,2025,21,26.0,0.23076923076923078,9.966808871962499,-2.9170038541205496,2
大连理工大学,2025,15,20.0,-0.15,-18.592121472072193,4.709019612410003,1
新疆大学,2025,19,46.0,0.391304347826087,36.656979763156826,-7.527990651333063,3
暨南大学,2025,45,24.0,0.3333333333333333,7.914180699868254,-2.19433391895644,2
河北工业大学,2025,24,36.0,-0.013888888888888888,26.933672974596703,-4.017019153811832,3
河海大学,2025,31,20.5,-0.07317073170731707,-10.938590828285186,1.4677208000357558,2
湖南大学,2025,15,15.5,-0.0967741935483871,-21.661470607777467,-3.6310435302574007,1
湖南师范大学,2025,27,48.0,0.5208333333333334,41.68938671015958,-3.998893170870044,3
苏州大学,2025,15,19.5,-0.02564102564102564,-9.13904336657523,-3.4832918295615123,2
西北大学,2025,31,30.0,0.23333333333333334,35.83631924841035,1.6223883499825735,3
西南交通大学,2025,10,45.5,0.0,23.736233050800877,4.893031714758591,3
西安电子科技大学,2025,10,14.75,0.5932203389830508,-37.866644287060154,0.7658181928705199,1
贵州大学,2025,46,33.75,0.022222222222222223,29.871327964890526,1.6483254329407249,3
东北林业大学,2026,21,35.0,-0.02857142857142857,24.549327176283626,-2.279988350175259,3
东南大学,2026,19,15.0,0.06666666666666667,-29.80637856100713,4.9441437857405655,1
中国海洋大学,2026,11,17.5,0.2571428571428571,-25.644251091791922,2.4896399059655336,1
中国药科大学,2026,10,49.5,0.36363636363636365,35.60439411165754,-3.415379294316221,3
中央民族大学,2026,71,17.5,-0.2,-13.913447952644226,-2.4373940351820433,2
中央财经大学,2026,62,26.0,0.15384615384615385,8.109485075397984,-3.628482202101706,2
内蒙古大学,2026,44,44.5,-0.12359550561797752,64.40134398292898,3.647780356563202,3
南京大学,2026,11,11.5,-0.391304347826087,-37.27653440498361,0.503330467835398,1
南京理工大学,2026,15,30.5,0.4426229508196721,5.013778813562183,2.4130665240923745,2
南京航空航天大学,2026,22,21.5,0.3488372093023256,-10.214996897026026,-1.063917088954665,2
武汉理工大学,2026,54,16.5,-0.06060606060606061,-7.330268673769169,-2.711173575646292,2
西北大学,2026,41,31.0,-0.03225806451612903,26.36393715279192,-6.917723015671196,3
西南交通大学,2026,10,37.25,-0.15436241610738255,21.048837796419107,-0.907233229812622,3
西安电子科技大学,2026,14,31.5,-0.20634920634920634,28.736153816747816,18.079528194985244,3
贵州大学,2026,48,35.75,0.2867132867132867,47.13304631660749,-1.2223611712038878,3
辽宁大学,2026,64,29.5,0.11864406779661017,7.375824102613095,0.42721477569037525,2
陕西师范大学,2026,30,36.25,0.4482758620689655,18.531285450827923,-4.929323338396356,3
