kind,year,n,mae,rmse,bias_actual_minus_prediction,wis,q80_coverage,q80_mean_width,q90_coverage,q90_mean_width,q95_coverage,q95_mean_width,year_equal_mae
local_level,2024,10,12.919619124206429,17.347889685298817,-3.189284014805048,7.513056406099791,0.8,12.487763539495807,1.0,19.01533881963914,1.0,24.405923152926835,12.919619124206429
local_level,2025,27,19.028644606832657,23.146552675908204,-15.67538337326083,10.439244271263924,0.9629629629629629,16.639482194445375,1.0,25.337234382282876,1.0,32.51998826352894,19.028644606832657
local_level,2026,17,15.04843211329235,19.259219596331732,7.598939978881132,8.485280167333341,0.7058823529411765,17.48636122208277,0.8235294117647058,26.626792084015417,0.8823529411764706,34.17511765503068,15.04843211329235
local_level_equal_precision,2024,10,12.917726573641612,17.3202280168225,-3.205568991861702,7.519154476156734,0.9,12.463847011113057,1.0,18.97892069807969,1.0,24.359180999942584,12.917726573641612
local_level_equal_precision,2025,27,18.989916004241664,23.225615146021003,-15.617999343223493,10.466693531706605,0.9629629629629629,16.77959728819141,0.9629629629629629,25.550590118311977,1.0,32.79382738610003,18.989916004241664
local_level_equal_precision,2026,17,14.908377118654434,18.993347424438586,7.733570706239785,8.343732321402495,0.7058823529411765,17.55079728765008,0.8235294117647058,26.72491002283542,0.8823529411764706,34.30105066613705,14.908377118654434
prequential_selected,2024,10,11.486556550314532,15.382082664263228,-1.110678766294376,6.875775307206998,0.9,13.056786193275666,0.9,19.881799697397827,1.0,25.518013649876337,11.486556550314532
prequential_selected,2025,27,17.012910628114287,21.97630833478293,-13.888715002308391,9.831916235574617,0.9629629629629629,15.157095780674698,1.0,23.07997832275492,1.0,29.622831476166287,17.012910628114287
prequential_selected,2026,17,14.0294905147567,18.744513090380494,6.070014795958611,8.2905642695107,0.7647058823529411,16.687227975189188,0.8235294117647058,25.409937728657134,0.8823529411764706,32.613301998372194,14.0294905147567
random_intercept,2024,10,11.486556550314532,15.382082664263228,-1.110678766294376,6.875775307206998,0.9,13.056786193275666,0.9,19.881799697397827,1.0,25.518013649876337,11.486556550314532
random_intercept,2025,27,17.012910628114287,21.97630833478293,-13.888715002308391,9.831916235574617,0.9629629629629629,15.157095780674698,1.0,23.07997832275492,1.0,29.622831476166287,17.012910628114287
random_intercept,2026,17,14.0294905147567,18.744513090380494,6.070014795958611,8.2905642695107,0.7647058823529411,16.687227975189188,0.8235294117647058,25.409937728657134,0.8823529411764706,32.613301998372194,14.0294905147567
